time,sample_weight,e_superba_weight,e_superba_count,t_macrura_weight,t_macrura_count
15/01/1992,0,389,754,0,0
15/01/1992,0,478,860,0,0
15/01/1992,0,350,739,0,0
15/01/1992,0,269,888,0,0
15/01/1992,0,331,530,0,0
20/01/1992,0,267,445,0,0
20/01/1992,0,271,467,0,0
20/01/1992,0,364,587,0,0
20/01/1992,0,346,541,0,0
20/01/1992,0,278,534,0,0
25/01/1992,0,397,639,0,0
25/01/1992,0,433,941,0,0
25/01/1992,0,420,878,0,0
25/01/1992,0,234,395,234,2220
25/01/1992,0,240,595,25,125
30/01/1992,0,340,486,0,0
30/01/1992,0,328,713,0,0
30/01/1992,0,411,1013,0,0
30/01/1992,0,349,428,0,0
30/01/1992,0,293,670,0,0
4/02/1992,0,455,565,0,0
4/02/1992,0,509,1034,0,0
4/02/1992,0,660,1022,0,0
4/02/1992,0,355,619,0,0
4/02/1992,0,430,862,0,0
9/02/1992,0,400,552,0,0
9/02/1992,0,855,1450,0,0
9/02/1992,0,570,1123,0,0
9/02/1992,0,359,530,0,0
9/02/1992,0,401,1088,0,0
14/02/1992,0,300,587,0,0
14/02/1992,0,806,1612,0,0
14/02/1992,0,760,760,0,0
14/02/1992,0,357,515,0,0
14/02/1992,0,478,933,0,0
19/02/1992,0,336,519,0,0
19/02/1992,0,251,396,0,0
19/02/1992,0,445,662,0,0
19/02/1992,0,371,468,0,0
19/02/1992,0,315,612,0,0
11/01/1993,439,624,1376,0,0
11/01/1993,212,390,650,0,0
11/01/1993,220,466,645,0,0
11/01/1993,247,350,569,0,0
11/01/1993,113,141,329,0,0
19/01/1993,157,157,547,0,0
19/01/1993,207,207,759,0,0
19/01/1993,350,350,1203,0,0
19/01/1993,171,171,617,0,0
19/01/1993,187,187,556,0,0
23/01/1993,246,297,1025,0,0
23/01/1993,216,216,888,0,0
23/01/1993,140,174,514,0,0
23/01/1993,137,211,594,0,0
23/01/1993,174,198,526,0,0
30/01/1993,145,239,453,0,0
30/01/1993,216,563,728,0,0
30/01/1993,166,418,462,0,0
30/01/1993,199,566,448,0,0
30/01/1993,182,357,757,0,0
4/02/1993,213,446,617,0,0
4/02/1993,199,199,630,0,0
4/02/1993,260,738,781,0,0
4/02/1993,367,479,1099,0,0
4/02/1993,176,340,527,0,0
9/02/1993,260,404,753,0,0
9/02/1993,253,355,605,0,0
9/02/1993,254,414,650,0,0
9/02/1993,190,342,494,0,0
9/02/1993,199,430,415,0,0
14/02/1993,179,324,358,0,0
14/02/1993,215,30,77,185,231
14/02/1993,209,363,559,0,0
14/02/1993,277,518,604,0,0
14/02/1993,211,339,460,0,0
19/02/1993,170,520,354,0,0
19/02/1993,169,285,367,0,0
19/02/1993,235,435,490,0,0
19/02/1993,205,415,466,0,0
19/02/1993,397,489,818,120,2454
11/01/1994,255,484,405,0,0
11/01/1994,188,592,470,0,0
11/01/1994,315,315,814,0,0
11/01/1994,233,364,561,0,0
11/01/1994,107,238,218,0,0
16/01/1994,148,393,400,0,0
16/01/1994,233,468,431,0,0
16/01/1994,152,412,385,0,0
16/01/1994,146,256,280,0,0
16/01/1994,340,605,657,0,0
21/01/1994,138,258,296,0,0
21/01/1994,185,415,353,0,0
21/01/1994,166,481,368,0,0
21/01/1994,135,565,355,0,0
21/01/1994,71,71,132,0,0
26/01/1994,383,383,926,0,0
26/01/1994,150,150,375,0,0
26/01/1994,207,332,391,0,0
26/01/1994,181,361,427,0,0
26/01/1994,207,207,414,0,0
1/02/1994,211,306,440,0,0
1/02/1994,191,351,392,0,0
1/02/1994,186,281,465,0,0
1/02/1994,349,489,632,0,0
1/02/1994,181,241,461,0,0
7/02/1994,145,356,294,14,168
7/02/1994,196,361,377,20,240
7/02/1994,188,404,348,19,228
7/02/1994,129,276,280,13,156
7/02/1994,257,617,490,0,0
13/02/1994,145,185,290,0,0
13/02/1994,189,609,363,0,0
13/02/1994,378,378,727,0,0
13/02/1994,188,398,368,21,252
13/02/1994,351,351,650,0,0
18/02/1994,162,372,352,0,0
18/02/1994,239,215,498,184,1288
18/02/1994,290,410,498,24,288
18/02/1994,289,809,501,0,0
18/02/1994,161,286,355,0,0
11/01/1995,0,344,1222,10,120
11/01/1995,0,2,7,287,3444
11/01/1995,0,262,528,0,0
11/01/1995,192,344,453,0,0
11/01/1995,258,478,848,0,0
17/01/1995,252,392,695,0,0
17/01/1995,163,26,62,141,1765
17/01/1995,247,572,512,0,0
17/01/1995,303,300,560,303,3755
17/01/1995,80,210,162,0,0
22/01/1995,184,52,155,352,1900
22/01/1995,200,320,401,0,0
22/01/1995,234,659,468,0,0
22/01/1995,225,360,468,0,0
22/01/1995,350,588,811,0,0
27/01/1995,184,654,340,0,0
27/01/1995,355,825,553,0,0
27/01/1995,206,336,418,0,0
27/01/1995,250,440,469,0,0
27/01/1995,168,445,197,65,780
2/02/1995,253,603,441,0,0
2/02/1995,188,240,180,57,444
2/02/1995,232,332,365,0,0
2/02/1995,211,541,361,0,0
2/02/1995,252,612,449,0,0
6/02/1995,207,327,421,0,0
6/02/1995,285,765,570,0,0
6/02/1995,171,415,256,1,12
6/02/1995,184,514,374,0,0
6/02/1995,208,403,416,0,0
13/02/1995,218,461,383,1,12
13/02/1995,328,738,586,0,0
13/02/1995,103,102,170,0,0
13/02/1995,317,706,540,0,0
13/02/1995,229,473,133,0,0
18/02/1995,212,416,360,0,0
18/02/1995,218,366,454,1,12
18/02/1995,207,372,404,0,0
18/02/1995,136,344,230,1,12
18/02/1995,247,427,477,0,0
11/01/1996,195,195,287,0,0
11/01/1996,191,191,224,0,0
11/01/1996,147,342,220,0,0
11/01/1996,215,215,328,0,0
11/01/1996,243,238,466,5,60
16/01/1996,185,185,289,0,0
16/01/1996,213,213,713,0,0
16/01/1996,272,270,350,0,0
16/01/1996,204,203,392,0,0
16/01/1996,197,195,338,0,0
22/01/1996,300,300,988,0,0
22/01/1996,65,212,528,0,0
22/01/1996,332,332,690,0,0
22/01/1996,379,187,291,187,2244
22/01/1996,259,343,687,150,1800
27/01/1996,215,349,860,0,0
27/01/1996,277,276,426,0,0
27/01/1996,259,259,426,0,0
27/01/1996,175,115,175,58,696
27/01/1996,155,153,220,58,696
1/02/1996,140,49,42,108,1296
1/02/1996,203,192,358,0,0
1/02/1996,137,129,168,0,0
1/02/1996,141,160,267,0,0
1/02/1996,237,601,314,0,0
6/02/1996,191,190,278,0,0
6/02/1996,245,241,448,0,0
6/02/1996,130,130,159,0,0
6/02/1996,258,248,810,0,0
6/02/1996,141,141,371,0,0
11/02/1996,150,300,342,0,0
11/02/1996,232,356,576,0,0
11/02/1996,166,161,540,0,0
11/02/1996,154,140,190,2,24
11/02/1996,152,297,395,0,0
17/02/1996,142,227,336,0,0
17/02/1996,209,22,12,388,3860
17/02/1996,162,120,214,27,540
17/02/1996,287,427,411,0,0
17/02/1996,366,366,610,0,0
6/01/1997,109,109,509,0,0
6/01/1997,144,399,669,0,0
6/01/1997,193,193,660,0,0
6/01/1997,198,468,737,0,0
6/01/1997,124,324,653,0,0
11/01/1997,160,160,475,1,12
11/01/1997,145,205,495,0,0
11/01/1997,203,297,783,1,12
11/01/1997,182,292,480,0,0
11/01/1997,157,405,758,1,12
16/01/1997,265,380,966,0,0
16/01/1997,187,367,655,0,0
16/01/1997,180,180,643,0,0
16/01/1997,235,400,552,0,0
16/01/1997,307,562,876,0,0
21/01/1997,283,583,1184,0,0
21/01/1997,87,87,423,0,0
21/01/1997,212,362,534,0,0
21/01/1997,167,277,705,0,0
21/01/1997,321,411,988,0,0
26/01/1997,270,270,855,0,0
26/01/1997,202,450,757,0,0
26/01/1997,275,400,670,225,2700
26/01/1997,320,400,852,245,2940
26/01/1997,214,354,1095,0,0
31/01/1997,199,669,730,0,0
31/01/1997,235,695,847,0,0
31/01/1997,185,235,672,0,0
31/01/1997,376,476,1547,0,0
31/01/1997,136,286,335,0,0
5/02/1997,273,698,1330,0,0
5/02/1997,129,194,282,0,0
5/02/1997,249,457,863,0,0
5/02/1997,260,530,660,0,0
5/02/1997,323,502,607,0,0
10/02/1997,317,697,704,0,0
10/02/1997,202,462,808,0,0
10/02/1997,221,351,654,0,0
10/02/1997,271,271,892,0,0
10/02/1997,216,626,816,0,0
15/02/1997,320,420,1341,0,0
15/02/1997,246,346,666,0,0
15/02/1997,135,145,464,0,0
15/02/1997,146,271,504,0,0
15/02/1997,275,374,921,0,0
6/01/1998,142,177,525,0,0
6/01/1998,174,289,568,0,0
6/01/1998,163,243,720,0,0
6/01/1998,142,177,828,0,0
6/01/1998,187,232,1201,0,0
11/01/1998,439,434,1598,60,720
11/01/1998,192,422,658,0,0
11/01/1998,109,158,402,16,192
11/01/1998,230,305,829,0,0
11/01/1998,137,116,505,20,240
16/01/1998,103,103,511,0,0
16/01/1998,134,444,433,0,0
16/01/1998,110,110,448,0,0
16/01/1998,280,385,1444,0,0
16/01/1998,232,232,899,0,0
21/01/1998,240,420,707,0,0
21/01/1998,202,522,673,0,0
21/01/1998,235,455,673,0,0
21/01/1998,265,485,964,0,0
21/01/1998,200,550,722,0,0
26/01/1998,195,365,498,0,0
26/01/1998,187,437,907,0,0
26/01/1998,238,238,849,0,0
26/01/1998,142,342,455,0,0
26/01/1998,275,305,1372,0,0
31/01/1998,153,278,464,0,0
31/01/1998,182,342,609,0,0
31/01/1998,221,220,684,0,0
31/01/1998,164,289,481,0,0
31/01/1998,222,546,610,0,0
5/02/1998,286,441,868,0,0
5/02/1998,196,306,567,0,0
5/02/1998,249,503,686,0,0
5/02/1998,330,390,1143,0,0
5/02/1998,176,205,585,0,0
10/02/1998,180,340,401,0,0
10/02/1998,272,448,693,99,1188
10/02/1998,196,193,282,128,1536
10/02/1998,107,457,479,0,0
10/02/1998,175,500,462,0,0
15/02/1998,228,318,638,0,0
15/02/1998,218,343,685,0,0
15/02/1998,229,404,640,0,0
15/02/1998,239,364,718,0,0
15/02/1998,363,387,995,0,0
20/02/1998,240,289,577,0,0
20/02/1998,126,126,372,0,0
20/02/1998,253,368,659,0,0
20/02/1998,175,200,447,0,0
20/02/1998,192,397,532,0,0
6/01/1999,154,404,500,0,0
6/01/1999,148,413,436,0,0
6/01/1999,199,379,668,0,0
6/01/1999,180,205,402,0,0
6/01/1999,144,285,435,0,0
11/01/1999,208,398,627,0,0
11/01/1999,139,244,443,0,0
11/01/1999,161,316,433,0,0
11/01/1999,210,340,520,0,0
11/01/1999,139,279,325,0,0
16/01/1999,204,394,614,0,0
16/01/1999,173,573,499,0,0
16/01/1999,197,312,555,30,330
16/01/1999,276,401,618,0,0
16/01/1999,166,336,473,0,0
21/01/1999,206,185,499,70,770
21/01/1999,257,357,731,0,0
21/01/1999,153,343,485,0,0
21/01/1999,159,259,371,0,0
21/01/1999,240,640,447,0,0
26/01/1999,160,310,387,0,0
26/01/1999,249,364,629,0,0
26/01/1999,146,321,355,0,0
26/01/1999,208,358,695,0,0
26/01/1999,225,450,603,0,0
1/02/1999,263,368,510,0,0
1/02/1999,183,393,434,0,0
1/02/1999,318,452,938,0,0
1/02/1999,207,357,553,0,0
1/02/1999,272,442,640,0,0
5/02/1999,204,204,476,0,0
5/02/1999,218,388,544,0,0
5/02/1999,136,241,344,0,0
5/02/1999,138,263,305,0,0
5/02/1999,152,297,335,0,0
11/02/1999,451,501,928,0,0
11/02/1999,258,393,544,0,0
11/02/1999,245,320,481,0,0
11/02/1999,279,469,507,0,0
11/02/1999,181,296,411,0,0
16/02/1999,268,528,536,0,0
16/02/1999,116,116,243,0,0
16/02/1999,149,249,282,0,0
16/02/1999,230,230,512,0,0
16/02/1999,211,261,445,0,0
9/01/2000,189,419,335,0,0
9/01/2000,120,120,208,0,0
9/01/2000,224,274,432,0,0
9/01/2000,199,284,391,0,0
9/01/2000,211,211,420,0,0
13/01/2000,294,294,428,0,0
13/01/2000,129,129,189,0,0
13/01/2000,285,577,549,0,0
13/01/2000,142,245,282,0,0
13/01/2000,245,585,331,0,0
18/01/2000,206,286,287,0,0
18/01/2000,254,454,395,0,0
18/01/2000,153,333,219,0,0
18/01/2000,157,312,348,0,0
18/01/2000,195,315,239,0,0
25/01/2000,208,208,356,0,0
25/01/2000,221,221,418,0,0
25/01/2000,151,231,237,0,0
25/01/2000,114,174,196,0,0
25/01/2000,160,305,297,0,0
29/01/2000,133,218,275,0,0
29/01/2000,161,161,308,0,0
29/01/2000,261,381,447,0,0
29/01/2000,180,229,286,0,0
29/01/2000,349,349,578,0,0
4/02/2000,90,89,116,0,0
4/02/2000,168,503,337,0,0
4/02/2000,214,213,281,0,0
4/02/2000,235,235,504,0,0
4/02/2000,195,193,265,0,0
7/02/2000,175,265,298,1,8
7/02/2000,198,198,351,0,0
7/02/2000,272,449,459,0,0
7/02/2000,273,438,471,0,0
7/02/2000,206,231,385,0,0
11/02/2000,248,448,423,0,0
11/02/2000,230,395,433,0,0
11/02/2000,243,323,432,0,0
11/02/2000,280,455,437,0,0
11/02/2000,257,417,449,0,0
27/12/2000,134,329,380,0,0
27/12/2000,92,112,143,0,0
27/12/2000,246,326,451,0,0
27/12/2000,77,76,96,0,0
27/12/2000,256,361,617,0,0
9/01/2001,261,446,603,0,0
9/01/2001,198,346,367,0,0
9/01/2001,186,411,408,0,0
9/01/2001,283,473,509,0,0
9/01/2001,280,530,516,0,0
12/01/2001,258,120,112,138,3820
12/01/2001,48,48,48,0,0
12/01/2001,263,254,309,0,0
12/01/2001,179,229,439,0,0
12/01/2001,239,236,236,0,0
18/01/2001,302,517,275,0,0
18/01/2001,170,345,114,0,0
18/01/2001,166,425,211,0,0
18/01/2001,148,148,214,0,0
18/01/2001,256,256,409,0,0
24/01/2001,180,205,381,0,0
24/01/2001,216,275,251,0,0
24/01/2001,204,176,219,88,1232
24/01/2001,188,283,214,0,0
24/01/2001,141,140,167,0,0
30/01/2001,316,621,781,0,0
30/01/2001,267,104,101,313,2504
30/01/2001,516,706,548,0,0
30/01/2001,193,8,11,348,2784
30/01/2001,298,508,334,0,0
3/02/2001,100,94,98,1,6
3/02/2001,226,200,417,24,208
3/02/2001,154,146,140,120,790
3/02/2001,75,380,94,1,8
3/02/2001,198,392,892,0,0
10/02/2001,326,636,926,0,0
10/02/2001,223,542,326,0,0
10/02/2001,176,315,223,0,0
10/02/2001,241,238,740,0,0
10/02/2001,146,846,135,0,0
15/02/2001,275,425,403,0,0
15/02/2001,314,618,356,0,0
15/02/2001,173,334,194,0,0
15/02/2001,240,288,351,0,0
15/02/2001,302,352,384,0,0
5/12/2001,37,47,112,0,0
5/12/2001,74,85,288,0,0
5/12/2001,0,0,0,0,0
5/12/2001,33,33,64,0,0
28/12/2001,262,296,636,0,0
28/12/2001,151,146,211,0,0
28/12/2001,115,185,228,0,0
28/12/2001,30,17,34,0,0
28/12/2001,126,137,216,0,0
7/01/2002,0,0,0,0,0
7/01/2002,368,368,1147,0,0
7/01/2002,241,295,874,0,0
7/01/2002,167,223,485,0,0
7/01/2002,170,330,680,0,0
15/01/2002,226,225,1374,0,0
15/01/2002,197,442,847,0,0
15/01/2002,115,225,164,0,0
15/01/2002,365,363,747,0,0
15/01/2002,323,372,1002,0,0
21/01/2002,85,356,117,0,0
21/01/2002,84,71,101,3,18
21/01/2002,156,471,187,0,0
21/01/2002,237,807,487,0,0
21/01/2002,116,191,253,0,0
31/01/2002,173,320,435,0,0
31/01/2002,213,102,150,0,0
31/01/2002,256,383,434,0,0
31/01/2002,112,45,45,2,12
31/01/2002,265,248,260,8,48
9/02/2002,153,17,7,0,0
9/02/2002,495,325,438,0,0
9/02/2002,216,293,126,0,0
9/02/2002,261,526,891,0,0
9/02/2002,485,357,1014,0,0
22/02/2002,120,96,309,3,18
22/02/2002,0,40,0,0,0
22/02/2002,245,240,620,0,0
10/12/2002,105,190,427,0,0
10/12/2002,194,303,679,0,0
10/12/2002,58,128,286,0,0
10/12/2002,146,220,646,0,0
10/12/2002,72,99,293,0,0
22/12/2002,74,73,236,0,0
22/12/2002,0,0,0,0,0
22/12/2002,34,34,151,0,0
22/12/2002,53,63,166,0,0
22/12/2002,195,275,912,0,0
29/12/2002,159,249,512,0,0
29/12/2002,154,154,698,0,0
29/12/2002,22,147,130,0,0
29/12/2002,140,155,675,0,0
29/12/2002,151,216,628,0,0
5/01/2003,149,174,496,0,0
5/01/2003,337,542,1380,0,0
5/01/2003,165,273,375,1,1
5/01/2003,236,236,1390,0,0
5/01/2003,182,292,987,0,0
15/01/2003,191,306,947,0,0
15/01/2003,177,176,551,0,0
15/01/2003,195,320,827,0,0
15/01/2003,368,548,910,0,0
27/01/2003,104,103,385,0,0
27/01/2003,215,300,820,0,0
27/01/2003,83,173,367,0,0
27/01/2003,214,522,890,0,0
27/01/2003,80,186,319,0,0
10/02/2003,352,352,1108,0,0
10/02/2003,179,264,506,0,0
10/02/2003,202,302,502,0,0
10/02/2003,60,60,124,0,0
15/01/2004,248,458,826,0,0
15/01/2004,147,242,462,0,0
15/01/2004,180,180,530,0,0
15/01/2004,82,252,272,0,0
15/01/2004,219,354,1186,0,0
25/01/2004,312,342,1005,0,0
25/01/2004,89,89,247,0,0
25/01/2004,78,78,275,0,0
25/01/2004,153,298,430,0,0
25/01/2004,138,198,762,0,0
5/02/2004,221,311,593,0,0
5/02/2004,101,247,273,2,0
5/02/2004,160,441,275,0,0
5/02/2004,262,337,661,0,0
5/02/2004,79,149,159,10,0
12/01/2005,299,299,526,0,0
12/01/2005,217,426,484,0,0
12/01/2005,205,445,459,0,0
12/01/2005,179,274,381,0,0
12/01/2005,249,354,488,0,0
21/01/2005,193,421,404,0,0
21/01/2005,231,392,441,0,0
21/01/2005,198,198,381,0,0
21/01/2005,148,378,317,0,0
21/01/2005,161,161,316,0,0
1/02/2005,255,252,564,0,0
1/02/2005,157,222,353,0,0
1/02/2005,268,663,549,0,0
1/02/2005,163,53,106,107,0
1/02/2005,146,315,219,0,0
27/12/2005,0,0,0,0,0
27/12/2005,143,20,25,123,0
27/12/2005,291,148,228,143,0
27/12/2005,249,171,264,74,0
27/12/2005,150,149,234,0,0
27/12/2005,177,172,247,0,0
11/01/2006,228,228,341,0,0
11/01/2006,196,196,247,0,0
11/01/2006,216,7,6,208,0
11/01/2006,129,129,195,0,0
11/01/2006,172,170,328,0,0
25/01/2006,160,0,0,160,0
25/01/2006,300,0,0,300,0
30/01/2006,115,104,104,0,0
30/01/2006,135,126,159,8,0
6/01/2007,132.7,132.7,454,0,0
6/01/2007,134.1,134.1,500,0,0
6/01/2007,219.2,219.2,1218,0,0
6/01/2007,225.7,225.7,1918,0,0
6/01/2007,69.1,69.1,104,0,0
13/01/2007,179,179,585,0,0
13/01/2007,188,188,686,0,0
13/01/2007,205.6,205.6,554,0,0
13/01/2007,188.8,188.8,458,0,0
13/01/2007,219.2,218.2,736,0,0
19/01/2007,199.5,199.5,326,0,0
19/01/2007,163.2,163.2,394,0,0
19/01/2007,147.3,147.3,424,0,0
19/01/2007,296.5,296.5,1009,0,0
19/01/2007,107.6,106.6,322,0,0
26/01/2007,279.3,279.3,965,0,0
26/01/2007,276.1,276.1,365,0,0
26/01/2007,96.2,96.2,107,0,0
26/01/2007,258.7,257.5,494,0,0
26/01/2007,237.8,237.8,748,0,0
2/02/2007,301.8,301.8,1215,0,0
2/02/2007,362.5,362.5,736,0,0
2/02/2007,184.1,184.1,398,0,0
2/02/2007,197.4,197.4,317,0,0
2/02/2007,239.1,239.1,539,0,0
4/01/2008,225.8,215.8,729,0,0
4/01/2008,132.4,132.4,257,0,0
4/01/2008,228.8,152.8,438,0,0
4/01/2008,137,137,383,0,0
4/01/2008,185.9,185.9,491,0,0
11/01/2008,244.9,226.9,911,0,0
11/01/2008,252.1,251.1,969,0,0
11/01/2008,192.9,192.9,780,0,0
11/01/2008,331.7,276.7,859,0,0
11/01/2008,159.2,159.2,555,0,0
18/01/2008,202.5,202.5,904,0,0
18/01/2008,167.5,167.5,344,0,0
18/01/2008,377.9,376.9,1461,0,0
18/01/2008,398.2,193.2,748,0,0
18/01/2008,153.5,117.5,302,0,0
27/01/2008,213.9,213.9,902,0,0
27/01/2008,181.6,181.6,499,0,0
27/01/2008,218.7,218.7,650,0,0
27/01/2008,348.2,227.2,563,0,0
27/01/2008,140.9,139.9,369,0,0
2/02/2008,430.7,224.7,877,0,0
2/02/2008,214.6,153.6,549,0,0
2/02/2008,153.3,153.3,529,0,0
2/02/2008,182.5,96.5,214,0,0
2/02/2008,308.9,253.9,887,0,0
7/01/2009,180.4,180.4,747,0,0
7/01/2009,182.7,161.7,408,0,0
19/01/2009,318.6,318.6,693,0,0
19/01/2009,3.7,3.7,16,0,0
19/01/2009,145.5,145.5,215,0,0
19/01/2009,232.5,232.5,483,0,0
19/01/2009,264,263,980,0,0
26/01/2009,75.4,75.4,173,0,0
26/01/2009,150.1,150.1,374,0,0
26/01/2009,24.8,24.8,84,0,0
26/01/2009,78.9,78.9,213,0,0
26/01/2009,137.3,137.3,335,0,0
2/02/2009,174.3,174.3,457,0,0
2/02/2009,224.8,224.8,346,0,0
2/02/2009,86.8,86.8,166,0,0
2/02/2009,79.6,79.6,125,0,0
2/02/2009,99.6,98.6,215,0,0
3/01/2010,87,86,212,0,0
3/01/2010,100,130,205,0,0
3/01/2010,70,69,115,0,0
12/01/2010,103,183,329,0,0
12/01/2010,91,91,169,0,0
12/01/2010,224,247,468,2,10
12/01/2010,156,204,308,0,0
12/01/2010,116,141,407,0,0
19/01/2010,258,282,458,0,0
19/01/2010,253,342,397,0,0
19/01/2010,91,152,159,0,0
19/01/2010,318,342,477,0,0
19/01/2010,331,475,548,0,0
26/01/2010,209,209,351,0,0
26/01/2010,216,253,362,0,0
26/01/2010,162,208,272,18,90
26/01/2010,77,147,186,0,0
26/01/2010,202,201,388,0,0
4/02/2010,205,304,641,1,NaN
4/02/2010,348,348,697,0,0
4/02/2010,267,386,592,0,0
4/02/2010,246,371,470,0,0
4/02/2010,104,103,195,0,0
1/01/2011,324,162,507,162,2464
1/01/2011,422,7,8,174,1392
1/01/2011,311,8.1,14,302,2416
1/01/2011,259,30,54,229,1832
1/01/2011,241,240,248,0,0
7/01/2011,193,11,12,183,1464
7/01/2011,205,203,148,0,0
7/01/2011,304,8,12,295,2360
7/01/2011,326,325,1005,0,0
7/01/2011,151,148,467,1,8
15/01/2011,282,282,2209,0,0
15/01/2011,119,119,534,0,0
15/01/2011,272,215,263,57,456
15/01/2011,214,213,596,0,0
15/01/2011,194,194,360,0,0
21/01/2011,200.7,43.6,108,157.1,1256.8
21/01/2011,324,82,97,241,1928
21/01/2011,197,177,778,20,160
21/01/2011,212,26.7,170,175.3,1402.4
21/01/2011,192,192,397,0,0
27/01/2011,264,264,323,0,0
27/01/2011,89,33,43,54,432
27/01/2011,105,104,145,0,0
27/01/2011,397,395,849,0,0
27/01/2011,237,127,142,108,864
8/01/2012,107,107,309,0,0
8/01/2012,125,157,222,0,0
8/01/2012,104,103,307,0,0
8/01/2012,129,128,299,0,0
8/01/2012,84,84,147,0,0
19/01/2012,96,96,246,0,0
19/01/2012,110,110,277,0,0
19/01/2012,140,141,409,0,0
19/01/2012,63,63,165,0,0
19/01/2012,61,60,610,0,0
26/01/2012,216,215,462,0,0
26/01/2012,121,120,1659,0,0
26/01/2012,135,133,489,0,0
26/01/2012,132,132,373,0,0
26/01/2012,107,106,405,0,0
3/01/2013,199,199,1089,0,0
3/01/2013,188,188,1102,0,0
3/01/2013,177.8,177.8,1266,0,0
3/01/2013,212,187,1206,0,0
3/01/2013,30,30,30,0,0
9/01/2013,177,175,993,0,0
9/01/2013,93,93,584,0,0
9/01/2013,144,144,642,0,0
9/01/2013,217,217,1206,0,0
9/01/2013,257,257,843,0,0
16/01/2013,178,178,858,0,0
16/01/2013,182,182,987,0,0
16/01/2013,240,239,1221,0,0
16/01/2013,158,158,909,0,0
16/01/2013,138,137,732,0,0
23/01/2013,109.3,109.3,510,0,0
23/01/2013,109.6,109.6,418,0,0
23/01/2013,363,363,1866,0,0
23/01/2013,363.5,362.5,1147,0,0
23/01/2013,328.7,328.7,1713,0,0
28/01/2013,220,220,1057,0,0
28/01/2013,279.2,278.2,1372,0,0
28/01/2013,232.7,232.7,1157,0,0
28/01/2013,291,291,1344,0,0
28/01/2013,328,327,1399,0,0
6/01/2014,0,0,0,0,0
6/01/2014,0,0,0,0,0
6/01/2014,0,0,0,0,0
6/01/2014,65.96,64.96,49,0,0
16/01/2014,170.22,169.22,276,0,0
16/01/2014,148,148,556,0,0
16/01/2014,32.87,31.8,47,0,0
16/01/2014,107.25,106.25,187,0,0
16/01/2014,86,86,NaN,0,0
22/01/2014,26.06,25.06,52,0,0
22/01/2014,244.81,244.81,448,0,0
22/01/2014,86.47,85.47,150,0,0
22/01/2014,154.9,153.9,437,0,0
22/01/2014,203,201,444,0,0
27/01/2014,109,109,164,0,0
27/01/2014,69.36,69.36,172,0,0
27/01/2014,120.4,120.4,589,0,0
27/01/2014,184,184,521,0,0
27/01/2014,151.84,151.84,279,0,0
1/02/2014,168.73,168.73,608,0,0
1/02/2014,197,197,362,0,0
1/02/2014,219.11,218,339,0,0
1/02/2014,116.2,116.2,343,0,0
1/02/2014,156.6,156.6,465,0,0
3/01/2015,229.8,274.8,426,0,0
3/01/2015,99.4,99.4,277,0,0
3/01/2015,129,289,805,0,0
3/01/2015,207,207,451,0,0
3/01/2015,199.7,199.7,373,0,0
11/01/2015,23.9,23.9,67,0,0
11/01/2015,128.5,203.5,581,0,0
11/01/2015,106,166,377,0,0
11/01/2015,169.8,169.8,326,0,0
11/01/2015,97.8,97.8,195,0,0
18/01/2015,327.3,397.3,796,0,0
18/01/2015,236.5,236.5,415,0,0
18/01/2015,145.5,240.5,387,0,0
18/01/2015,263.1,378.1,707,0,0
18/01/2015,185.5,245.5,444,0,0
26/01/2015,194.6,194.6,388,0,0
26/01/2015,470.7,469.4,856,0,0
26/01/2015,179.2,179.2,298,0,0
26/01/2015,286.5,93.1,155,193.4,4255
26/01/2015,293,337,716,0,0
3/02/2015,376.6,376.6,511,0,0
3/02/2015,155.6,142.4,213,12.2,440
3/02/2015,264.5,264.5,397,0,0
3/02/2015,57.6,56.6,83,0,0
3/02/2015,65.7,64.7,119,0,0
9/02/2015,422.7,422.7,732,0,0
9/02/2015,180.2,180.2,258,0,0
6/01/2016,129.7,128.7,167,0,0
6/01/2016,69.34,69.34,88,0,0
6/01/2016,97.2,97.2,153,0,0
6/01/2016,59.09,58.09,94,0,0
6/01/2016,32.5,32.5,NaN,0,0
12/01/2016,59.38,59.38,97,0,0
12/01/2016,147.2,145.2,183,0,0
12/01/2016,113.37,113.37,159,0,0
12/01/2016,314.2,313.2,535,0,0
12/01/2016,130.85,129.85,216,0,0
18/01/2016,194.25,193.25,297,0,0
18/01/2016,153.98,152.98,239,0,0
18/01/2016,115.82,112.02,162,0,0
18/01/2016,182.29,181.29,381,0,0
18/01/2016,310.5,309.5,549,0,0
25/01/2016,204.34,201.69,573,1,8
25/01/2016,140.2,139.2,220,0,0
25/01/2016,138.82,137.82,208,0,0
25/01/2016,145.11,52.77,65,91.34,2421
25/01/2016,174.38,167.56,206,4.82,155
5/01/2017,69.76,68.76,146,0,0
5/01/2017,202.9,202.9,340,0,0
5/01/2017,113.86,113.86,232,0,0
5/01/2017,167,166,815,0,0
5/01/2017,309.6,308.6,571,0,0
10/01/2017,227.12,227.12,343,0,0
10/01/2017,178.26,178.26,424,0,0
10/01/2017,177,177,290,0,0
10/01/2017,137.2,136.2,192,0,0
10/01/2017,90,89,169,0,0
15/01/2017,211.95,211.95,421,0,0
15/01/2017,252.05,162.4,280,88.65,709
15/01/2017,185.43,46.72,95,138.71,1110
15/01/2017,56.27,56.27,67,0,0
15/01/2017,174.85,166.65,288,0,0
22/01/2017,166.58,165.58,232,0,0
22/01/2017,158.78,158.78,253,0,0
22/01/2017,89,82,137,0,0
22/01/2017,128.88,128.88,190,0,0
22/01/2017,49.86,11.59,77,0,0
3/01/2018,205.9,204.9,439,0,0
3/01/2018,166.3,166.3,462,0,0
3/01/2018,239.9,239.9,429,0,0
3/01/2018,149.5,149.5,563,0,0
3/01/2018,188.6,187.6,517,0,0
8/01/2018,154.36,154.36,436,0,0
8/01/2018,365.32,365.32,659,0,0
8/01/2018,114.16,114.16,311,0,0
8/01/2018,156.4,156.4,728,0,0
8/01/2018,115.1,115.1,519,0,0
15/01/2018,463.93,463.93,1122,0,0
15/01/2018,143.5,143.5,387,0,0
15/01/2018,129.7,129.7,631,0,0
15/01/2018,228.7,228.2,755,0,0
15/01/2018,213.54,213.54,535,0,0
23/01/2018,169.3,169.3,409,0,0
23/01/2018,227.62,226.62,471,0,0
23/01/2018,189.06,189.06,553,0,0
23/01/2018,251.6,251.6,881,0,0
23/01/2018,168.93,167.93,450,0,0
29/01/2018,104.33,104.33,497,0,0
29/01/2018,110.97,110.97,282,0,0
29/01/2018,72.3,70.2,245,0,0
29/01/2018,296.5,295.5,881,0,0
29/01/2018,187.2,186.2,556,0,0
