<?xml version="1.0" encoding="UTF-8"?>
<qr:qualityReport
  xmlns="eml://ecoinformatics.org/qualityReport"
  xmlns:qr="eml://ecoinformatics.org/qualityReport"
  xmlns:xsi="http://www.w3.org/2001/XMLSchema-instance"
  xsi:schemaLocation="eml://ecoinformatics.org/qualityReport https://raw.githubusercontent.com/PASTAplus/PASTA/master/DataPackageManager/WebRoot/xml/qualityReportSchema.xsd"
  >
  <creationDate>2022-03-23T10:19:05</creationDate>
  <packageId>knb-lter-pal.34.7</packageId>
  <includeSystem>lter</includeSystem>
  <includeSystem>knb</includeSystem>
  <datasetReport>
    <qualityCheck qualityType="metadata" system="lter" statusType="error" >
      <identifier>packageIdPattern</identifier>
      <name>packageId pattern matches "scope.identifier.revision"</name>
      <description>Check against LTER requirements for scope.identifier.revision</description>
      <expected>'scope.n.m', where 'n' and 'm' are integers and 'scope' is one of an allowed set of values</expected>
      <found>knb-lter-pal.34.7</found>
      <status>valid</status>
      <explanation></explanation>
      <suggestion></suggestion>
      <reference></reference>
    </qualityCheck>
    <qualityCheck qualityType="metadata" system="lter" statusType="error" >
      <identifier>emlVersion</identifier>
      <name>EML version 2.1.0 or beyond</name>
      <description>Check the EML document declaration for version 2.1.0 or higher</description>
      <expected>eml://ecoinformatics.org/eml-2.1.0 or higher</expected>
      <found>https://eml.ecoinformatics.org/eml-2.2.0</found>
      <status>valid</status>
      <explanation>Validity of this quality report is dependent on this check being valid.</explanation>
      <suggestion></suggestion>
      <reference></reference>
    </qualityCheck>
    <qualityCheck qualityType="metadata" system="knb" statusType="error" >
      <identifier>schemaValid</identifier>
      <name>Document is schema-valid EML</name>
      <description>Check document schema validity</description>
      <expected>schema-valid</expected>
      <found>Document validated for namespace: 'https://eml.ecoinformatics.org/eml-2.2.0'</found>
      <status>valid</status>
      <explanation>Validity of this quality report is dependent on this check being valid.</explanation>
      <suggestion></suggestion>
      <reference></reference>
    </qualityCheck>
    <qualityCheck qualityType="metadata" system="knb" statusType="error" >
      <identifier>parserValid</identifier>
      <name>Document is EML parser-valid</name>
      <description>Check document using the EML IDs and references parser</description>
      <expected>Validates with the EML IDs and references parser</expected>
      <found>EML IDs and references parser succeeded</found>
      <status>valid</status>
      <explanation>Validity of this quality report is dependent on this check being valid.</explanation>
      <suggestion></suggestion>
      <reference></reference>
    </qualityCheck>
    <qualityCheck qualityType="metadata" system="lter" statusType="error" >
      <identifier>schemaValidDereferenced</identifier>
      <name>Dereferenced document is schema-valid EML</name>
      <description>References are dereferenced, and the resulting file validated</description>
      <expected>schema-valid</expected>
      <found>Dereferenced document validated for namespace: 'https://eml.ecoinformatics.org/eml-2.2.0'</found>
      <status>valid</status>
      <explanation>Validity of this quality report is dependent on this check being valid.</explanation>
      <suggestion></suggestion>
      <reference></reference>
    </qualityCheck>
    <qualityCheck qualityType="metadata" system="lter" statusType="warn" >
      <identifier>keywordPresent</identifier>
      <name>keyword element is present</name>
      <description>Checks to see if at least one keyword is present</description>
      <expected>Presence of one or more keyword elements</expected>
      <found>9 'keyword' element(s) found</found>
      <status>valid</status>
      <explanation></explanation>
      <suggestion></suggestion>
      <reference></reference>
    </qualityCheck>
    <qualityCheck qualityType="metadata" system="lter" statusType="warn" >
      <identifier>methodsElementPresent</identifier>
      <name>A 'methods' element is present</name>
      <description>All datasets should contain a 'methods' element, at a minimum a link to a separate methods doc.</description>
      <expected>presence of 'methods' at one or more xpaths.</expected>
      <found>1 'methods' element(s) found</found>
      <status>valid</status>
      <explanation></explanation>
      <suggestion></suggestion>
      <reference>EML Best Practices, p. 28</reference>
    </qualityCheck>
    <qualityCheck qualityType="metadata" system="lter" statusType="warn" >
      <identifier>coveragePresent</identifier>
      <name>coverage element is present</name>
      <description>At least one coverage element should be present in a dataset.</description>
      <expected>At least one of geographicCoverage, taxonomicCoverage, or temporalCoverage is present in the EML.</expected>
      <found>1 'coverage' element(s) found</found>
      <status>valid</status>
      <explanation></explanation>
      <suggestion></suggestion>
      <reference></reference>
    </qualityCheck>
    <qualityCheck qualityType="metadata" system="lter" statusType="info" >
      <identifier>geographicCoveragePresent</identifier>
      <name>geographicCoverage is present</name>
      <description>Check that geographicCoverage exists in EML at the dataset level, or at least one entity's level, or at least one attribute's level.</description>
      <expected>geographicCoverage at least at the dataset level.</expected>
      <found>1 'geographicCoverage' element(s) found</found>
      <status>info</status>
      <explanation>Many but not all datasets are appropriate to have spatial coverage.</explanation>
      <suggestion>If sampling EML is used within methods, does that obviate geographicCoverage? Or should those sites be repeated or referenced?</suggestion>
      <reference>EML Best Practices v.2, p. 22-23. "One geographicCoverage element should be included, whose boundingCoordinates describe the extent of the data....Additional geographicCoverage elements may be entered at the dataset level if there are significant distances between study sites and it would be confusing if they were grouped into one bounding box." 6 decimal places.</reference>
    </qualityCheck>
    <qualityCheck qualityType="metadata" system="lter" statusType="info" >
      <identifier>taxonomicCoveragePresent</identifier>
      <name>taxonomicCoverage is present</name>
      <description>Check that taxonomicCoverage exists in EML at the dataset level, or at least one entity's level, or at least one attribute's level.</description>
      <expected>taxonomicCoverage at least at the dataset level.</expected>
      <found>0 'taxonomicCoverage' element(s) found</found>
      <status>info</status>
      <explanation>Only when taxa are pertinent to the dataset will they have taxonomicCoverage.</explanation>
      <suggestion>Could search title, abstract, keywords for any taxonomic name (huge). Could search keywordType="taxonomic".</suggestion>
      <reference>EML Best Practices v.2, p. 25</reference>
    </qualityCheck>
    <qualityCheck qualityType="metadata" system="lter" statusType="info" >
      <identifier>temporalCoveragePresent</identifier>
      <name>temporalCoverage is present</name>
      <description>Check that temporalCoverage exists in EML at the dataset level, or at least one entity's level, or at least one attribute's level.</description>
      <expected>temporalCoverage at least at the dataset level.</expected>
      <found>1 'temporalCoverage' element(s) found</found>
      <status>info</status>
      <explanation>LTER wants to search datasets by time; the best place to search is the dataset level temporal coverage.</explanation>
      <suggestion>Most datasets have a temporal range.</suggestion>
      <reference>EML Best Practices v.2, p. 24</reference>
    </qualityCheck>
    <qualityCheck qualityType="metadata" system="lter" statusType="error" >
      <identifier>pastaDoiAbsent</identifier>
      <name>An alternateIdentifier with a DOI system attribute that looks like it is generated by PASTA should not be present</name>
      <description>Reject the data package if it contains an alternateIdentifier DOI that looks like PASTA generated it.</description>
      <expected>No PASTA DOIs are expected to be found in the uploaded data package</expected>
      <found>No PASTA DOI alternateIdentifier elements found</found>
      <status>valid</status>
      <explanation>PASTA DOI values might appear in an uploaded data package (by various mechanisms). PASTA will assign a DOI after the upload has completed successfully, so an initial one should not be there.</explanation>
      <suggestion></suggestion>
      <reference></reference>
    </qualityCheck>
    <qualityCheck qualityType="metadata" system="lter" statusType="warn" >
      <identifier>titleLength</identifier>
      <name>Dataset title length is at 5 least words.</name>
      <description>If the title is shorter than 5 words, it might be insufficient. Title word count between 7 and 20 including prepositions and numbers.</description>
      <expected>Between 7 and 20 words</expected>
      <found>21 words found.</found>
      <status>valid</status>
      <explanation></explanation>
      <suggestion></suggestion>
      <reference>EML Best Practices, v.2, p. 13</reference>
    </qualityCheck>
    <qualityCheck qualityType="metadata" system="lter" statusType="warn" >
      <identifier>fundingPresence</identifier>
      <name>check to see if funding element is present</name>
      <description>Checks to see if the funding element is included.</description>
      <expected>the funding element is expected to be included</expected>
      <found>National Science Foundation, Office of Polar Programs</found>
      <status>valid</status>
      <explanation></explanation>
      <suggestion></suggestion>
      <reference></reference>
    </qualityCheck>
    <qualityCheck qualityType="metadata" system="lter" statusType="warn" >
      <identifier>datasetAbstractLength</identifier>
      <name>Dataset abstract element is a minimum of 20 words</name>
      <description>Check the length of a dataset abstract and warn if less than 20 words.</description>
      <expected>An abstract is 20 words or more.</expected>
      <found>56 words found.</found>
      <status>valid</status>
      <explanation></explanation>
      <suggestion></suggestion>
      <reference>EML Best Practices</reference>
    </qualityCheck>
    <qualityCheck qualityType="metadata" system="lter" statusType="error" >
      <identifier>duplicateEntityName</identifier>
      <name>There are no duplicate entity names</name>
      <description>Checks that content is not duplicated by other entityName elements in the document</description>
      <expected>entityName is not a duplicate within the document</expected>
      <found>No duplicates found</found>
      <status>valid</status>
      <explanation>Data Manager requires a non-empty, non-duplicate entityName value for every entity</explanation>
      <suggestion>Declare a non-empty entityName and ensure that there are no duplicate entityName values in the document</suggestion>
      <reference></reference>
    </qualityCheck>
  </datasetReport>
  <entityReport>
    <entityName>Monthly Open Water Area (km^2) for new PAL sampling area (-200 to 600 lines)</entityName>
    <qualityCheck qualityType="metadata" system="knb" statusType="warn" >
      <identifier>entityNameLength</identifier>
      <name>Length of entityName is not excessive (less than 100 char)</name>
      <description>length of entity name is less than 100 characters</description>
      <expected>entityName value is 100 characters or less</expected>
      <found>76</found>
      <status>valid</status>
      <explanation></explanation>
      <suggestion></suggestion>
      <reference></reference>
    </qualityCheck>
    <qualityCheck qualityType="metadata" system="lter" statusType="warn" >
      <identifier>entityDescriptionPresent</identifier>
      <name>An entity description is present</name>
      <description>Check for presence of an entity description.</description>
      <expected>EML Best practices pp. 32-33, "...should have enough information for a user..."</expected>
      <found>true</found>
      <status>valid</status>
      <explanation>With entityName sometimes serving as a file name rather than a title, it is important to be very descriptive here.</explanation>
      <suggestion></suggestion>
      <reference></reference>
    </qualityCheck>
    <qualityCheck qualityType="metadata" system="knb" statusType="info" >
      <identifier>numHeaderLinesPresent</identifier>
      <name>'numHeaderLines' element is present</name>
      <description>Check for presence of the 'numHeaderLines' element.</description>
      <expected>Document contains 'numHeaderLines' element.</expected>
      <found>No 'numHeaderLines' element found</found>
      <status>info</status>
      <explanation>If data file contains header lines, 'numHeaderLines' must be specified.</explanation>
      <suggestion>Add 'numHeaderLines' element if needed.</suggestion>
      <reference></reference>
    </qualityCheck>
    <qualityCheck qualityType="metadata" system="knb" statusType="info" >
      <identifier>numFooterLinesPresent</identifier>
      <name>'numFooterLines' element is present</name>
      <description>Check for presence of the 'numFooterLines' element.</description>
      <expected>Document contains 'numFooterLines' element.</expected>
      <found>No 'numFooterLines' element found</found>
      <status>info</status>
      <explanation>If data file contains footer lines, 'numFooterLines' must be specified.</explanation>
      <suggestion>Add 'numFooterLines' element if needed.</suggestion>
      <reference></reference>
    </qualityCheck>
    <qualityCheck qualityType="metadata" system="knb" statusType="error" >
      <identifier>fieldDelimiterValid</identifier>
      <name>Field delimiter is a single character</name>
      <description>Field delimiters should be one character only</description>
      <expected>A single character is expected</expected>
      <found>null</found>
      <status>info</status>
      <explanation>A fieldDelimiter value is not checked for binary entities or entities with an externally defined format</explanation>
      <suggestion></suggestion>
      <reference>http://knb.ecoinformatics.org/software/eml/eml-2.1.0/eml-physical.html#fieldDelimiter</reference>
    </qualityCheck>
    <qualityCheck qualityType="metadata" system="knb" statusType="warn" >
      <identifier>recordDelimiterPresent</identifier>
      <name>Record delimiter is present</name>
      <description>Check presence of record delimiter. Check that the record delimiter is one of the suggested values.</description>
      <expected>A record delimiter from a list of suggested values: \n, \r, \r\n, #x0A, #x0D, #x0D#x0A</expected>
      <found>null</found>
      <status>info</status>
      <explanation>A recordDelimiter value is not checked for binary entities or entities with an externally defined format</explanation>
      <suggestion></suggestion>
      <reference>http://knb.ecoinformatics.org/software/eml/eml-2.1.0/eml-physical.html#recordDelimiter</reference>
    </qualityCheck>
    <qualityCheck qualityType="metadata" system="knb" statusType="warn" >
      <identifier>entitySizePresence</identifier>
      <name>Check for presence of an entity size element</name>
      <description>Look for entity size element as a prep for checking congruence, and if not present, generate a warn. Note that to be most useful (i.e, to check congruence), entity size should contain the most precise measure of size, which is "byte" (the default unit); however, the presence or name of the entity size unit is NOT checked.</description>
      <expected>Entity size is present. If unit="byte" or unit is omitted (default = byte), then congruence can be checked.</expected>
      <found>Found entity size element with value of 7255 and size unit specified as 'byte'.</found>
      <status>valid</status>
      <explanation>Examining the entity size is prep for checking congruence. Including the element is best practice, and if not present, a warn is generated. To be most useful, entity size should contain the most precise measure of size, which is "byte" (the default unit).</explanation>
      <suggestion>Include an entity size in bytes</suggestion>
      <reference> Example success: knb-lter-sbc.3.12. Example of size in units other than byte: knb-lter-mcr.6.56.</reference>
    </qualityCheck>
    <qualityCheck qualityType="metadata" system="lter" statusType="warn" >
      <identifier>integrityChecksumPresence</identifier>
      <name>A physical/authentication element is present and specifies a method attribute with a value of MD5 or SHA-1</name>
      <description>Check for presence of a physical/authentication element containing a checksum or hash value for an integrity check (e.g. MD5, SHA-1). Warn if an entity does not have a physical/authentication element, or if none of the physical/authentication elements specify a method attribute with a value of MD5 or SHA-1.</description>
      <expected>At least one physical/authentication element with a method attribute specifying MD5 or SHA-1 and containing a checksum or hash value that can be used to perform an integrity check on the data.</expected>
      <found>true</found>
      <status>valid</status>
      <explanation>PASTA will use this value to check the integrity of the data it downloads from your site. In addition, PASTA is planning to compare the contributor-supplied checksum/hash value documented 
      in the physical/authentication element to the checksum/hash value of this entity downloaded from previous revisions of this data package. If PASTA already has a copy of this entity, it will be able 
      to avoid an unnecessary download of the entity from your site, resulting in faster processing of the new data package revision when you update it in PASTA.</explanation>
      <suggestion>Add a physical/authentication element and store the entity checksum or hash value in it using a method such as MD5 or SHA-1.</suggestion>
      <reference></reference>
    </qualityCheck>
    <qualityCheck qualityType="data" system="knb" statusType="info" >
      <identifier>displayDownloadData</identifier>
      <name>Display downloaded data</name>
      <description>Display the first kilobyte of data that is downloaded</description>
      <expected>Up to one kilobyte of data should be displayed</expected>
      <found>Cannot display NON-PLAIN TEXT DATA</found>
      <status>info</status>
      <explanation></explanation>
      <suggestion></suggestion>
      <reference></reference>
    </qualityCheck>
    <qualityCheck qualityType="congruency" system="knb" statusType="error" >
      <identifier>urlReturnsData</identifier>
      <name>URL returns data</name>
      <description>Checks whether a URL returns data. Unless the URL is specified to be function="information", the URL should return the resource for download.</description>
      <expected>A data entity that matches the metadata</expected>
      <found>true</found>
      <status>valid</status>
      <explanation></explanation>
      <suggestion></suggestion>
      <reference>http://knb.ecoinformatics.org/software/eml/eml-2.1.0/eml-resource.html#UrlType</reference>
    </qualityCheck>
    <qualityCheck qualityType="congruency" system="knb" statusType="error" >
      <identifier>onlineURLs</identifier>
      <name>Online URLs are live</name>
      <description>Check that online URLs return something</description>
      <expected>true</expected>
      <found>true</found>
      <status>valid</status>
      <explanation>Succeeded in accessing URL: <![CDATA[https://ezeml.edirepository.org/user-data/PAL-04e7b50e325fe831d997d067d0c8f5f4/uploads/knb-lter-pal.34.7/34_grid_monow_1178_0721.txt]]></explanation>
      <suggestion></suggestion>
      <reference></reference>
    </qualityCheck>
    <qualityCheck qualityType="congruency" system="lter" statusType="error" >
      <identifier>integrityChecksum</identifier>
      <name>Compare the metadata checksum for an entity to the checksum of the downloaded entity</name>
      <description>Two possible responses: valid if checksums match; error if checksums do not match.</description>
      <expected>0d61f3977d0c40406c1fd110a5b42032</expected>
      <found>0d61f3977d0c40406c1fd110a5b42032</found>
      <status>valid</status>
      <explanation>Matching checksums will ensure data integrity during upload to the repository.</explanation>
      <suggestion>If the found integrity hash value does not match the expected integrity hash value, there may have been a loss of integrity in the data download. Check that the hash method and hash value documented in the metadata are the correct values.</suggestion>
      <reference></reference>
    </qualityCheck>
    <qualityCheck qualityType="congruency" system="knb" statusType="error" >
      <identifier>entitySizeCongruence</identifier>
      <name>Check that the entity size in the Level 0 metadata matches the one PASTA+ generates.</name>
      <description>Compare raw file size of file to [entity]/physical/size element in metadata. Return error if not matching.</description>
      <expected>7255</expected>
      <found>7255</found>
      <status>valid</status>
      <explanation>Examining the entity size is a method for checking that this is the correct entity.</explanation>
      <suggestion>Check the entity size.</suggestion>
      <reference></reference>
    </qualityCheck>
  </entityReport>
  <entityReport>
    <entityName>Monthly Sea Ice Extent (km^2) for new PAL sampling area (-200 to 600 lines)</entityName>
    <qualityCheck qualityType="metadata" system="knb" statusType="warn" >
      <identifier>entityNameLength</identifier>
      <name>Length of entityName is not excessive (less than 100 char)</name>
      <description>length of entity name is less than 100 characters</description>
      <expected>entityName value is 100 characters or less</expected>
      <found>75</found>
      <status>valid</status>
      <explanation></explanation>
      <suggestion></suggestion>
      <reference></reference>
    </qualityCheck>
    <qualityCheck qualityType="metadata" system="lter" statusType="warn" >
      <identifier>entityDescriptionPresent</identifier>
      <name>An entity description is present</name>
      <description>Check for presence of an entity description.</description>
      <expected>EML Best practices pp. 32-33, "...should have enough information for a user..."</expected>
      <found>true</found>
      <status>valid</status>
      <explanation>With entityName sometimes serving as a file name rather than a title, it is important to be very descriptive here.</explanation>
      <suggestion></suggestion>
      <reference></reference>
    </qualityCheck>
    <qualityCheck qualityType="metadata" system="knb" statusType="info" >
      <identifier>numHeaderLinesPresent</identifier>
      <name>'numHeaderLines' element is present</name>
      <description>Check for presence of the 'numHeaderLines' element.</description>
      <expected>Document contains 'numHeaderLines' element.</expected>
      <found>No 'numHeaderLines' element found</found>
      <status>info</status>
      <explanation>If data file contains header lines, 'numHeaderLines' must be specified.</explanation>
      <suggestion>Add 'numHeaderLines' element if needed.</suggestion>
      <reference></reference>
    </qualityCheck>
    <qualityCheck qualityType="metadata" system="knb" statusType="info" >
      <identifier>numFooterLinesPresent</identifier>
      <name>'numFooterLines' element is present</name>
      <description>Check for presence of the 'numFooterLines' element.</description>
      <expected>Document contains 'numFooterLines' element.</expected>
      <found>No 'numFooterLines' element found</found>
      <status>info</status>
      <explanation>If data file contains footer lines, 'numFooterLines' must be specified.</explanation>
      <suggestion>Add 'numFooterLines' element if needed.</suggestion>
      <reference></reference>
    </qualityCheck>
    <qualityCheck qualityType="metadata" system="knb" statusType="error" >
      <identifier>fieldDelimiterValid</identifier>
      <name>Field delimiter is a single character</name>
      <description>Field delimiters should be one character only</description>
      <expected>A single character is expected</expected>
      <found>null</found>
      <status>info</status>
      <explanation>A fieldDelimiter value is not checked for binary entities or entities with an externally defined format</explanation>
      <suggestion></suggestion>
      <reference>http://knb.ecoinformatics.org/software/eml/eml-2.1.0/eml-physical.html#fieldDelimiter</reference>
    </qualityCheck>
    <qualityCheck qualityType="metadata" system="knb" statusType="warn" >
      <identifier>recordDelimiterPresent</identifier>
      <name>Record delimiter is present</name>
      <description>Check presence of record delimiter. Check that the record delimiter is one of the suggested values.</description>
      <expected>A record delimiter from a list of suggested values: \n, \r, \r\n, #x0A, #x0D, #x0D#x0A</expected>
      <found>null</found>
      <status>info</status>
      <explanation>A recordDelimiter value is not checked for binary entities or entities with an externally defined format</explanation>
      <suggestion></suggestion>
      <reference>http://knb.ecoinformatics.org/software/eml/eml-2.1.0/eml-physical.html#recordDelimiter</reference>
    </qualityCheck>
    <qualityCheck qualityType="metadata" system="knb" statusType="warn" >
      <identifier>entitySizePresence</identifier>
      <name>Check for presence of an entity size element</name>
      <description>Look for entity size element as a prep for checking congruence, and if not present, generate a warn. Note that to be most useful (i.e, to check congruence), entity size should contain the most precise measure of size, which is "byte" (the default unit); however, the presence or name of the entity size unit is NOT checked.</description>
      <expected>Entity size is present. If unit="byte" or unit is omitted (default = byte), then congruence can be checked.</expected>
      <found>Found entity size element with value of 7326 and size unit specified as 'byte'.</found>
      <status>valid</status>
      <explanation>Examining the entity size is prep for checking congruence. Including the element is best practice, and if not present, a warn is generated. To be most useful, entity size should contain the most precise measure of size, which is "byte" (the default unit).</explanation>
      <suggestion>Include an entity size in bytes</suggestion>
      <reference> Example success: knb-lter-sbc.3.12. Example of size in units other than byte: knb-lter-mcr.6.56.</reference>
    </qualityCheck>
    <qualityCheck qualityType="metadata" system="lter" statusType="warn" >
      <identifier>integrityChecksumPresence</identifier>
      <name>A physical/authentication element is present and specifies a method attribute with a value of MD5 or SHA-1</name>
      <description>Check for presence of a physical/authentication element containing a checksum or hash value for an integrity check (e.g. MD5, SHA-1). Warn if an entity does not have a physical/authentication element, or if none of the physical/authentication elements specify a method attribute with a value of MD5 or SHA-1.</description>
      <expected>At least one physical/authentication element with a method attribute specifying MD5 or SHA-1 and containing a checksum or hash value that can be used to perform an integrity check on the data.</expected>
      <found>true</found>
      <status>valid</status>
      <explanation>PASTA will use this value to check the integrity of the data it downloads from your site. In addition, PASTA is planning to compare the contributor-supplied checksum/hash value documented 
      in the physical/authentication element to the checksum/hash value of this entity downloaded from previous revisions of this data package. If PASTA already has a copy of this entity, it will be able 
      to avoid an unnecessary download of the entity from your site, resulting in faster processing of the new data package revision when you update it in PASTA.</explanation>
      <suggestion>Add a physical/authentication element and store the entity checksum or hash value in it using a method such as MD5 or SHA-1.</suggestion>
      <reference></reference>
    </qualityCheck>
    <qualityCheck qualityType="data" system="knb" statusType="info" >
      <identifier>displayDownloadData</identifier>
      <name>Display downloaded data</name>
      <description>Display the first kilobyte of data that is downloaded</description>
      <expected>Up to one kilobyte of data should be displayed</expected>
      <found>Cannot display NON-PLAIN TEXT DATA</found>
      <status>info</status>
      <explanation></explanation>
      <suggestion></suggestion>
      <reference></reference>
    </qualityCheck>
    <qualityCheck qualityType="congruency" system="knb" statusType="error" >
      <identifier>urlReturnsData</identifier>
      <name>URL returns data</name>
      <description>Checks whether a URL returns data. Unless the URL is specified to be function="information", the URL should return the resource for download.</description>
      <expected>A data entity that matches the metadata</expected>
      <found>true</found>
      <status>valid</status>
      <explanation></explanation>
      <suggestion></suggestion>
      <reference>http://knb.ecoinformatics.org/software/eml/eml-2.1.0/eml-resource.html#UrlType</reference>
    </qualityCheck>
    <qualityCheck qualityType="congruency" system="knb" statusType="error" >
      <identifier>onlineURLs</identifier>
      <name>Online URLs are live</name>
      <description>Check that online URLs return something</description>
      <expected>true</expected>
      <found>true</found>
      <status>valid</status>
      <explanation>Succeeded in accessing URL: <![CDATA[https://ezeml.edirepository.org/user-data/PAL-04e7b50e325fe831d997d067d0c8f5f4/uploads/knb-lter-pal.34.7/34_grid_monext_1178_0721.txt]]></explanation>
      <suggestion></suggestion>
      <reference></reference>
    </qualityCheck>
    <qualityCheck qualityType="congruency" system="lter" statusType="error" >
      <identifier>integrityChecksum</identifier>
      <name>Compare the metadata checksum for an entity to the checksum of the downloaded entity</name>
      <description>Two possible responses: valid if checksums match; error if checksums do not match.</description>
      <expected>aa5c1525d5b952abcfa53059ebb7744d</expected>
      <found>aa5c1525d5b952abcfa53059ebb7744d</found>
      <status>valid</status>
      <explanation>Matching checksums will ensure data integrity during upload to the repository.</explanation>
      <suggestion>If the found integrity hash value does not match the expected integrity hash value, there may have been a loss of integrity in the data download. Check that the hash method and hash value documented in the metadata are the correct values.</suggestion>
      <reference></reference>
    </qualityCheck>
    <qualityCheck qualityType="congruency" system="knb" statusType="error" >
      <identifier>entitySizeCongruence</identifier>
      <name>Check that the entity size in the Level 0 metadata matches the one PASTA+ generates.</name>
      <description>Compare raw file size of file to [entity]/physical/size element in metadata. Return error if not matching.</description>
      <expected>7326</expected>
      <found>7326</found>
      <status>valid</status>
      <explanation>Examining the entity size is a method for checking that this is the correct entity.</explanation>
      <suggestion>Check the entity size.</suggestion>
      <reference></reference>
    </qualityCheck>
  </entityReport>
  <entityReport>
    <entityName>Monthly Sea Ice Area (km^2) for new PAL sampling area (-200 to 600 lines)</entityName>
    <qualityCheck qualityType="metadata" system="knb" statusType="warn" >
      <identifier>entityNameLength</identifier>
      <name>Length of entityName is not excessive (less than 100 char)</name>
      <description>length of entity name is less than 100 characters</description>
      <expected>entityName value is 100 characters or less</expected>
      <found>73</found>
      <status>valid</status>
      <explanation></explanation>
      <suggestion></suggestion>
      <reference></reference>
    </qualityCheck>
    <qualityCheck qualityType="metadata" system="lter" statusType="warn" >
      <identifier>entityDescriptionPresent</identifier>
      <name>An entity description is present</name>
      <description>Check for presence of an entity description.</description>
      <expected>EML Best practices pp. 32-33, "...should have enough information for a user..."</expected>
      <found>true</found>
      <status>valid</status>
      <explanation>With entityName sometimes serving as a file name rather than a title, it is important to be very descriptive here.</explanation>
      <suggestion></suggestion>
      <reference></reference>
    </qualityCheck>
    <qualityCheck qualityType="metadata" system="knb" statusType="info" >
      <identifier>numHeaderLinesPresent</identifier>
      <name>'numHeaderLines' element is present</name>
      <description>Check for presence of the 'numHeaderLines' element.</description>
      <expected>Document contains 'numHeaderLines' element.</expected>
      <found>No 'numHeaderLines' element found</found>
      <status>info</status>
      <explanation>If data file contains header lines, 'numHeaderLines' must be specified.</explanation>
      <suggestion>Add 'numHeaderLines' element if needed.</suggestion>
      <reference></reference>
    </qualityCheck>
    <qualityCheck qualityType="metadata" system="knb" statusType="info" >
      <identifier>numFooterLinesPresent</identifier>
      <name>'numFooterLines' element is present</name>
      <description>Check for presence of the 'numFooterLines' element.</description>
      <expected>Document contains 'numFooterLines' element.</expected>
      <found>No 'numFooterLines' element found</found>
      <status>info</status>
      <explanation>If data file contains footer lines, 'numFooterLines' must be specified.</explanation>
      <suggestion>Add 'numFooterLines' element if needed.</suggestion>
      <reference></reference>
    </qualityCheck>
    <qualityCheck qualityType="metadata" system="knb" statusType="error" >
      <identifier>fieldDelimiterValid</identifier>
      <name>Field delimiter is a single character</name>
      <description>Field delimiters should be one character only</description>
      <expected>A single character is expected</expected>
      <found>null</found>
      <status>info</status>
      <explanation>A fieldDelimiter value is not checked for binary entities or entities with an externally defined format</explanation>
      <suggestion></suggestion>
      <reference>http://knb.ecoinformatics.org/software/eml/eml-2.1.0/eml-physical.html#fieldDelimiter</reference>
    </qualityCheck>
    <qualityCheck qualityType="metadata" system="knb" statusType="warn" >
      <identifier>recordDelimiterPresent</identifier>
      <name>Record delimiter is present</name>
      <description>Check presence of record delimiter. Check that the record delimiter is one of the suggested values.</description>
      <expected>A record delimiter from a list of suggested values: \n, \r, \r\n, #x0A, #x0D, #x0D#x0A</expected>
      <found>null</found>
      <status>info</status>
      <explanation>A recordDelimiter value is not checked for binary entities or entities with an externally defined format</explanation>
      <suggestion></suggestion>
      <reference>http://knb.ecoinformatics.org/software/eml/eml-2.1.0/eml-physical.html#recordDelimiter</reference>
    </qualityCheck>
    <qualityCheck qualityType="metadata" system="knb" statusType="warn" >
      <identifier>entitySizePresence</identifier>
      <name>Check for presence of an entity size element</name>
      <description>Look for entity size element as a prep for checking congruence, and if not present, generate a warn. Note that to be most useful (i.e, to check congruence), entity size should contain the most precise measure of size, which is "byte" (the default unit); however, the presence or name of the entity size unit is NOT checked.</description>
      <expected>Entity size is present. If unit="byte" or unit is omitted (default = byte), then congruence can be checked.</expected>
      <found>Found entity size element with value of 7319 and size unit specified as 'byte'.</found>
      <status>valid</status>
      <explanation>Examining the entity size is prep for checking congruence. Including the element is best practice, and if not present, a warn is generated. To be most useful, entity size should contain the most precise measure of size, which is "byte" (the default unit).</explanation>
      <suggestion>Include an entity size in bytes</suggestion>
      <reference> Example success: knb-lter-sbc.3.12. Example of size in units other than byte: knb-lter-mcr.6.56.</reference>
    </qualityCheck>
    <qualityCheck qualityType="metadata" system="lter" statusType="warn" >
      <identifier>integrityChecksumPresence</identifier>
      <name>A physical/authentication element is present and specifies a method attribute with a value of MD5 or SHA-1</name>
      <description>Check for presence of a physical/authentication element containing a checksum or hash value for an integrity check (e.g. MD5, SHA-1). Warn if an entity does not have a physical/authentication element, or if none of the physical/authentication elements specify a method attribute with a value of MD5 or SHA-1.</description>
      <expected>At least one physical/authentication element with a method attribute specifying MD5 or SHA-1 and containing a checksum or hash value that can be used to perform an integrity check on the data.</expected>
      <found>true</found>
      <status>valid</status>
      <explanation>PASTA will use this value to check the integrity of the data it downloads from your site. In addition, PASTA is planning to compare the contributor-supplied checksum/hash value documented 
      in the physical/authentication element to the checksum/hash value of this entity downloaded from previous revisions of this data package. If PASTA already has a copy of this entity, it will be able 
      to avoid an unnecessary download of the entity from your site, resulting in faster processing of the new data package revision when you update it in PASTA.</explanation>
      <suggestion>Add a physical/authentication element and store the entity checksum or hash value in it using a method such as MD5 or SHA-1.</suggestion>
      <reference></reference>
    </qualityCheck>
    <qualityCheck qualityType="data" system="knb" statusType="info" >
      <identifier>displayDownloadData</identifier>
      <name>Display downloaded data</name>
      <description>Display the first kilobyte of data that is downloaded</description>
      <expected>Up to one kilobyte of data should be displayed</expected>
      <found>Cannot display NON-PLAIN TEXT DATA</found>
      <status>info</status>
      <explanation></explanation>
      <suggestion></suggestion>
      <reference></reference>
    </qualityCheck>
    <qualityCheck qualityType="congruency" system="knb" statusType="error" >
      <identifier>urlReturnsData</identifier>
      <name>URL returns data</name>
      <description>Checks whether a URL returns data. Unless the URL is specified to be function="information", the URL should return the resource for download.</description>
      <expected>A data entity that matches the metadata</expected>
      <found>true</found>
      <status>valid</status>
      <explanation></explanation>
      <suggestion></suggestion>
      <reference>http://knb.ecoinformatics.org/software/eml/eml-2.1.0/eml-resource.html#UrlType</reference>
    </qualityCheck>
    <qualityCheck qualityType="congruency" system="knb" statusType="error" >
      <identifier>onlineURLs</identifier>
      <name>Online URLs are live</name>
      <description>Check that online URLs return something</description>
      <expected>true</expected>
      <found>true</found>
      <status>valid</status>
      <explanation>Succeeded in accessing URL: <![CDATA[https://ezeml.edirepository.org/user-data/PAL-04e7b50e325fe831d997d067d0c8f5f4/uploads/knb-lter-pal.34.7/34_grid_monarea_1178_0721.txt]]></explanation>
      <suggestion></suggestion>
      <reference></reference>
    </qualityCheck>
    <qualityCheck qualityType="congruency" system="lter" statusType="error" >
      <identifier>integrityChecksum</identifier>
      <name>Compare the metadata checksum for an entity to the checksum of the downloaded entity</name>
      <description>Two possible responses: valid if checksums match; error if checksums do not match.</description>
      <expected>afd913f1dd590423a483788f40bcaf3f</expected>
      <found>afd913f1dd590423a483788f40bcaf3f</found>
      <status>valid</status>
      <explanation>Matching checksums will ensure data integrity during upload to the repository.</explanation>
      <suggestion>If the found integrity hash value does not match the expected integrity hash value, there may have been a loss of integrity in the data download. Check that the hash method and hash value documented in the metadata are the correct values.</suggestion>
      <reference></reference>
    </qualityCheck>
    <qualityCheck qualityType="congruency" system="knb" statusType="error" >
      <identifier>entitySizeCongruence</identifier>
      <name>Check that the entity size in the Level 0 metadata matches the one PASTA+ generates.</name>
      <description>Compare raw file size of file to [entity]/physical/size element in metadata. Return error if not matching.</description>
      <expected>7319</expected>
      <found>7319</found>
      <status>valid</status>
      <explanation>Examining the entity size is a method for checking that this is the correct entity.</explanation>
      <suggestion>Check the entity size.</suggestion>
      <reference></reference>
    </qualityCheck>
  </entityReport>
  <entityReport>
    <entityName>Monthly Sea Ice Concentration for the Penguin Foraging Area (~200km) near Anvers Island</entityName>
    <qualityCheck qualityType="metadata" system="knb" statusType="warn" >
      <identifier>entityNameLength</identifier>
      <name>Length of entityName is not excessive (less than 100 char)</name>
      <description>length of entity name is less than 100 characters</description>
      <expected>entityName value is 100 characters or less</expected>
      <found>87</found>
      <status>valid</status>
      <explanation></explanation>
      <suggestion></suggestion>
      <reference></reference>
    </qualityCheck>
    <qualityCheck qualityType="metadata" system="lter" statusType="warn" >
      <identifier>entityDescriptionPresent</identifier>
      <name>An entity description is present</name>
      <description>Check for presence of an entity description.</description>
      <expected>EML Best practices pp. 32-33, "...should have enough information for a user..."</expected>
      <found>true</found>
      <status>valid</status>
      <explanation>With entityName sometimes serving as a file name rather than a title, it is important to be very descriptive here.</explanation>
      <suggestion></suggestion>
      <reference></reference>
    </qualityCheck>
    <qualityCheck qualityType="metadata" system="knb" statusType="info" >
      <identifier>numHeaderLinesPresent</identifier>
      <name>'numHeaderLines' element is present</name>
      <description>Check for presence of the 'numHeaderLines' element.</description>
      <expected>Document contains 'numHeaderLines' element.</expected>
      <found>No 'numHeaderLines' element found</found>
      <status>info</status>
      <explanation>If data file contains header lines, 'numHeaderLines' must be specified.</explanation>
      <suggestion>Add 'numHeaderLines' element if needed.</suggestion>
      <reference></reference>
    </qualityCheck>
    <qualityCheck qualityType="metadata" system="knb" statusType="info" >
      <identifier>numFooterLinesPresent</identifier>
      <name>'numFooterLines' element is present</name>
      <description>Check for presence of the 'numFooterLines' element.</description>
      <expected>Document contains 'numFooterLines' element.</expected>
      <found>No 'numFooterLines' element found</found>
      <status>info</status>
      <explanation>If data file contains footer lines, 'numFooterLines' must be specified.</explanation>
      <suggestion>Add 'numFooterLines' element if needed.</suggestion>
      <reference></reference>
    </qualityCheck>
    <qualityCheck qualityType="metadata" system="knb" statusType="error" >
      <identifier>fieldDelimiterValid</identifier>
      <name>Field delimiter is a single character</name>
      <description>Field delimiters should be one character only</description>
      <expected>A single character is expected</expected>
      <found>null</found>
      <status>info</status>
      <explanation>A fieldDelimiter value is not checked for binary entities or entities with an externally defined format</explanation>
      <suggestion></suggestion>
      <reference>http://knb.ecoinformatics.org/software/eml/eml-2.1.0/eml-physical.html#fieldDelimiter</reference>
    </qualityCheck>
    <qualityCheck qualityType="metadata" system="knb" statusType="warn" >
      <identifier>recordDelimiterPresent</identifier>
      <name>Record delimiter is present</name>
      <description>Check presence of record delimiter. Check that the record delimiter is one of the suggested values.</description>
      <expected>A record delimiter from a list of suggested values: \n, \r, \r\n, #x0A, #x0D, #x0D#x0A</expected>
      <found>null</found>
      <status>info</status>
      <explanation>A recordDelimiter value is not checked for binary entities or entities with an externally defined format</explanation>
      <suggestion></suggestion>
      <reference>http://knb.ecoinformatics.org/software/eml/eml-2.1.0/eml-physical.html#recordDelimiter</reference>
    </qualityCheck>
    <qualityCheck qualityType="metadata" system="knb" statusType="warn" >
      <identifier>entitySizePresence</identifier>
      <name>Check for presence of an entity size element</name>
      <description>Look for entity size element as a prep for checking congruence, and if not present, generate a warn. Note that to be most useful (i.e, to check congruence), entity size should contain the most precise measure of size, which is "byte" (the default unit); however, the presence or name of the entity size unit is NOT checked.</description>
      <expected>Entity size is present. If unit="byte" or unit is omitted (default = byte), then congruence can be checked.</expected>
      <found>Found entity size element with value of 7312 and size unit specified as 'byte'.</found>
      <status>valid</status>
      <explanation>Examining the entity size is prep for checking congruence. Including the element is best practice, and if not present, a warn is generated. To be most useful, entity size should contain the most precise measure of size, which is "byte" (the default unit).</explanation>
      <suggestion>Include an entity size in bytes</suggestion>
      <reference> Example success: knb-lter-sbc.3.12. Example of size in units other than byte: knb-lter-mcr.6.56.</reference>
    </qualityCheck>
    <qualityCheck qualityType="metadata" system="lter" statusType="warn" >
      <identifier>integrityChecksumPresence</identifier>
      <name>A physical/authentication element is present and specifies a method attribute with a value of MD5 or SHA-1</name>
      <description>Check for presence of a physical/authentication element containing a checksum or hash value for an integrity check (e.g. MD5, SHA-1). Warn if an entity does not have a physical/authentication element, or if none of the physical/authentication elements specify a method attribute with a value of MD5 or SHA-1.</description>
      <expected>At least one physical/authentication element with a method attribute specifying MD5 or SHA-1 and containing a checksum or hash value that can be used to perform an integrity check on the data.</expected>
      <found>true</found>
      <status>valid</status>
      <explanation>PASTA will use this value to check the integrity of the data it downloads from your site. In addition, PASTA is planning to compare the contributor-supplied checksum/hash value documented 
      in the physical/authentication element to the checksum/hash value of this entity downloaded from previous revisions of this data package. If PASTA already has a copy of this entity, it will be able 
      to avoid an unnecessary download of the entity from your site, resulting in faster processing of the new data package revision when you update it in PASTA.</explanation>
      <suggestion>Add a physical/authentication element and store the entity checksum or hash value in it using a method such as MD5 or SHA-1.</suggestion>
      <reference></reference>
    </qualityCheck>
    <qualityCheck qualityType="data" system="knb" statusType="info" >
      <identifier>displayDownloadData</identifier>
      <name>Display downloaded data</name>
      <description>Display the first kilobyte of data that is downloaded</description>
      <expected>Up to one kilobyte of data should be displayed</expected>
      <found>Cannot display NON-PLAIN TEXT DATA</found>
      <status>info</status>
      <explanation></explanation>
      <suggestion></suggestion>
      <reference></reference>
    </qualityCheck>
    <qualityCheck qualityType="congruency" system="knb" statusType="error" >
      <identifier>urlReturnsData</identifier>
      <name>URL returns data</name>
      <description>Checks whether a URL returns data. Unless the URL is specified to be function="information", the URL should return the resource for download.</description>
      <expected>A data entity that matches the metadata</expected>
      <found>true</found>
      <status>valid</status>
      <explanation></explanation>
      <suggestion></suggestion>
      <reference>http://knb.ecoinformatics.org/software/eml/eml-2.1.0/eml-resource.html#UrlType</reference>
    </qualityCheck>
    <qualityCheck qualityType="congruency" system="knb" statusType="error" >
      <identifier>onlineURLs</identifier>
      <name>Online URLs are live</name>
      <description>Check that online URLs return something</description>
      <expected>true</expected>
      <found>true</found>
      <status>valid</status>
      <explanation>Succeeded in accessing URL: <![CDATA[https://ezeml.edirepository.org/user-data/PAL-04e7b50e325fe831d997d067d0c8f5f4/uploads/knb-lter-pal.34.7/34_anvers_monsic_1178_0721.txt]]></explanation>
      <suggestion></suggestion>
      <reference></reference>
    </qualityCheck>
    <qualityCheck qualityType="congruency" system="lter" statusType="error" >
      <identifier>integrityChecksum</identifier>
      <name>Compare the metadata checksum for an entity to the checksum of the downloaded entity</name>
      <description>Two possible responses: valid if checksums match; error if checksums do not match.</description>
      <expected>37a2c7cfbe81ec34d0ae86d12f364ea5</expected>
      <found>37a2c7cfbe81ec34d0ae86d12f364ea5</found>
      <status>valid</status>
      <explanation>Matching checksums will ensure data integrity during upload to the repository.</explanation>
      <suggestion>If the found integrity hash value does not match the expected integrity hash value, there may have been a loss of integrity in the data download. Check that the hash method and hash value documented in the metadata are the correct values.</suggestion>
      <reference></reference>
    </qualityCheck>
    <qualityCheck qualityType="congruency" system="knb" statusType="error" >
      <identifier>entitySizeCongruence</identifier>
      <name>Check that the entity size in the Level 0 metadata matches the one PASTA+ generates.</name>
      <description>Compare raw file size of file to [entity]/physical/size element in metadata. Return error if not matching.</description>
      <expected>7312</expected>
      <found>7312</found>
      <status>valid</status>
      <explanation>Examining the entity size is a method for checking that this is the correct entity.</explanation>
      <suggestion>Check the entity size.</suggestion>
      <reference></reference>
    </qualityCheck>
  </entityReport>
  <entityReport>
    <entityName>Monthly Sea Ice Concentration for the Penguin Foraging Area (~200km) near Avian/Adelaide Island</entityName>
    <qualityCheck qualityType="metadata" system="knb" statusType="warn" >
      <identifier>entityNameLength</identifier>
      <name>Length of entityName is not excessive (less than 100 char)</name>
      <description>length of entity name is less than 100 characters</description>
      <expected>entityName value is 100 characters or less</expected>
      <found>95</found>
      <status>valid</status>
      <explanation></explanation>
      <suggestion></suggestion>
      <reference></reference>
    </qualityCheck>
    <qualityCheck qualityType="metadata" system="lter" statusType="warn" >
      <identifier>entityDescriptionPresent</identifier>
      <name>An entity description is present</name>
      <description>Check for presence of an entity description.</description>
      <expected>EML Best practices pp. 32-33, "...should have enough information for a user..."</expected>
      <found>true</found>
      <status>valid</status>
      <explanation>With entityName sometimes serving as a file name rather than a title, it is important to be very descriptive here.</explanation>
      <suggestion></suggestion>
      <reference></reference>
    </qualityCheck>
    <qualityCheck qualityType="metadata" system="knb" statusType="info" >
      <identifier>numHeaderLinesPresent</identifier>
      <name>'numHeaderLines' element is present</name>
      <description>Check for presence of the 'numHeaderLines' element.</description>
      <expected>Document contains 'numHeaderLines' element.</expected>
      <found>No 'numHeaderLines' element found</found>
      <status>info</status>
      <explanation>If data file contains header lines, 'numHeaderLines' must be specified.</explanation>
      <suggestion>Add 'numHeaderLines' element if needed.</suggestion>
      <reference></reference>
    </qualityCheck>
    <qualityCheck qualityType="metadata" system="knb" statusType="info" >
      <identifier>numFooterLinesPresent</identifier>
      <name>'numFooterLines' element is present</name>
      <description>Check for presence of the 'numFooterLines' element.</description>
      <expected>Document contains 'numFooterLines' element.</expected>
      <found>No 'numFooterLines' element found</found>
      <status>info</status>
      <explanation>If data file contains footer lines, 'numFooterLines' must be specified.</explanation>
      <suggestion>Add 'numFooterLines' element if needed.</suggestion>
      <reference></reference>
    </qualityCheck>
    <qualityCheck qualityType="metadata" system="knb" statusType="error" >
      <identifier>fieldDelimiterValid</identifier>
      <name>Field delimiter is a single character</name>
      <description>Field delimiters should be one character only</description>
      <expected>A single character is expected</expected>
      <found>null</found>
      <status>info</status>
      <explanation>A fieldDelimiter value is not checked for binary entities or entities with an externally defined format</explanation>
      <suggestion></suggestion>
      <reference>http://knb.ecoinformatics.org/software/eml/eml-2.1.0/eml-physical.html#fieldDelimiter</reference>
    </qualityCheck>
    <qualityCheck qualityType="metadata" system="knb" statusType="warn" >
      <identifier>recordDelimiterPresent</identifier>
      <name>Record delimiter is present</name>
      <description>Check presence of record delimiter. Check that the record delimiter is one of the suggested values.</description>
      <expected>A record delimiter from a list of suggested values: \n, \r, \r\n, #x0A, #x0D, #x0D#x0A</expected>
      <found>null</found>
      <status>info</status>
      <explanation>A recordDelimiter value is not checked for binary entities or entities with an externally defined format</explanation>
      <suggestion></suggestion>
      <reference>http://knb.ecoinformatics.org/software/eml/eml-2.1.0/eml-physical.html#recordDelimiter</reference>
    </qualityCheck>
    <qualityCheck qualityType="metadata" system="knb" statusType="warn" >
      <identifier>entitySizePresence</identifier>
      <name>Check for presence of an entity size element</name>
      <description>Look for entity size element as a prep for checking congruence, and if not present, generate a warn. Note that to be most useful (i.e, to check congruence), entity size should contain the most precise measure of size, which is "byte" (the default unit); however, the presence or name of the entity size unit is NOT checked.</description>
      <expected>Entity size is present. If unit="byte" or unit is omitted (default = byte), then congruence can be checked.</expected>
      <found>Found entity size element with value of 7320 and size unit specified as 'byte'.</found>
      <status>valid</status>
      <explanation>Examining the entity size is prep for checking congruence. Including the element is best practice, and if not present, a warn is generated. To be most useful, entity size should contain the most precise measure of size, which is "byte" (the default unit).</explanation>
      <suggestion>Include an entity size in bytes</suggestion>
      <reference> Example success: knb-lter-sbc.3.12. Example of size in units other than byte: knb-lter-mcr.6.56.</reference>
    </qualityCheck>
    <qualityCheck qualityType="metadata" system="lter" statusType="warn" >
      <identifier>integrityChecksumPresence</identifier>
      <name>A physical/authentication element is present and specifies a method attribute with a value of MD5 or SHA-1</name>
      <description>Check for presence of a physical/authentication element containing a checksum or hash value for an integrity check (e.g. MD5, SHA-1). Warn if an entity does not have a physical/authentication element, or if none of the physical/authentication elements specify a method attribute with a value of MD5 or SHA-1.</description>
      <expected>At least one physical/authentication element with a method attribute specifying MD5 or SHA-1 and containing a checksum or hash value that can be used to perform an integrity check on the data.</expected>
      <found>true</found>
      <status>valid</status>
      <explanation>PASTA will use this value to check the integrity of the data it downloads from your site. In addition, PASTA is planning to compare the contributor-supplied checksum/hash value documented 
      in the physical/authentication element to the checksum/hash value of this entity downloaded from previous revisions of this data package. If PASTA already has a copy of this entity, it will be able 
      to avoid an unnecessary download of the entity from your site, resulting in faster processing of the new data package revision when you update it in PASTA.</explanation>
      <suggestion>Add a physical/authentication element and store the entity checksum or hash value in it using a method such as MD5 or SHA-1.</suggestion>
      <reference></reference>
    </qualityCheck>
    <qualityCheck qualityType="data" system="knb" statusType="info" >
      <identifier>displayDownloadData</identifier>
      <name>Display downloaded data</name>
      <description>Display the first kilobyte of data that is downloaded</description>
      <expected>Up to one kilobyte of data should be displayed</expected>
      <found>Cannot display NON-PLAIN TEXT DATA</found>
      <status>info</status>
      <explanation></explanation>
      <suggestion></suggestion>
      <reference></reference>
    </qualityCheck>
    <qualityCheck qualityType="congruency" system="knb" statusType="error" >
      <identifier>urlReturnsData</identifier>
      <name>URL returns data</name>
      <description>Checks whether a URL returns data. Unless the URL is specified to be function="information", the URL should return the resource for download.</description>
      <expected>A data entity that matches the metadata</expected>
      <found>true</found>
      <status>valid</status>
      <explanation></explanation>
      <suggestion></suggestion>
      <reference>http://knb.ecoinformatics.org/software/eml/eml-2.1.0/eml-resource.html#UrlType</reference>
    </qualityCheck>
    <qualityCheck qualityType="congruency" system="knb" statusType="error" >
      <identifier>onlineURLs</identifier>
      <name>Online URLs are live</name>
      <description>Check that online URLs return something</description>
      <expected>true</expected>
      <found>true</found>
      <status>valid</status>
      <explanation>Succeeded in accessing URL: <![CDATA[https://ezeml.edirepository.org/user-data/PAL-04e7b50e325fe831d997d067d0c8f5f4/uploads/knb-lter-pal.34.7/34_avian_monsic_1178_0721.txt]]></explanation>
      <suggestion></suggestion>
      <reference></reference>
    </qualityCheck>
    <qualityCheck qualityType="congruency" system="lter" statusType="error" >
      <identifier>integrityChecksum</identifier>
      <name>Compare the metadata checksum for an entity to the checksum of the downloaded entity</name>
      <description>Two possible responses: valid if checksums match; error if checksums do not match.</description>
      <expected>0cc91f0a027b428abd030c33a4fb7737</expected>
      <found>0cc91f0a027b428abd030c33a4fb7737</found>
      <status>valid</status>
      <explanation>Matching checksums will ensure data integrity during upload to the repository.</explanation>
      <suggestion>If the found integrity hash value does not match the expected integrity hash value, there may have been a loss of integrity in the data download. Check that the hash method and hash value documented in the metadata are the correct values.</suggestion>
      <reference></reference>
    </qualityCheck>
    <qualityCheck qualityType="congruency" system="knb" statusType="error" >
      <identifier>entitySizeCongruence</identifier>
      <name>Check that the entity size in the Level 0 metadata matches the one PASTA+ generates.</name>
      <description>Compare raw file size of file to [entity]/physical/size element in metadata. Return error if not matching.</description>
      <expected>7320</expected>
      <found>7320</found>
      <status>valid</status>
      <explanation>Examining the entity size is a method for checking that this is the correct entity.</explanation>
      <suggestion>Check the entity size.</suggestion>
      <reference></reference>
    </qualityCheck>
  </entityReport>
  <entityReport>
    <entityName>Monthly Sea Ice Concentration for the Penguin Foraging Area (~200km) near Charcot Island</entityName>
    <qualityCheck qualityType="metadata" system="knb" statusType="warn" >
      <identifier>entityNameLength</identifier>
      <name>Length of entityName is not excessive (less than 100 char)</name>
      <description>length of entity name is less than 100 characters</description>
      <expected>entityName value is 100 characters or less</expected>
      <found>88</found>
      <status>valid</status>
      <explanation></explanation>
      <suggestion></suggestion>
      <reference></reference>
    </qualityCheck>
    <qualityCheck qualityType="metadata" system="lter" statusType="warn" >
      <identifier>entityDescriptionPresent</identifier>
      <name>An entity description is present</name>
      <description>Check for presence of an entity description.</description>
      <expected>EML Best practices pp. 32-33, "...should have enough information for a user..."</expected>
      <found>true</found>
      <status>valid</status>
      <explanation>With entityName sometimes serving as a file name rather than a title, it is important to be very descriptive here.</explanation>
      <suggestion></suggestion>
      <reference></reference>
    </qualityCheck>
    <qualityCheck qualityType="metadata" system="knb" statusType="info" >
      <identifier>numHeaderLinesPresent</identifier>
      <name>'numHeaderLines' element is present</name>
      <description>Check for presence of the 'numHeaderLines' element.</description>
      <expected>Document contains 'numHeaderLines' element.</expected>
      <found>No 'numHeaderLines' element found</found>
      <status>info</status>
      <explanation>If data file contains header lines, 'numHeaderLines' must be specified.</explanation>
      <suggestion>Add 'numHeaderLines' element if needed.</suggestion>
      <reference></reference>
    </qualityCheck>
    <qualityCheck qualityType="metadata" system="knb" statusType="info" >
      <identifier>numFooterLinesPresent</identifier>
      <name>'numFooterLines' element is present</name>
      <description>Check for presence of the 'numFooterLines' element.</description>
      <expected>Document contains 'numFooterLines' element.</expected>
      <found>No 'numFooterLines' element found</found>
      <status>info</status>
      <explanation>If data file contains footer lines, 'numFooterLines' must be specified.</explanation>
      <suggestion>Add 'numFooterLines' element if needed.</suggestion>
      <reference></reference>
    </qualityCheck>
    <qualityCheck qualityType="metadata" system="knb" statusType="error" >
      <identifier>fieldDelimiterValid</identifier>
      <name>Field delimiter is a single character</name>
      <description>Field delimiters should be one character only</description>
      <expected>A single character is expected</expected>
      <found>null</found>
      <status>info</status>
      <explanation>A fieldDelimiter value is not checked for binary entities or entities with an externally defined format</explanation>
      <suggestion></suggestion>
      <reference>http://knb.ecoinformatics.org/software/eml/eml-2.1.0/eml-physical.html#fieldDelimiter</reference>
    </qualityCheck>
    <qualityCheck qualityType="metadata" system="knb" statusType="warn" >
      <identifier>recordDelimiterPresent</identifier>
      <name>Record delimiter is present</name>
      <description>Check presence of record delimiter. Check that the record delimiter is one of the suggested values.</description>
      <expected>A record delimiter from a list of suggested values: \n, \r, \r\n, #x0A, #x0D, #x0D#x0A</expected>
      <found>null</found>
      <status>info</status>
      <explanation>A recordDelimiter value is not checked for binary entities or entities with an externally defined format</explanation>
      <suggestion></suggestion>
      <reference>http://knb.ecoinformatics.org/software/eml/eml-2.1.0/eml-physical.html#recordDelimiter</reference>
    </qualityCheck>
    <qualityCheck qualityType="metadata" system="knb" statusType="warn" >
      <identifier>entitySizePresence</identifier>
      <name>Check for presence of an entity size element</name>
      <description>Look for entity size element as a prep for checking congruence, and if not present, generate a warn. Note that to be most useful (i.e, to check congruence), entity size should contain the most precise measure of size, which is "byte" (the default unit); however, the presence or name of the entity size unit is NOT checked.</description>
      <expected>Entity size is present. If unit="byte" or unit is omitted (default = byte), then congruence can be checked.</expected>
      <found>Found entity size element with value of 7313 and size unit specified as 'byte'.</found>
      <status>valid</status>
      <explanation>Examining the entity size is prep for checking congruence. Including the element is best practice, and if not present, a warn is generated. To be most useful, entity size should contain the most precise measure of size, which is "byte" (the default unit).</explanation>
      <suggestion>Include an entity size in bytes</suggestion>
      <reference> Example success: knb-lter-sbc.3.12. Example of size in units other than byte: knb-lter-mcr.6.56.</reference>
    </qualityCheck>
    <qualityCheck qualityType="metadata" system="lter" statusType="warn" >
      <identifier>integrityChecksumPresence</identifier>
      <name>A physical/authentication element is present and specifies a method attribute with a value of MD5 or SHA-1</name>
      <description>Check for presence of a physical/authentication element containing a checksum or hash value for an integrity check (e.g. MD5, SHA-1). Warn if an entity does not have a physical/authentication element, or if none of the physical/authentication elements specify a method attribute with a value of MD5 or SHA-1.</description>
      <expected>At least one physical/authentication element with a method attribute specifying MD5 or SHA-1 and containing a checksum or hash value that can be used to perform an integrity check on the data.</expected>
      <found>true</found>
      <status>valid</status>
      <explanation>PASTA will use this value to check the integrity of the data it downloads from your site. In addition, PASTA is planning to compare the contributor-supplied checksum/hash value documented 
      in the physical/authentication element to the checksum/hash value of this entity downloaded from previous revisions of this data package. If PASTA already has a copy of this entity, it will be able 
      to avoid an unnecessary download of the entity from your site, resulting in faster processing of the new data package revision when you update it in PASTA.</explanation>
      <suggestion>Add a physical/authentication element and store the entity checksum or hash value in it using a method such as MD5 or SHA-1.</suggestion>
      <reference></reference>
    </qualityCheck>
    <qualityCheck qualityType="data" system="knb" statusType="info" >
      <identifier>displayDownloadData</identifier>
      <name>Display downloaded data</name>
      <description>Display the first kilobyte of data that is downloaded</description>
      <expected>Up to one kilobyte of data should be displayed</expected>
      <found>Cannot display NON-PLAIN TEXT DATA</found>
      <status>info</status>
      <explanation></explanation>
      <suggestion></suggestion>
      <reference></reference>
    </qualityCheck>
    <qualityCheck qualityType="congruency" system="knb" statusType="error" >
      <identifier>urlReturnsData</identifier>
      <name>URL returns data</name>
      <description>Checks whether a URL returns data. Unless the URL is specified to be function="information", the URL should return the resource for download.</description>
      <expected>A data entity that matches the metadata</expected>
      <found>true</found>
      <status>valid</status>
      <explanation></explanation>
      <suggestion></suggestion>
      <reference>http://knb.ecoinformatics.org/software/eml/eml-2.1.0/eml-resource.html#UrlType</reference>
    </qualityCheck>
    <qualityCheck qualityType="congruency" system="knb" statusType="error" >
      <identifier>onlineURLs</identifier>
      <name>Online URLs are live</name>
      <description>Check that online URLs return something</description>
      <expected>true</expected>
      <found>true</found>
      <status>valid</status>
      <explanation>Succeeded in accessing URL: <![CDATA[https://ezeml.edirepository.org/user-data/PAL-04e7b50e325fe831d997d067d0c8f5f4/uploads/knb-lter-pal.34.7/34_charcot_monsic_1178_0721.txt]]></explanation>
      <suggestion></suggestion>
      <reference></reference>
    </qualityCheck>
    <qualityCheck qualityType="congruency" system="lter" statusType="error" >
      <identifier>integrityChecksum</identifier>
      <name>Compare the metadata checksum for an entity to the checksum of the downloaded entity</name>
      <description>Two possible responses: valid if checksums match; error if checksums do not match.</description>
      <expected>e10712969d22f4c89544a18a87c97eca</expected>
      <found>e10712969d22f4c89544a18a87c97eca</found>
      <status>valid</status>
      <explanation>Matching checksums will ensure data integrity during upload to the repository.</explanation>
      <suggestion>If the found integrity hash value does not match the expected integrity hash value, there may have been a loss of integrity in the data download. Check that the hash method and hash value documented in the metadata are the correct values.</suggestion>
      <reference></reference>
    </qualityCheck>
    <qualityCheck qualityType="congruency" system="knb" statusType="error" >
      <identifier>entitySizeCongruence</identifier>
      <name>Check that the entity size in the Level 0 metadata matches the one PASTA+ generates.</name>
      <description>Compare raw file size of file to [entity]/physical/size element in metadata. Return error if not matching.</description>
      <expected>7313</expected>
      <found>7313</found>
      <status>valid</status>
      <explanation>Examining the entity size is a method for checking that this is the correct entity.</explanation>
      <suggestion>Check the entity size.</suggestion>
      <reference></reference>
    </qualityCheck>
  </entityReport>
  <entityReport>
    <entityName>Monthly Sea Ice Concentration for the Marguerite Bay area</entityName>
    <qualityCheck qualityType="metadata" system="knb" statusType="warn" >
      <identifier>entityNameLength</identifier>
      <name>Length of entityName is not excessive (less than 100 char)</name>
      <description>length of entity name is less than 100 characters</description>
      <expected>entityName value is 100 characters or less</expected>
      <found>57</found>
      <status>valid</status>
      <explanation></explanation>
      <suggestion></suggestion>
      <reference></reference>
    </qualityCheck>
    <qualityCheck qualityType="metadata" system="lter" statusType="warn" >
      <identifier>entityDescriptionPresent</identifier>
      <name>An entity description is present</name>
      <description>Check for presence of an entity description.</description>
      <expected>EML Best practices pp. 32-33, "...should have enough information for a user..."</expected>
      <found>true</found>
      <status>valid</status>
      <explanation>With entityName sometimes serving as a file name rather than a title, it is important to be very descriptive here.</explanation>
      <suggestion></suggestion>
      <reference></reference>
    </qualityCheck>
    <qualityCheck qualityType="metadata" system="knb" statusType="info" >
      <identifier>numHeaderLinesPresent</identifier>
      <name>'numHeaderLines' element is present</name>
      <description>Check for presence of the 'numHeaderLines' element.</description>
      <expected>Document contains 'numHeaderLines' element.</expected>
      <found>No 'numHeaderLines' element found</found>
      <status>info</status>
      <explanation>If data file contains header lines, 'numHeaderLines' must be specified.</explanation>
      <suggestion>Add 'numHeaderLines' element if needed.</suggestion>
      <reference></reference>
    </qualityCheck>
    <qualityCheck qualityType="metadata" system="knb" statusType="info" >
      <identifier>numFooterLinesPresent</identifier>
      <name>'numFooterLines' element is present</name>
      <description>Check for presence of the 'numFooterLines' element.</description>
      <expected>Document contains 'numFooterLines' element.</expected>
      <found>No 'numFooterLines' element found</found>
      <status>info</status>
      <explanation>If data file contains footer lines, 'numFooterLines' must be specified.</explanation>
      <suggestion>Add 'numFooterLines' element if needed.</suggestion>
      <reference></reference>
    </qualityCheck>
    <qualityCheck qualityType="metadata" system="knb" statusType="error" >
      <identifier>fieldDelimiterValid</identifier>
      <name>Field delimiter is a single character</name>
      <description>Field delimiters should be one character only</description>
      <expected>A single character is expected</expected>
      <found>null</found>
      <status>info</status>
      <explanation>A fieldDelimiter value is not checked for binary entities or entities with an externally defined format</explanation>
      <suggestion></suggestion>
      <reference>http://knb.ecoinformatics.org/software/eml/eml-2.1.0/eml-physical.html#fieldDelimiter</reference>
    </qualityCheck>
    <qualityCheck qualityType="metadata" system="knb" statusType="warn" >
      <identifier>recordDelimiterPresent</identifier>
      <name>Record delimiter is present</name>
      <description>Check presence of record delimiter. Check that the record delimiter is one of the suggested values.</description>
      <expected>A record delimiter from a list of suggested values: \n, \r, \r\n, #x0A, #x0D, #x0D#x0A</expected>
      <found>null</found>
      <status>info</status>
      <explanation>A recordDelimiter value is not checked for binary entities or entities with an externally defined format</explanation>
      <suggestion></suggestion>
      <reference>http://knb.ecoinformatics.org/software/eml/eml-2.1.0/eml-physical.html#recordDelimiter</reference>
    </qualityCheck>
    <qualityCheck qualityType="metadata" system="knb" statusType="warn" >
      <identifier>entitySizePresence</identifier>
      <name>Check for presence of an entity size element</name>
      <description>Look for entity size element as a prep for checking congruence, and if not present, generate a warn. Note that to be most useful (i.e, to check congruence), entity size should contain the most precise measure of size, which is "byte" (the default unit); however, the presence or name of the entity size unit is NOT checked.</description>
      <expected>Entity size is present. If unit="byte" or unit is omitted (default = byte), then congruence can be checked.</expected>
      <found>Found entity size element with value of 7282 and size unit specified as 'byte'.</found>
      <status>valid</status>
      <explanation>Examining the entity size is prep for checking congruence. Including the element is best practice, and if not present, a warn is generated. To be most useful, entity size should contain the most precise measure of size, which is "byte" (the default unit).</explanation>
      <suggestion>Include an entity size in bytes</suggestion>
      <reference> Example success: knb-lter-sbc.3.12. Example of size in units other than byte: knb-lter-mcr.6.56.</reference>
    </qualityCheck>
    <qualityCheck qualityType="metadata" system="lter" statusType="warn" >
      <identifier>integrityChecksumPresence</identifier>
      <name>A physical/authentication element is present and specifies a method attribute with a value of MD5 or SHA-1</name>
      <description>Check for presence of a physical/authentication element containing a checksum or hash value for an integrity check (e.g. MD5, SHA-1). Warn if an entity does not have a physical/authentication element, or if none of the physical/authentication elements specify a method attribute with a value of MD5 or SHA-1.</description>
      <expected>At least one physical/authentication element with a method attribute specifying MD5 or SHA-1 and containing a checksum or hash value that can be used to perform an integrity check on the data.</expected>
      <found>true</found>
      <status>valid</status>
      <explanation>PASTA will use this value to check the integrity of the data it downloads from your site. In addition, PASTA is planning to compare the contributor-supplied checksum/hash value documented 
      in the physical/authentication element to the checksum/hash value of this entity downloaded from previous revisions of this data package. If PASTA already has a copy of this entity, it will be able 
      to avoid an unnecessary download of the entity from your site, resulting in faster processing of the new data package revision when you update it in PASTA.</explanation>
      <suggestion>Add a physical/authentication element and store the entity checksum or hash value in it using a method such as MD5 or SHA-1.</suggestion>
      <reference></reference>
    </qualityCheck>
    <qualityCheck qualityType="data" system="knb" statusType="info" >
      <identifier>displayDownloadData</identifier>
      <name>Display downloaded data</name>
      <description>Display the first kilobyte of data that is downloaded</description>
      <expected>Up to one kilobyte of data should be displayed</expected>
      <found>Cannot display NON-PLAIN TEXT DATA</found>
      <status>info</status>
      <explanation></explanation>
      <suggestion></suggestion>
      <reference></reference>
    </qualityCheck>
    <qualityCheck qualityType="congruency" system="knb" statusType="error" >
      <identifier>urlReturnsData</identifier>
      <name>URL returns data</name>
      <description>Checks whether a URL returns data. Unless the URL is specified to be function="information", the URL should return the resource for download.</description>
      <expected>A data entity that matches the metadata</expected>
      <found>true</found>
      <status>valid</status>
      <explanation></explanation>
      <suggestion></suggestion>
      <reference>http://knb.ecoinformatics.org/software/eml/eml-2.1.0/eml-resource.html#UrlType</reference>
    </qualityCheck>
    <qualityCheck qualityType="congruency" system="knb" statusType="error" >
      <identifier>onlineURLs</identifier>
      <name>Online URLs are live</name>
      <description>Check that online URLs return something</description>
      <expected>true</expected>
      <found>true</found>
      <status>valid</status>
      <explanation>Succeeded in accessing URL: <![CDATA[https://ezeml.edirepository.org/user-data/PAL-04e7b50e325fe831d997d067d0c8f5f4/uploads/knb-lter-pal.34.7/34_mbay_monsic_1178_0721.txt]]></explanation>
      <suggestion></suggestion>
      <reference></reference>
    </qualityCheck>
    <qualityCheck qualityType="congruency" system="lter" statusType="error" >
      <identifier>integrityChecksum</identifier>
      <name>Compare the metadata checksum for an entity to the checksum of the downloaded entity</name>
      <description>Two possible responses: valid if checksums match; error if checksums do not match.</description>
      <expected>a2e272ffde90295c882d5ed4460278c6</expected>
      <found>a2e272ffde90295c882d5ed4460278c6</found>
      <status>valid</status>
      <explanation>Matching checksums will ensure data integrity during upload to the repository.</explanation>
      <suggestion>If the found integrity hash value does not match the expected integrity hash value, there may have been a loss of integrity in the data download. Check that the hash method and hash value documented in the metadata are the correct values.</suggestion>
      <reference></reference>
    </qualityCheck>
    <qualityCheck qualityType="congruency" system="knb" statusType="error" >
      <identifier>entitySizeCongruence</identifier>
      <name>Check that the entity size in the Level 0 metadata matches the one PASTA+ generates.</name>
      <description>Compare raw file size of file to [entity]/physical/size element in metadata. Return error if not matching.</description>
      <expected>7282</expected>
      <found>7282</found>
      <status>valid</status>
      <explanation>Examining the entity size is a method for checking that this is the correct entity.</explanation>
      <suggestion>Check the entity size.</suggestion>
      <reference></reference>
    </qualityCheck>
  </entityReport>
</qr:qualityReport>
