study_name,time,island_name,colony_code,sample_number,organism_weight,sex,dorsal_ridge_length,dorsal_ridge_depth
,UTC,,,,gram,,mm,mm
PAL9192,1992-01-15T16:30:00Z,TOR,12,91001.0,4900.0,U,37.6,19.0
PAL9192,1992-01-15T16:30:00Z,TOR,12,91002.0,4650.0,U,37.5,18.7
PAL9192,1992-01-15T16:30:00Z,TOR,12,91003.0,4650.0,U,39.0,21.0
PAL9192,1992-01-15T16:30:00Z,TOR,12,91004.0,4450.0,U,34.9,17.6
PAL9192,1992-01-15T16:30:00Z,TOR,12,91005.0,4350.0,U,35.7,17.7
PAL9192,1992-01-20T18:30:00Z,TOR,12,91006.0,4200.0,U,40.0,18.3
PAL9192,1992-01-20T18:30:00Z,TOR,12,91007.0,4350.0,U,37.0,16.7
PAL9192,1992-01-20T18:30:00Z,TOR,12,91008.0,4100.0,U,39.0,17.0
PAL9192,1992-01-20T18:30:00Z,TOR,12,91009.0,4250.0,U,34.9,18.4
PAL9192,1992-01-20T18:30:00Z,TOR,12,91010.0,4350.0,U,36.8,18.0
PAL9192,1992-01-25T19:00:00Z,TOR,12,91011.0,4650.0,U,38.4,17.9
PAL9192,1992-01-25T19:00:00Z,TOR,12,91012.0,4350.0,U,37.5,17.8
PAL9192,1992-01-25T19:00:00Z,TOR,12,91013.0,4500.0,U,38.8,17.1
PAL9192,1992-01-25T19:00:00Z,TOR,12,91014.0,4050.0,U,35.6,14.7
PAL9192,1992-01-25T19:00:00Z,TOR,12,91015.0,4750.0,U,42.0,19.0
PAL9192,1992-01-30T17:30:00Z,TOR,12,91016.0,4650.0,U,42.4,19.5
PAL9192,1992-01-30T17:30:00Z,TOR,12,91017.0,4150.0,U,37.6,17.3
PAL9192,1992-01-30T17:30:00Z,TOR,12,91018.0,4550.0,U,38.5,19.3
PAL9192,1992-01-30T17:30:00Z,TOR,12,91019.0,4100.0,U,35.8,17.8
PAL9192,1992-01-30T17:30:00Z,TOR,12,91020.0,4150.0,U,37.7,16.8
PAL9192,1992-02-04T17:30:00Z,TOR,12,91021.0,4550.0,U,39.5,18.1
PAL9192,1992-02-04T17:30:00Z,TOR,12,91022.0,4650.0,U,41.0,19.1
PAL9192,1992-02-04T17:30:00Z,TOR,12,91023.0,4650.0,U,39.8,19.6
PAL9192,1992-02-04T17:30:00Z,TOR,12,91024.0,4150.0,U,35.8,19.4
PAL9192,1992-02-04T17:30:00Z,TOR,12,91025.0,4650.0,U,43.1,19.1
PAL9192,1992-02-09T16:00:00Z,TOR,12,91026.0,4350.0,U,34.7,18.3
PAL9192,1992-02-09T16:00:00Z,TOR,12,91027.0,4300.0,U,39.7,17.5
PAL9192,1992-02-09T16:00:00Z,TOR,12,91028.0,4950.0,U,43.9,18.5
PAL9192,1992-02-09T16:00:00Z,TOR,12,91029.0,4500.0,U,36.2,17.0
PAL9192,1992-02-09T16:00:00Z,TOR,12,91030.0,4750.0,U,36.1,16.4
PAL9192,1992-02-14T18:00:00Z,TOR,12,91031.0,5200.0,U,37.5,19.8
PAL9192,1992-02-14T18:00:00Z,TOR,12,91032.0,5100.0,U,43.4,20.0
PAL9192,1992-02-14T18:00:00Z,TOR,12,91033.0,4700.0,U,40.5,17.9
PAL9192,1992-02-14T18:00:00Z,TOR,12,91034.0,4350.0,U,34.8,17.7
PAL9192,1992-02-14T18:00:00Z,TOR,12,91035.0,4900.0,U,39.5,19.4
PAL9192,1992-02-19T16:30:00Z,TOR,12,91036.0,4050.0,U,41.8,17.4
PAL9192,1992-02-19T16:30:00Z,TOR,12,91037.0,5600.0,U,35.5,16.1
PAL9192,1992-02-19T16:30:00Z,TOR,12,91038.0,4650.0,U,36.2,18.6
PAL9192,1992-02-19T16:30:00Z,TOR,12,91039.0,4700.0,U,38.6,18.2
PAL9192,1992-02-19T16:30:00Z,TOR,12,91040.0,4750.0,U,37.8,17.0
PAL9293,1993-01-11T17:00:00Z,TOR,12,92001.0,4600.0,M,39.5,18.4
PAL9293,1993-01-11T17:00:00Z,TOR,12,92002.0,3950.0,F,33.5,17.6
PAL9293,1993-01-11T17:00:00Z,TOR,12,92003.0,4000.0,M,36.0,17.4
PAL9293,1993-01-11T17:00:00Z,TOR,12,92004.0,4950.0,M,39.3,20.6
PAL9293,1993-01-11T17:00:00Z,TOR,12,92005.0,4000.0,F,35.1,16.2
PAL9293,1993-01-19T17:00:00Z,TOR,12,92006.0,4100.0,F,37.4,17.2
PAL9293,1993-01-19T17:00:00Z,TOR,12,92007.0,5150.0,M,41.4,18.5
PAL9293,1993-01-19T17:00:00Z,TOR,12,92008.0,4750.0,F,38.7,18.1
PAL9293,1993-01-19T17:00:00Z,TOR,12,92009.0,4300.0,F,35.6,17.0
PAL9293,1993-01-19T17:00:00Z,TOR,12,92010.0,4650.0,M,43.7,19.5
PAL9293,1993-01-23T17:30:00Z,TOR,23,92011.0,5200.0,F,34.5,18.5
PAL9293,1993-01-23T17:30:00Z,TOR,23,92012.0,5200.0,M,39.7,19.1
PAL9293,1993-01-23T17:30:00Z,TOR,23,92013.0,4850.0,M,37.8,18.4
PAL9293,1993-01-23T17:30:00Z,TOR,23,92014.0,4900.0,F,36.5,19.9
PAL9293,1993-01-23T17:30:00Z,TOR,23,92015.0,4550.0,M,39.6,17.5
PAL9293,1993-01-30T17:00:00Z,TOR,23,92016.0,4150.0,M,38.0,17.2
PAL9293,1993-01-30T17:00:00Z,TOR,23,92017.0,3950.0,M,40.3,20.5
PAL9293,1993-01-30T17:00:00Z,TOR,23,92018.0,3850.0,F,35.0,15.9
PAL9293,1993-01-30T17:00:00Z,TOR,23,92019.0,4400.0,M,36.5,19.9
PAL9293,1993-01-30T17:00:00Z,TOR,23,92020.0,3500.0,F,39.0,20.0
PAL9293,1993-02-04T17:00:00Z,TOR,23,92021.0,4400.0,F,37.5,17.6
PAL9293,1993-02-04T17:00:00Z,TOR,23,92022.0,4275.0,F,37.0,18.7
PAL9293,1993-02-04T17:00:00Z,TOR,23,92023.0,4600.0,M,37.5,17.0
PAL9293,1993-02-04T17:00:00Z,TOR,23,92024.0,5000.0,M,40.0,19.1
PAL9293,1993-02-04T17:00:00Z,TOR,23,92025.0,4950.0,M,40.1,19.8
PAL9293,1993-02-09T18:00:00Z,TOR,23,92026.0,4750.0,F,36.5,17.7
PAL9293,1993-02-09T18:00:00Z,TOR,23,92027.0,4600.0,F,35.3,16.3
PAL9293,1993-02-09T18:00:00Z,TOR,23,92028.0,4900.0,M,41.7,19.3
PAL9293,1993-02-09T18:00:00Z,TOR,23,92029.0,5200.0,M,40.8,19.5
PAL9293,1993-02-09T18:00:00Z,TOR,23,92030.0,4700.0,F,35.8,18.6
PAL9293,1993-02-14T18:00:00Z,TOR,23,92031.0,4250.0,M,38.9,19.2
PAL9293,1993-02-14T18:00:00Z,TOR,23,92032.0,3500.0,F,33.6,17.9
PAL9293,1993-02-14T18:00:00Z,TOR,23,92033.0,4100.0,F,37.5,18.1
PAL9293,1993-02-14T18:00:00Z,TOR,23,92034.0,4450.0,M,38.7,18.4
PAL9293,1993-02-14T18:00:00Z,TOR,23,92035.0,4300.0,M,38.8,18.6
PAL9293,1993-02-19T18:00:00Z,TOR,23,92036.0,4150.0,F,36.1,18.0
PAL9293,1993-02-19T18:00:00Z,TOR,23,92037.0,4700.0,M,44.7,19.2
PAL9293,1993-02-19T18:00:00Z,TOR,23,92038.0,4950.0,F,36.6,19.0
PAL9293,1993-02-19T18:00:00Z,TOR,23,92039.0,4550.0,F,39.4,16.7
PAL9293,1993-02-19T18:00:00Z,TOR,23,92040.0,4750.0,F,36.6,17.1
PAL9394,1994-01-11T17:00:00Z,TOR,23,93001.0,4950.0,M,39.3,17.7
PAL9394,1994-01-11T17:00:00Z,TOR,23,93002.0,4700.0,M,40.2,18.0
PAL9394,1994-01-11T17:00:00Z,TOR,23,93003.0,5200.0,M,40.9,20.5
PAL9394,1994-01-11T17:00:00Z,TOR,23,93004.0,4450.0,F,38.0,19.0
PAL9394,1994-01-11T17:00:00Z,TOR,23,93005.0,4150.0,F,36.5,17.7
PAL9394,1994-01-16T16:30:00Z,TOR,23,93006.0,4050.0,F,34.4,17.7
PAL9394,1994-01-16T16:30:00Z,TOR,23,93007.0,4400.0,M,35.4,19.5
PAL9394,1994-01-16T16:30:00Z,TOR,23,93008.0,4650.0,M,40.0,21.6
PAL9394,1994-01-16T16:30:00Z,TOR,23,93009.0,4550.0,F,37.5,19.2
PAL9394,1994-01-16T16:30:00Z,TOR,23,93010.0,4800.0,M,41.2,22.2
PAL9394,1994-01-21T17:30:00Z,TOR,23,93011.0,4050.0,F,37.6,17.8
PAL9394,1994-01-21T17:30:00Z,TOR,23,93012.0,4450.0,M,40.4,20.3
PAL9394,1994-01-21T17:30:00Z,TOR,23,93013.0,4500.0,F,36.6,18.6
PAL9394,1994-01-21T17:30:00Z,TOR,23,93014.0,4400.0,F,37.0,16.5
PAL9394,1994-01-21T17:30:00Z,TOR,23,93015.0,4100.0,F,39.5,19.4
PAL9394,1994-01-26T16:30:00Z,TOR,23,93016.0,5200.0,M,39.0,21.5
PAL9394,1994-01-26T16:30:00Z,TOR,23,93017.0,4250.0,F,38.2,22.2
PAL9394,1994-01-26T16:30:00Z,TOR,23,93018.0,5200.0,M,40.9,19.2
PAL9394,1994-01-26T16:30:00Z,TOR,23,93019.0,4450.0,M,40.5,18.4
PAL9394,1994-01-26T16:30:00Z,TOR,23,93020.0,4550.0,F,37.2,16.8
PAL9394,1994-02-01T19:00:00Z,TOR,23,93021.0,4250.0,M,40.8,18.2
PAL9394,1994-02-01T19:00:00Z,TOR,23,93022.0,4400.0,F,37.7,17.6
PAL9394,1994-02-01T19:00:00Z,TOR,23,93023.0,4350.0,F,36.2,19.0
PAL9394,1994-02-01T19:00:00Z,TOR,23,93024.0,4950.0,M,39.5,19.1
PAL9394,1994-02-01T19:00:00Z,TOR,23,93025.0,4400.0,M,40.0,22.0
PAL9394,1994-02-07T16:30:00Z,TOR,23,93026.0,3700.0,F,37.7,18.5
PAL9394,1994-02-07T16:30:00Z,TOR,23,93027.0,4150.0,F,38.3,17.5
PAL9394,1994-02-07T16:30:00Z,TOR,23,93028.0,4500.0,M,39.1,19.2
PAL9394,1994-02-07T16:30:00Z,TOR,23,93029.0,4150.0,F,37.6,17.4
PAL9394,1994-02-07T16:30:00Z,TOR,23,93030.0,4450.0,F,36.6,18.5
PAL9394,1994-02-13T16:30:00Z,TOR,23,93031.0,3950.0,F,37.0,16.1
PAL9394,1994-02-13T16:30:00Z,TOR,23,93032.0,4250.0,M,39.9,19.2
PAL9394,1994-02-13T16:30:00Z,TOR,23,93033.0,3900.0,F,36.5,18.0
PAL9394,1994-02-13T16:30:00Z,TOR,23,93034.0,4250.0,M,38.3,20.4
PAL9394,1994-02-13T16:30:00Z,TOR,23,93035.0,4450.0,M,41.7,20.1
PAL9394,1994-02-18T18:30:00Z,TOR,23,93036.0,3650.0,F,34.4,17.0
PAL9394,1994-02-18T18:30:00Z,TOR,23,93037.0,4400.0,F,38.0,18.2
PAL9394,1994-02-18T18:30:00Z,TOR,23,93038.0,4350.0,M,39.1,18.3
PAL9394,1994-02-18T18:30:00Z,TOR,23,93039.0,5300.0,M,39.4,19.2
PAL9394,1994-02-18T18:30:00Z,TOR,23,93040.0,0.0,F,37.0,18.5
PAL9495,1995-01-11T16:30:00Z,TOR,23,94001.0,4100.0,F,37.6,16.4
PAL9495,1995-01-11T16:30:00Z,TOR,23,94002.0,3900.0,M,39.1,18.5
PAL9495,1995-01-11T16:30:00Z,TOR,23,94003.0,4600.0,F,37.5,17.8
PAL9495,1995-01-11T16:30:00Z,TOR,23,94004.0,3900.0,M,39.5,21.6
PAL9495,1995-01-11T16:30:00Z,TOR,23,94005.0,4350.0,M,40.7,18.8
PAL9495,1995-01-17T18:00:00Z,TOR,23,94006.0,4250.0,M,39.7,17.8
PAL9495,1995-01-17T18:00:00Z,TOR,23,94007.0,3800.0,F,34.8,17.2
PAL9495,1995-01-17T18:00:00Z,TOR,23,94008.0,3850.0,F,37.2,18.2
PAL9495,1995-01-17T18:00:00Z,TOR,23,94009.0,4300.0,M,38.0,18.7
PAL9495,1995-01-17T18:00:00Z,TOR,23,94010.0,4050.0,F,38.4,18.3
PAL9495,1995-01-22T19:00:00Z,TOR,23,94011.0,4600.0,M,39.6,20.0
PAL9495,1995-01-22T19:00:00Z,TOR,23,94012.0,4300.0,M,35.7,18.7
PAL9495,1995-01-22T19:00:00Z,TOR,23,94013.0,3950.0,F,34.5,14.8
PAL9495,1995-01-22T19:00:00Z,TOR,23,94014.0,4750.0,M,38.8,19.7
PAL9495,1995-01-22T19:00:00Z,TOR,23,94015.0,4950.0,M,40.5,19.1
PAL9495,1995-01-27T18:00:00Z,TOR,23,94016.0,4200.0,F,37.3,18.5
PAL9495,1995-01-27T18:00:00Z,TOR,23,94017.0,4300.0,M,40.7,18.2
PAL9495,1995-01-27T18:00:00Z,TOR,23,94018.0,4550.0,M,41.1,19.0
PAL9495,1995-01-27T18:00:00Z,TOR,23,94019.0,4950.0,M,42.4,18.6
PAL9495,1995-01-27T18:00:00Z,TOR,23,94020.0,4250.0,F,34.1,17.4
PAL9495,1995-02-02T18:30:00Z,TOR,23,94021.0,4400.0,F,36.0,17.9
PAL9495,1995-02-02T18:30:00Z,TOR,23,94022.0,3750.0,F,37.3,17.8
PAL9495,1995-02-02T18:30:00Z,TOR,23,94023.0,4250.0,F,32.7,17.7
PAL9495,1995-02-02T18:30:00Z,TOR,23,94024.0,4150.0,M,39.6,17.8
PAL9495,1995-02-02T18:30:00Z,TOR,23,94025.0,5050.0,M,37.3,19.2
PAL9495,1995-02-06T18:30:00Z,TOR,23,94026.0,3950.0,F,34.4,17.0
PAL9495,1995-02-06T18:30:00Z,TOR,23,94027.0,4250.0,M,40.0,19.4
PAL9495,1995-02-06T18:30:00Z,TOR,23,94028.0,3900.0,M,40.6,18.5
PAL9495,1995-02-06T18:30:00Z,TOR,23,94029.0,4250.0,F,35.3,15.5
PAL9495,1995-02-06T18:30:00Z,TOR,23,94030.0,4300.0,M,40.8,17.5
PAL9495,1995-02-13T19:00:00Z,TOR,23,94031.0,4100.0,F,34.5,17.6
PAL9495,1995-02-13T19:00:00Z,TOR,23,94032.0,5200.0,M,39.8,18.2
PAL9495,1995-02-13T19:00:00Z,TOR,23,94033.0,4650.0,F,36.0,17.0
PAL9495,1995-02-13T19:00:00Z,TOR,23,94034.0,4300.0,M,38.6,18.7
PAL9495,1995-02-13T19:00:00Z,TOR,23,94035.0,5200.0,M,38.6,19.0
PAL9495,1995-02-18T19:30:00Z,TOR,23,94036.0,4350.0,M,40.7,18.8
PAL9495,1995-02-18T19:30:00Z,TOR,23,94037.0,5000.0,M,43.5,20.3
PAL9495,1995-02-18T19:30:00Z,TOR,23,94038.0,4750.0,F,37.5,19.0
PAL9495,1995-02-18T19:30:00Z,TOR,23,94039.0,5200.0,F,35.6,17.8
PAL9495,1995-02-18T19:30:00Z,TOR,23,94040.0,4450.0,F,38.2,18.7
PAL9596,1996-01-11T18:30:00Z,TOR,23,95001.0,4650.0,M,41.7,17.8
PAL9596,1996-01-11T18:30:00Z,TOR,23,95002.0,4200.0,F,38.2,17.3
PAL9596,1996-01-11T18:30:00Z,TOR,23,95003.0,4200.0,F,35.7,16.7
PAL9596,1996-01-11T18:30:00Z,TOR,23,95004.0,6000.0,M,42.4,19.8
PAL9596,1996-01-11T18:30:00Z,TOR,23,95005.0,4600.0,F,38.2,17.3
PAL9596,1996-01-16T18:30:00Z,TOR,23,95006.0,3825.0,F,37.4,16.8
PAL9596,1996-01-16T18:30:00Z,TOR,23,95007.0,4400.0,F,36.1,16.9
PAL9596,1996-01-16T18:30:00Z,TOR,23,95008.0,4400.0,M,42.3,18.5
PAL9596,1996-01-16T18:30:00Z,TOR,23,95009.0,4625.0,F,34.7,18.4
PAL9596,1996-01-16T18:30:00Z,TOR,23,95010.0,4625.0,F,37.3,17.6
PAL9596,1996-01-22T19:00:00Z,TOR,23,95011.0,4625.0,M,39.2,18.7
PAL9596,1996-01-22T19:00:00Z,TOR,23,95012.0,4400.0,F,36.1,18.0
PAL9596,1996-01-22T19:00:00Z,TOR,23,95013.0,4225.0,F,38.3,17.8
PAL9596,1996-01-22T19:00:00Z,TOR,23,95014.0,4475.0,M,38.2,18.9
PAL9596,1996-01-22T19:00:00Z,TOR,23,95015.0,5600.0,F,37.7,17.5
PAL9596,1996-01-27T19:30:00Z,TOR,23,95016.0,4100.0,F,35.4,18.0
PAL9596,1996-01-27T19:30:00Z,TOR,23,95017.0,3750.0,F,37.8,18.0
PAL9596,1996-01-27T19:30:00Z,TOR,23,95018.0,4525.0,M,38.7,18.9
PAL9596,1996-01-27T19:30:00Z,TOR,23,95019.0,4150.0,F,36.2,17.5
PAL9596,1996-01-27T19:30:00Z,TOR,23,95020.0,4300.0,F,33.3,16.5
PAL9596,1996-02-01T19:00:00Z,TOR,23,95021.0,3900.0,F,36.3,17.5
PAL9596,1996-02-01T19:00:00Z,TOR,23,95022.0,4300.0,M,37.7,19.1
PAL9596,1996-02-01T19:00:00Z,TOR,23,95023.0,4750.0,M,38.9,17.0
PAL9596,1996-02-01T19:00:00Z,TOR,23,95024.0,4050.0,M,38.2,18.0
PAL9596,1996-02-01T19:00:00Z,TOR,23,95025.0,4450.0,M,40.3,19.8
PAL9596,1996-02-06T19:00:00Z,TOR,23,95026.0,4450.0,F,37.8,18.9
PAL9596,1996-02-06T19:00:00Z,TOR,23,95027.0,4450.0,M,37.6,19.5
PAL9596,1996-02-06T19:00:00Z,TOR,23,95028.0,4075.0,F,38.9,19.2
PAL9596,1996-02-06T19:00:00Z,TOR,23,95029.0,5200.0,M,42.4,19.6
PAL9596,1996-02-06T19:00:00Z,TOR,23,95030.0,4650.0,F,36.3,18.5
PAL9596,1996-02-11T17:30:00Z,TOR,23,95031.0,5200.0,M,38.7,20.3
PAL9596,1996-02-11T17:30:00Z,TOR,23,95032.0,4450.0,F,38.3,19.6
PAL9596,1996-02-11T17:30:00Z,TOR,23,95033.0,5000.0,M,38.3,17.8
PAL9596,1996-02-11T17:30:00Z,TOR,23,95034.0,4300.0,F,36.8,17.3
PAL9596,1996-02-11T17:30:00Z,TOR,23,95035.0,4225.0,F,35.3,16.7
PAL9596,1996-02-17T19:00:00Z,TOR,23,95036.0,4250.0,F,36.8,16.9
PAL9596,1996-02-17T19:00:00Z,TOR,23,95037.0,3900.0,F,37.6,17.9
PAL9596,1996-02-17T19:00:00Z,TOR,23,95038.0,3950.0,F,38.0,18.2
PAL9596,1996-02-17T19:00:00Z,TOR,23,95039.0,3800.0,M,39.6,19.4
PAL9596,1996-02-17T19:00:00Z,TOR,23,95040.0,4050.0,F,36.3,19.3
PAL9697,1997-01-06T19:00:00Z,TOR,23,96001.0,4050.0,F,38.1,18.0
PAL9697,1997-01-06T19:00:00Z,TOR,23,96002.0,4200.0,M,41.2,20.0
PAL9697,1997-01-06T19:00:00Z,TOR,23,96003.0,4600.0,F,34.5,17.1
PAL9697,1997-01-06T19:00:00Z,TOR,23,96004.0,4500.0,M,40.8,20.2
PAL9697,1997-01-06T19:00:00Z,TOR,23,96005.0,3800.0,F,35.9,17.3
PAL9697,1997-01-11T19:00:00Z,TOR,23,96006.0,3850.0,M,40.0,18.5
PAL9697,1997-01-11T19:00:00Z,TOR,23,96007.0,3800.0,F,37.5,19.1
PAL9697,1997-01-11T19:00:00Z,TOR,23,96008.0,4150.0,F,35.2,18.8
PAL9697,1997-01-11T19:00:00Z,TOR,23,96009.0,4575.0,M,43.2,20.3
PAL9697,1997-01-11T19:00:00Z,TOR,23,96010.0,3550.0,F,38.2,17.2
PAL9697,1997-01-16T19:30:00Z,TOR,23,96011.0,4150.0,F,36.9,18.9
PAL9697,1997-01-16T19:30:00Z,TOR,23,96012.0,3050.0,F,36.0,16.8
PAL9697,1997-01-16T19:30:00Z,TOR,23,96013.0,3850.0,F,34.3,17.6
PAL9697,1997-01-16T19:30:00Z,TOR,23,96014.0,4250.0,F,33.2,17.2
PAL9697,1997-01-16T19:30:00Z,TOR,23,96015.0,4300.0,M,42.0,20.2
PAL9697,1997-01-21T18:30:00Z,TOR,23,96016.0,3850.0,F,36.4,17.8
PAL9697,1997-01-21T18:30:00Z,TOR,23,96017.0,4500.0,F,35.8,19.0
PAL9697,1997-01-21T18:30:00Z,TOR,23,96018.0,4200.0,F,36.7,18.6
PAL9697,1997-01-21T18:30:00Z,TOR,23,96019.0,4200.0,F,37.2,17.0
PAL9697,1997-01-21T18:30:00Z,TOR,23,96020.0,3750.0,M,40.3,17.8
PAL9697,1997-01-26T19:00:00Z,TOR,23,96021.0,3750.0,F,35.4,17.7
PAL9697,1997-01-26T19:00:00Z,TOR,23,96022.0,4100.0,F,34.4,16.2
PAL9697,1997-01-26T19:00:00Z,TOR,23,96023.0,5200.0,M,40.2,18.4
PAL9697,1997-01-26T19:00:00Z,TOR,23,96024.0,4600.0,M,40.5,17.5
PAL9697,1997-01-26T19:00:00Z,TOR,23,96025.0,4000.0,F,38.1,18.1
PAL9697,1997-01-31T19:00:00Z,TOR,23,96026.0,3950.0,M,41.2,19.5
PAL9697,1997-01-31T19:00:00Z,TOR,23,96027.0,3950.0,F,34.2,19.8
PAL9697,1997-01-31T19:00:00Z,TOR,23,96028.0,4575.0,M,39.7,20.4
PAL9697,1997-01-31T19:00:00Z,TOR,23,96029.0,4400.0,F,37.4,18.0
PAL9697,1997-01-31T19:00:00Z,TOR,23,96030.0,4300.0,F,38.7,17.8
PAL9697,1997-02-05T18:00:00Z,TOR,23,96031.0,4750.0,M,38.7,18.5
PAL9697,1997-02-05T18:00:00Z,TOR,23,96032.0,4450.0,M,39.6,17.3
PAL9697,1997-02-05T18:00:00Z,TOR,23,96033.0,4700.0,M,41.2,18.8
PAL9697,1997-02-05T18:00:00Z,TOR,23,96034.0,4800.0,M,39.8,17.9
PAL9697,1997-02-05T18:00:00Z,TOR,23,96035.0,5000.0,M,42.5,19.4
PAL9697,1997-02-10T19:00:00Z,TOR,23,96036.0,4750.0,M,40.4,18.6
PAL9697,1997-02-10T19:00:00Z,TOR,23,96037.0,4050.0,F,35.5,18.2
PAL9697,1997-02-10T19:00:00Z,TOR,23,96038.0,4450.0,M,40.0,19.0
PAL9697,1997-02-10T19:00:00Z,TOR,23,96039.0,3750.0,F,39.4,18.5
PAL9697,1997-02-10T19:00:00Z,TOR,23,96040.0,5200.0,M,39.5,20.1
PAL9697,1997-02-15T18:30:00Z,TOR,23,96041.0,4700.0,M,41.9,19.9
PAL9697,1997-02-15T18:30:00Z,TOR,23,96042.0,6000.0,F,34.0,16.8
PAL9697,1997-02-15T18:30:00Z,TOR,23,96043.0,4150.0,F,31.7,16.0
PAL9697,1997-02-15T18:30:00Z,TOR,23,96044.0,6000.0,M,37.6,17.2
PAL9697,1997-02-15T18:30:00Z,TOR,23,96045.0,4400.0,F,34.6,16.4
PAL9798,1998-01-06T18:30:00Z,TOR,23,97001.0,4300.0,M,42.8,21.6
PAL9798,1998-01-06T18:30:00Z,TOR,23,97002.0,3700.0,F,33.8,17.6
PAL9798,1998-01-06T18:30:00Z,TOR,23,97003.0,3850.0,F,36.4,17.7
PAL9798,1998-01-06T18:30:00Z,TOR,23,97004.0,4500.0,M,38.2,17.6
PAL9798,1998-01-06T18:30:00Z,TOR,23,97005.0,4700.0,M,36.6,17.0
PAL9798,1998-01-11T19:00:00Z,TOR,23,97006.0,5100.0,M,39.3,18.3
PAL9798,1998-01-11T19:00:00Z,TOR,23,97007.0,4200.0,F,38.9,17.5
PAL9798,1998-01-11T19:00:00Z,TOR,23,97008.0,3450.0,F,37.8,15.9
PAL9798,1998-01-11T19:00:00Z,TOR,23,97009.0,3550.0,F,35.9,16.6
PAL9798,1998-01-11T19:00:00Z,TOR,23,97010.0,4800.0,M,41.2,17.6
PAL9798,1998-01-16T18:30:00Z,TOR,23,97011.0,4300.0,F,38.0,17.4
PAL9798,1998-01-16T18:30:00Z,TOR,23,97012.0,4750.0,M,40.8,18.7
PAL9798,1998-01-16T18:30:00Z,TOR,23,97013.0,4900.0,M,38.9,18.8
PAL9798,1998-01-16T18:30:00Z,TOR,23,97014.0,4250.0,M,38.6,18.8
PAL9798,1998-01-16T18:30:00Z,TOR,23,97015.0,3600.0,F,39.2,19.0
PAL9798,1998-01-21T18:30:00Z,TOR,23,97016.0,4200.0,F,36.8,16.5
PAL9798,1998-01-21T18:30:00Z,TOR,23,97017.0,3950.0,F,36.1,17.6
PAL9798,1998-01-21T18:30:00Z,TOR,23,97018.0,4600.0,M,39.8,18.8
PAL9798,1998-01-21T18:30:00Z,TOR,23,97019.0,4600.0,F,37.3,18.4
PAL9798,1998-01-21T18:30:00Z,TOR,23,97020.0,4100.0,F,37.5,17.6
PAL9798,1998-01-26T18:00:00Z,TOR,23,97021.0,4200.0,M,38.9,17.3
PAL9798,1998-01-26T18:00:00Z,TOR,23,97022.0,4350.0,F,35.0,18.4
PAL9798,1998-01-26T18:00:00Z,TOR,23,97023.0,4200.0,F,35.9,15.8
PAL9798,1998-01-26T18:00:00Z,TOR,23,97024.0,3950.0,M,39.0,17.6
PAL9798,1998-01-26T18:00:00Z,TOR,23,97025.0,4450.0,F,34.9,16.2
PAL9798,1998-01-31T18:00:00Z,TOR,23,97026.0,4200.0,M,38.6,17.9
PAL9798,1998-01-31T18:00:00Z,TOR,23,97027.0,4600.0,M,38.9,19.9
PAL9798,1998-01-31T18:00:00Z,TOR,23,97028.0,4700.0,M,37.1,19.4
PAL9798,1998-01-31T18:00:00Z,TOR,23,97029.0,4200.0,F,35.8,17.5
PAL9798,1998-01-31T18:00:00Z,TOR,23,97030.0,3900.0,F,36.8,19.8
PAL9798,1998-02-05T18:30:00Z,TOR,23,97031.0,4400.0,M,34.9,17.3
PAL9798,1998-02-05T18:30:00Z,TOR,23,97032.0,4000.0,F,38.0,17.3
PAL9798,1998-02-05T18:30:00Z,TOR,23,97033.0,4150.0,M,39.1,18.2
PAL9798,1998-02-05T18:30:00Z,TOR,23,97034.0,4100.0,M,38.0,18.4
PAL9798,1998-02-05T18:30:00Z,TOR,23,97035.0,3750.0,M,40.9,16.3
PAL9798,1998-02-10T18:00:00Z,TOR,23,97036.0,4200.0,M,39.8,17.8
PAL9798,1998-02-10T18:00:00Z,TOR,23,97037.0,4850.0,M,41.3,18.9
PAL9798,1998-02-10T18:00:00Z,TOR,23,97038.0,4250.0,F,34.6,16.4
PAL9798,1998-02-10T18:00:00Z,TOR,23,97039.0,4000.0,F,36.2,17.6
PAL9798,1998-02-10T18:00:00Z,TOR,23,97040.0,3900.0,F,37.1,17.2
PAL9798,1998-02-15T18:00:00Z,TOR,23,97041.0,3850.0,F,37.1,18.1
PAL9798,1998-02-15T18:00:00Z,TOR,23,97042.0,4200.0,M,40.0,18.2
PAL9798,1998-02-15T18:00:00Z,TOR,23,97043.0,3750.0,F,35.3,16.0
PAL9798,1998-02-15T18:00:00Z,TOR,23,97044.0,4050.0,F,37.9,17.4
PAL9798,1998-02-15T18:00:00Z,TOR,23,97045.0,4600.0,M,39.5,17.1
PAL9798,1998-02-20T17:00:00Z,TOR,23,97046.0,5500.0,M,39.5,17.8
PAL9798,1998-02-20T17:00:00Z,TOR,23,97047.0,5000.0,M,39.4,19.6
PAL9798,1998-02-20T17:00:00Z,TOR,23,97048.0,4450.0,F,38.5,19.0
PAL9798,1998-02-20T17:00:00Z,TOR,23,97049.0,4900.0,M,42.5,20.2
PAL9798,1998-02-20T17:00:00Z,TOR,23,97050.0,4050.0,F,38.0,18.1
PAL9899,1999-01-06T19:30:00Z,TOR,23,98001.0,4550.0,F,33.5,17.5
PAL9899,1999-01-06T19:30:00Z,TOR,23,98002.0,3850.0,F,37.4,17.4
PAL9899,1999-01-06T19:30:00Z,TOR,23,98003.0,4050.0,F,37.2,18.1
PAL9899,1999-01-06T19:30:00Z,TOR,23,98004.0,4400.0,F,38.0,18.1
PAL9899,1999-01-06T19:30:00Z,TOR,23,98005.0,4300.0,M,38.0,19.6
PAL9899,1999-01-11T20:00:00Z,TOR,23,98006.0,4300.0,F,36.5,17.5
PAL9899,1999-01-11T20:00:00Z,TOR,23,98007.0,3550.0,F,36.9,16.8
PAL9899,1999-01-11T20:00:00Z,TOR,23,98008.0,3700.0,F,36.9,17.3
PAL9899,1999-01-11T20:00:00Z,TOR,23,98009.0,3850.0,F,36.7,16.0
PAL9899,1999-01-11T20:00:00Z,TOR,23,98010.0,4150.0,M,37.7,18.0
PAL9899,1999-01-16T20:00:00Z,TOR,23,98011.0,3750.0,F,36.2,17.0
PAL9899,1999-01-16T20:00:00Z,TOR,23,98012.0,4050.0,F,32.7,17.7
PAL9899,1999-01-16T20:00:00Z,TOR,23,98013.0,4650.0,M,42.3,17.6
PAL9899,1999-01-16T20:00:00Z,TOR,23,98014.0,4200.0,M,40.2,16.1
PAL9899,1999-01-16T20:00:00Z,TOR,23,98015.0,4050.0,F,34.5,17.3
PAL9899,1999-01-21T17:30:00Z,TOR,23,98016.0,4000.0,F,35.2,16.7
PAL9899,1999-01-21T17:30:00Z,TOR,23,98017.0,5500.0,M,37.7,17.4
PAL9899,1999-01-21T17:30:00Z,TOR,23,98018.0,3800.0,F,35.0,17.5
PAL9899,1999-01-21T17:30:00Z,TOR,23,98019.0,4900.0,M,40.5,18.9
PAL9899,1999-01-21T17:30:00Z,TOR,23,98020.0,5500.0,M,38.3,18.0
PAL9899,1999-01-26T17:30:00Z,TOR,23,98021.0,4000.0,F,36.5,18.7
PAL9899,1999-01-26T17:30:00Z,TOR,23,98022.0,3950.0,F,38.5,16.5
PAL9899,1999-01-26T17:30:00Z,TOR,23,98023.0,3850.0,F,34.9,16.7
PAL9899,1999-01-26T17:30:00Z,TOR,23,98024.0,3750.0,F,34.6,16.4
PAL9899,1999-01-26T17:30:00Z,TOR,23,98025.0,4100.0,M,39.8,17.7
PAL9899,1999-02-01T18:00:00Z,TOR,23,98026.0,4800.0,M,40.7,19.0
PAL9899,1999-02-01T18:00:00Z,TOR,23,98027.0,4500.0,M,40.8,16.9
PAL9899,1999-02-01T18:00:00Z,TOR,23,98028.0,3550.0,F,35.3,17.0
PAL9899,1999-02-01T18:00:00Z,TOR,23,98029.0,4400.0,M,41.5,19.6
PAL9899,1999-02-01T18:00:00Z,TOR,23,98030.0,3850.0,F,36.3,15.5
PAL9899,1999-02-05T17:15:00Z,TOR,23,98031.0,5250.0,M,41.5,19.8
PAL9899,1999-02-05T17:15:00Z,TOR,23,98032.0,4000.0,F,37.5,18.3
PAL9899,1999-02-05T17:15:00Z,TOR,23,98033.0,4300.0,M,39.1,18.4
PAL9899,1999-02-05T17:15:00Z,TOR,23,98034.0,3850.0,F,33.4,15.7
PAL9899,1999-02-05T17:15:00Z,TOR,23,98035.0,4350.0,F,33.7,16.1
PAL9899,1999-02-11T17:30:00Z,TOR,23,98036.0,4250.0,F,35.0,18.5
PAL9899,1999-02-11T17:30:00Z,TOR,23,98037.0,4450.0,M,38.0,18.5
PAL9899,1999-02-11T17:30:00Z,TOR,23,98038.0,4750.0,M,38.3,18.0
PAL9899,1999-02-11T17:30:00Z,TOR,23,98039.0,4800.0,M,40.3,19.0
PAL9899,1999-02-11T17:30:00Z,TOR,23,98040.0,4550.0,M,39.4,18.0
PAL9899,1999-02-16T17:00:00Z,TOR,23,98041.0,4050.0,F,37.3,16.3
PAL9899,1999-02-16T17:00:00Z,TOR,23,98042.0,6000.0,M,41.8,17.5
PAL9899,1999-02-16T17:00:00Z,TOR,23,98043.0,5200.0,M,39.8,18.1
PAL9899,1999-02-16T17:00:00Z,TOR,23,98044.0,5500.0,M,40.2,18.7
PAL9899,1999-02-16T17:00:00Z,TOR,23,98045.0,5500.0,F,37.7,17.5
PAL9900,2000-01-09T19:00:00Z,TOR,23,99001.0,4200.0,M,39.1,18.9
PAL9900,2000-01-09T19:00:00Z,TOR,23,99002.0,4600.0,F,34.7,18.5
PAL9900,2000-01-09T19:00:00Z,TOR,23,99003.0,4950.0,M,39.0,20.0
PAL9900,2000-01-09T19:00:00Z,TOR,23,99004.0,4250.0,F,37.3,18.2
PAL9900,2000-01-09T19:00:00Z,TOR,23,99005.0,4100.0,F,37.1,20.1
PAL9900,2000-01-13T18:00:00Z,TOR,23,99006.0,3950.0,F,38.0,17.3
PAL9900,2000-01-13T18:00:00Z,TOR,23,99007.0,3750.0,F,36.9,17.0
PAL9900,2000-01-13T18:00:00Z,TOR,23,99008.0,4150.0,F,34.4,17.2
PAL9900,2000-01-13T18:00:00Z,TOR,23,99009.0,4000.0,F,36.3,15.9
PAL9900,2000-01-13T18:00:00Z,TOR,23,99010.0,4950.0,M,39.5,19.7
PAL9900,2000-01-18T18:30:00Z,TOR,23,99011.0,3850.0,F,34.0,18.8
PAL9900,2000-01-18T18:30:00Z,TOR,23,99012.0,4250.0,M,37.2,18.2
PAL9900,2000-01-18T18:30:00Z,TOR,23,99013.0,4050.0,F,35.7,17.8
PAL9900,2000-01-18T18:30:00Z,TOR,23,99014.0,4350.0,M,40.2,19.5
PAL9900,2000-01-18T18:30:00Z,TOR,23,99015.0,4750.0,F,31.6,16.0
PAL9900,2000-01-25T18:00:00Z,TOR,23,99016.0,4050.0,M,39.7,16.6
PAL9900,2000-01-25T18:00:00Z,TOR,23,99017.0,3750.0,F,38.3,15.8
PAL9900,2000-01-25T18:00:00Z,TOR,23,99018.0,4400.0,F,34.4,16.4
PAL9900,2000-01-25T18:00:00Z,TOR,23,99019.0,4100.0,F,36.6,17.3
PAL9900,2000-01-25T18:00:00Z,TOR,23,99020.0,4450.0,M,38.5,17.9
PAL9900,2000-01-29T18:00:00Z,TOR,23,99021.0,3850.0,F,36.0,16.7
PAL9900,2000-01-29T18:00:00Z,TOR,23,99022.0,4850.0,M,36.1,18.9
PAL9900,2000-01-29T18:00:00Z,TOR,23,99023.0,4600.0,M,38.8,18.2
PAL9900,2000-01-29T18:00:00Z,TOR,23,99024.0,3850.0,F,36.6,19.5
PAL9900,2000-01-29T18:00:00Z,TOR,23,99025.0,4700.0,M,43.5,19.5
PAL9900,2000-02-04T18:00:00Z,TOR,23,99026.0,4250.0,M,38.9,19.8
PAL9900,2000-02-04T18:00:00Z,TOR,23,99027.0,4400.0,F,35.1,17.6
PAL9900,2000-02-04T18:00:00Z,TOR,23,99028.0,3950.0,F,34.1,20.0
PAL9900,2000-02-04T18:00:00Z,TOR,23,99029.0,4600.0,M,39.8,18.6
PAL9900,2000-02-04T18:00:00Z,TOR,23,99030.0,4550.0,F,38.0,19.4
PAL9900,2000-02-07T18:30:00Z,TOR,23,99031.0,4500.0,M,38.7,19.0
PAL9900,2000-02-07T18:30:00Z,TOR,23,99032.0,4200.0,F,34.5,16.1
PAL9900,2000-02-07T18:30:00Z,TOR,23,99033.0,3950.0,M,40.3,18.6
PAL9900,2000-02-07T18:30:00Z,TOR,23,99034.0,4500.0,M,41.2,20.7
PAL9900,2000-02-07T18:30:00Z,TOR,23,99035.0,5400.0,M,37.6,19.6
PAL9900,2000-02-11T18:00:00Z,TOR,23,99036.0,4700.0,M,44.5,20.3
PAL9900,2000-02-11T18:00:00Z,TOR,23,99037.0,4450.0,M,42.0,19.5
PAL9900,2000-02-11T18:00:00Z,TOR,23,99038.0,4550.0,M,42.7,18.9
PAL9900,2000-02-11T18:00:00Z,TOR,23,99039.0,4400.0,F,39.1,18.3
PAL9900,2000-02-11T18:00:00Z,TOR,23,99040.0,3900.0,F,36.3,16.7
PAL0001,2000-12-27T19:00:00Z,TOR,23,1.0,4000.0,F,37.9,20.5
PAL0001,2000-12-27T19:00:00Z,TOR,23,2.0,4200.0,F,36.1,17.6
PAL0001,2000-12-27T19:00:00Z,TOR,23,3.0,5200.0,M,36.1,18.3
PAL0001,2000-12-27T19:00:00Z,TOR,23,4.0,3500.0,F,37.4,18.1
PAL0001,2000-12-27T19:00:00Z,TOR,23,5.0,4100.0,F,36.8,18.5
PAL0001,2001-01-09T10:30:00Z,TOR,23,6.0,4700.0,M,40.2,21.3
PAL0001,2001-01-09T10:30:00Z,TOR,23,7.0,4300.0,F,35.2,18.4
PAL0001,2001-01-09T10:30:00Z,TOR,23,8.0,3750.0,F,33.6,16.2
PAL0001,2001-01-09T10:30:00Z,TOR,23,9.0,4300.0,M,38.9,17.8
PAL0001,2001-01-09T10:30:00Z,TOR,23,10.0,4800.0,M,38.4,18.7
PAL0001,2001-01-12T18:30:00Z,TOR,23,11.0,4350.0,F,36.3,17.1
PAL0001,2001-01-12T18:30:00Z,TOR,23,12.0,4700.0,F,36.8,18.5
PAL0001,2001-01-12T18:30:00Z,TOR,23,13.0,4000.0,F,37.2,18.4
PAL0001,2001-01-12T18:30:00Z,TOR,23,14.0,3750.0,F,36.6,16.4
PAL0001,2001-01-12T18:30:00Z,TOR,23,15.0,3400.0,F,35.8,18.4
PAL0001,2001-01-18T19:00:00Z,TOR,23,16.0,4700.0,M,41.1,18.4
PAL0001,2001-01-18T19:00:00Z,TOR,23,17.0,4200.0,M,42.0,18.3
PAL0001,2001-01-18T19:00:00Z,TOR,23,18.0,3500.0,F,35.6,19.4
PAL0001,2001-01-18T19:00:00Z,TOR,23,19.0,4100.0,M,41.2,20.9
PAL0001,2001-01-18T19:00:00Z,TOR,23,20.0,4200.0,F,39.0,18.3
PAL0001,2001-01-24T17:30:00Z,TOR,23,21.0,4700.0,M,41.1,18.4
PAL0001,2001-01-24T17:30:00Z,TOR,23,22.0,4200.0,M,42.0,18.3
PAL0001,2001-01-24T17:30:00Z,TOR,23,23.0,3500.0,F,35.6,19.4
PAL0001,2001-01-24T17:30:00Z,TOR,23,24.0,4100.0,M,41.2,20.9
PAL0001,2001-01-24T17:30:00Z,TOR,23,25.0,4200.0,F,39.0,18.3
PAL0001,2001-01-30T19:30:00Z,TOR,23,26.0,4250.0,F,35.8,18.7
PAL0001,2001-01-30T19:30:00Z,TOR,23,27.0,4600.0,M,41.3,18.0
PAL0001,2001-01-30T19:30:00Z,TOR,23,28.0,4000.0,F,35.9,18.5
PAL0001,2001-01-30T19:30:00Z,TOR,23,29.0,4100.0,F,35.0,17.8
PAL0001,2001-01-30T19:30:00Z,TOR,23,30.0,3250.0,F,35.0,16.9
PAL0001,2001-02-03T18:00:00Z,TOR,23,31.0,4550.0,M,40.3,17.3
PAL0001,2001-02-03T18:00:00Z,TOR,23,32.0,4100.0,F,34.7,18.5
PAL0001,2001-02-03T18:00:00Z,TOR,23,33.0,3950.0,M,38.4,19.3
PAL0001,2001-02-03T18:00:00Z,TOR,23,34.0,3900.0,F,36.8,16.0
PAL0001,2001-02-03T18:00:00Z,TOR,23,35.0,4250.0,M,39.0,18.4
PAL0001,2001-02-10T18:00:00Z,TOR,23,36.0,3800.0,F,38.8,18.0
PAL0001,2001-02-10T18:00:00Z,TOR,23,37.0,3800.0,F,35.0,19.5
PAL0001,2001-02-10T18:00:00Z,TOR,23,38.0,4900.0,M,39.2,19.0
PAL0001,2001-02-10T18:00:00Z,TOR,23,39.0,3650.0,F,34.9,20.2
PAL0001,2001-02-10T18:00:00Z,TOR,23,40.0,3750.0,F,38.8,16.9
PAL0001,2001-02-15T18:00:00Z,TOR,23,41.0,4000.0,M,41.7,17.3
PAL0001,2001-02-15T18:00:00Z,TOR,23,42.0,4650.0,M,40.9,18.3
PAL0001,2001-02-15T18:00:00Z,TOR,23,43.0,3900.0,F,38.2,17.3
PAL0001,2001-02-15T18:00:00Z,TOR,23,44.0,4250.0,F,38.5,17.1
PAL0001,2001-02-15T18:00:00Z,TOR,23,45.0,4300.0,F,38.0,16.7
PAL0102,2001-12-05T18:25:00Z,TOR,23,1001.0,4000.0,F,37.8,17.8
PAL0102,2001-12-05T18:25:00Z,TOR,23,1002.0,3600.0,F,36.2,19.3
PAL0102,2001-12-05T18:25:00Z,TOR,23,1003.0,3900.0,F,37.6,18.4
PAL0102,2001-12-05T18:25:00Z,TOR,23,1004.0,4900.0,M,38.0,20.6
PAL0102,2001-12-28T18:00:00Z,TOR,23,1005.0,4300.0,M,41.0,19.8
PAL0102,2001-12-28T18:00:00Z,TOR,23,1006.0,4100.0,F,35.7,20.1
PAL0102,2001-12-28T18:00:00Z,TOR,23,1007.0,5000.0,M,37.7,20.8
PAL0102,2001-12-28T18:00:00Z,TOR,23,1008.0,4650.0,M,40.4,20.2
PAL0102,2001-12-28T18:00:00Z,TOR,23,1009.0,4200.0,M,39.5,19.5
PAL0102,2002-01-07T11:00:00Z,TOR,23,1010.0,4300.0,F,36.8,19.9
PAL0102,2002-01-07T11:00:00Z,TOR,23,1011.0,4700.0,M,40.1,20.0
PAL0102,2002-01-07T11:00:00Z,TOR,23,1012.0,4300.0,M,38.1,18.1
PAL0102,2002-01-07T11:00:00Z,TOR,23,1013.0,4250.0,M,40.7,20.1
PAL0102,2002-01-07T11:00:00Z,TOR,23,1014.0,4700.0,M,37.5,19.2
PAL0102,2002-01-15T21:00:00Z,TOR,23,1015.0,4350.0,M,40.9,20.0
PAL0102,2002-01-15T21:00:00Z,TOR,23,1016.0,4650.0,M,42.3,19.6
PAL0102,2002-01-15T21:00:00Z,TOR,23,1017.0,3850.0,M,40.9,18.6
PAL0102,2002-01-15T21:00:00Z,TOR,23,1018.0,4600.0,F,35.9,19.2
PAL0102,2002-01-15T21:00:00Z,TOR,23,1019.0,3950.0,M,40.6,17.9
PAL0102,2002-01-21T18:30:00Z,TOR,23,1020.0,4050.0,F,36.8,17.5
PAL0102,2002-01-21T18:30:00Z,TOR,23,1021.0,4250.0,F,36.1,20.1
PAL0102,2002-01-21T18:30:00Z,TOR,23,1022.0,3550.0,F,34.3,17.0
PAL0102,2002-01-21T18:30:00Z,TOR,23,1023.0,4000.0,M,40.4,20.0
PAL0102,2002-01-21T18:30:00Z,TOR,23,1024.0,4000.0,F,37.9,19.9
PAL0102,2002-01-31T19:30:00Z,TOR,23,1025.0,4650.0,M,42.3,18.0
PAL0102,2002-01-31T19:30:00Z,TOR,23,1026.0,4450.0,M,39.7,18.7
PAL0102,2002-01-31T19:30:00Z,TOR,23,1027.0,4450.0,M,38.0,22.0
PAL0102,2002-01-31T19:30:00Z,TOR,23,1028.0,3400.0,F,35.3,17.9
PAL0102,2002-01-31T19:30:00Z,TOR,23,1029.0,4250.0,F,36.0,16.5
PAL0102,2002-02-09T19:00:00Z,HUM,BCH,1030.0,4150.0,M,41.4,18.0
PAL0102,2002-02-09T19:00:00Z,HUM,BCH,1031.0,4050.0,F,36.2,18.7
PAL0102,2002-02-09T19:00:00Z,HUM,BCH,1032.0,4450.0,M,38.6,19.5
PAL0102,2002-02-09T19:00:00Z,HUM,BCH,1033.0,4400.0,M,37.5,18.6
PAL0102,2002-02-09T19:00:00Z,HUM,BCH,1034.0,4350.0,M,41.4,20.4
PAL0102,2002-02-22T19:00:00Z,HUM,BCH,1035.0,5000.0,F,36.1,17.7
PAL0102,2002-02-22T19:00:00Z,HUM,BCH,1036.0,4300.0,M,37.2,17.7
PAL0102,2002-02-22T19:00:00Z,HUM,BCH,1037.0,4750.0,M,38.8,18.7
PAL0203,2002-12-10T18:00:00Z,TOR,BCH,2001.0,4500.0,M,39.8,19.7
PAL0203,2002-12-10T18:00:00Z,TOR,BCH,2002.0,4700.0,M,40.2,19.4
PAL0203,2002-12-10T18:00:00Z,TOR,BCH,2003.0,5000.0,M,40.6,19.5
PAL0203,2002-12-10T18:00:00Z,TOR,BCH,2004.0,3650.0,M,37.2,18.7
PAL0203,2002-12-10T18:00:00Z,TOR,BCH,2005.0,4250.0,F,36.5,16.2
PAL0203,2002-12-22T19:00:00Z,TOR,BCH,2006.0,4200.0,M,36.4,17.4
PAL0203,2002-12-22T19:00:00Z,TOR,BCH,2007.0,4100.0,F,34.9,17.7
PAL0203,2002-12-22T19:00:00Z,TOR,BCH,2008.0,4350.0,M,39.4,17.8
PAL0203,2002-12-22T19:00:00Z,TOR,BCH,2009.0,4550.0,F,35.9,17.6
PAL0203,2002-12-22T19:00:00Z,TOR,BCH,2010.0,4550.0,F,32.4,18.4
PAL0203,2002-12-29T16:30:00Z,TOR,BCH,2011.0,4700.0,M,38.9,19.2
PAL0203,2002-12-29T16:30:00Z,TOR,BCH,2012.0,4400.0,M,35.4,16.7
PAL0203,2002-12-29T16:30:00Z,TOR,BCH,2013.0,4550.0,M,36.2,18.2
PAL0203,2002-12-29T16:30:00Z,TOR,BCH,2014.0,4300.0,M,36.4,18.9
PAL0203,2002-12-29T16:30:00Z,TOR,BCH,2015.0,3800.0,F,34.0,16.4
PAL0203,2003-01-05T18:00:00Z,TOR,BCH,2016.0,3950.0,F,36.2,20.1
PAL0203,2003-01-05T18:00:00Z,TOR,BCH,2017.0,4450.0,M,37.4,20.3
PAL0203,2003-01-05T18:00:00Z,TOR,BCH,2018.0,4100.0,M,38.5,19.5
PAL0203,2003-01-05T18:00:00Z,TOR,BCH,2019.0,4060.0,M,38.0,18.4
PAL0203,2003-01-05T18:00:00Z,TOR,BCH,2020.0,4350.0,F,34.7,17.8
PAL0203,2003-01-15T17:45:00Z,TOR,BCH,2021.0,3800.0,F,33.8,16.9
PAL0203,2003-01-15T17:45:00Z,TOR,BCH,2022.0,4450.0,M,39.6,19.1
PAL0203,2003-01-15T17:45:00Z,TOR,BCH,2023.0,4050.0,F,35.5,18.4
PAL0203,2003-01-15T17:45:00Z,TOR,BCH,2024.0,4250.0,M,38.6,17.8
PAL0203,2003-01-27T19:30:00Z,TOR,BCH,2025.0,4550.0,F,38.7,18.4
PAL0203,2003-01-27T19:35:00Z,TOR,BCH,2026.0,4150.0,F,34.8,16.6
PAL0203,2003-01-27T18:58:00Z,TOR,BCH,2027.0,4300.0,M,39.1,17.3
PAL0203,2003-01-27T19:10:00Z,TOR,BCH,2028.0,4400.0,M,42.2,18.2
PAL0203,2003-01-27T19:16:00Z,TOR,BCH,2029.0,4650.0,M,42.6,17.6
PAL0203,2003-02-10T16:05:00Z,HUM,BCH,2030.0,4300.0,F,36.8,19.0
PAL0203,2003-02-10T16:13:00Z,HUM,BCH,2031.0,4650.0,M,38.8,18.4
PAL0203,2003-02-10T16:25:00Z,HUM,BCH,2032.0,5050.0,M,44.7,20.4
PAL0203,2003-02-10T16:35:00Z,HUM,BCH,2033.0,4700.0,F,36.5,16.4
PAL0304,2004-01-15T16:00:00Z,TOR,23,3001.0,3950.0,F,37.8,17.5
PAL0304,2004-01-15T16:00:00Z,TOR,23,3002.0,4050.0,M,40.4,18.7
PAL0304,2004-01-15T16:00:00Z,TOR,23,3003.0,4900.0,M,36.8,18.0
PAL0304,2004-01-15T16:00:00Z,TOR,23,3004.0,4000.0,F,35.6,17.9
PAL0304,2004-01-15T16:00:00Z,TOR,23,3005.0,3850.0,F,35.6,16.2
PAL0304,2004-01-25T18:52:00Z,TOR,23,3006.0,4100.0,M,39.5,18.1
PAL0304,2004-01-25T18:52:00Z,TOR,23,3007.0,4300.0,M,40.3,18.0
PAL0304,2004-01-25T18:52:00Z,TOR,23,3008.0,4700.0,M,38.8,19.2
PAL0304,2004-01-25T18:52:00Z,TOR,23,3009.0,3750.0,F,36.4,16.7
PAL0304,2004-01-25T18:52:00Z,TOR,23,3010.0,4300.0,M,40.1,18.9
PAL0304,2004-02-05T17:30:00Z,TOR,23,3011.0,4300.0,F,37.0,17.8
PAL0304,2004-02-05T17:30:00Z,TOR,23,3012.0,4150.0,M,39.6,18.4
PAL0304,2004-02-05T17:30:00Z,TOR,23,3013.0,4550.0,F,35.6,17.4
PAL0304,2004-02-05T17:30:00Z,TOR,23,3014.0,4250.0,M,39.8,18.0
PAL0304,2004-02-05T17:30:00Z,TOR,23,3015.0,4650.0,M,40.7,18.0
PAL0405,2005-01-12T17:05:00Z,TOR,23,4001.0,3850.0,F,32.2,17.8
PAL0405,2005-01-12T17:05:00Z,TOR,23,4002.0,3950.0,M,36.6,19.3
PAL0405,2005-01-12T17:05:00Z,TOR,23,4003.0,4250.0,M,39.8,18.7
PAL0405,2005-01-12T17:05:00Z,TOR,23,4004.0,4500.0,M,38.8,18.7
PAL0405,2005-01-12T17:05:00Z,TOR,23,4005.0,3450.0,F,31.7,15.7
PAL0405,2005-01-21T18:50:00Z,TOR,23,4006.0,4900.0,M,41.4,18.1
PAL0405,2005-01-21T18:50:00Z,TOR,23,4007.0,4550.0,F,36.8,16.3
PAL0405,2005-01-21T18:50:00Z,TOR,23,4008.0,3800.0,M,39.1,18.6
PAL0405,2005-01-21T18:50:00Z,TOR,23,4009.0,4625.0,M,40.6,20.0
PAL0405,2005-01-21T18:50:00Z,TOR,23,4010.0,4450.0,F,36.5,18.1
PAL0405,2005-02-01T16:30:00Z,TOR,23,4011.0,5200.0,M,41.5,19.5
PAL0405,2005-02-01T16:30:00Z,TOR,23,4012.0,4300.0,F,36.0,17.4
PAL0405,2005-02-01T16:30:00Z,TOR,23,4013.0,4500.0,M,39.6,19.1
PAL0405,2005-02-01T16:30:00Z,TOR,23,4014.0,4050.0,M,39.1,17.0
PAL0405,2005-02-01T16:30:00Z,TOR,23,4015.0,4550.0,F,37.3,18.1
PAL0506,2005-12-27T19:20:00Z,TOR,BCH,5001.0,3650.0,F,35.4,18.4
PAL0506,2005-12-27T19:35:00Z,TOR,BCH,5002.0,3650.0,F,35.9,17.2
PAL0506,2005-12-27T19:50:00Z,TOR,BCH,5003.0,4350.0,M,39.3,19.2
PAL0506,2005-12-27T20:05:00Z,TOR,BCH,5004.0,4450.0,F,33.7,16.7
PAL0506,2005-12-27T20:20:00Z,TOR,BCH,5005.0,4400.0,M,38.2,17.3
PAL0506,2005-12-27T20:35:00Z,TOR,BCH,5006.0,3900.0,F,33.5,17.2
PAL0506,2006-01-11T18:30:00Z,TOR,BCH,5007.0,4150.0,M,39.4,16.2
PAL0506,2006-01-11T18:45:00Z,TOR,BCH,5008.0,4750.0,M,42.0,19.2
PAL0506,2006-01-11T19:00:00Z,TOR,BCH,5009.0,4200.0,F,35.7,15.8
PAL0506,2006-01-11T19:15:00Z,TOR,BCH,5010.0,4100.0,F,36.1,16.8
PAL0506,2006-01-11T19:30:00Z,TOR,BCH,5011.0,3700.0,F,34.6,14.4
PAL0506,2006-01-25T18:30:00Z,TOR,BCH,5012.0,3950.0,M,39.2,18.7
PAL0506,2006-01-25T18:30:00Z,TOR,BCH,5013.0,0.0,M,38.9,17.4
PAL0607,2007-01-06T16:30:00Z,TOR,BCH,6001.0,4600.0,M,42.0,18.1
PAL0607,2007-01-06T16:45:00Z,TOR,BCH,6002.0,4600.0,M,41.7,19.0
PAL0607,2007-01-06T17:00:00Z,TOR,BCH,6003.0,5100.0,M,37.8,18.2
PAL0607,2007-01-06T17:15:00Z,TOR,BCH,6004.0,4650.0,F,34.6,17.8
PAL0607,2007-01-06T17:15:00Z,TOR,BCH,6005.0,3350.0,F,36.5,16.4
PAL0607,2007-01-13T17:00:00Z,TOR,BCH,6006.0,4000.0,M,41.8,16.2
PAL0607,2007-01-13T17:15:00Z,TOR,BCH,6007.0,3900.0,M,40.4,19.1
PAL0607,2007-01-13T17:20:00Z,TOR,BCH,6008.0,3800.0,F,34.5,15.0
PAL0607,2007-01-13T17:30:00Z,TOR,BCH,6009.0,4000.0,F,36.7,16.6
PAL0607,2007-01-13T17:30:00Z,TOR,BCH,6010.0,4300.0,F,32.5,17.9
PAL0607,2007-01-19T17:30:00Z,TOR,BCH,6011.0,3600.0,F,36.8,16.6
PAL0607,2007-01-19T17:45:00Z,TOR,BCH,6012.0,3800.0,F,37.7,16.3
PAL0607,2007-01-19T18:00:00Z,TOR,BCH,6013.0,4400.0,M,38.1,18.3
PAL0607,2007-01-19T18:15:00Z,TOR,BCH,6014.0,4350.0,M,39.6,18.9
PAL0607,2007-01-19T18:40:00Z,TOR,BCH,6015.0,4050.0,F,35.4,17.3
PAL0607,2007-01-26T17:45:00Z,TOR,BCH,6016.0,4600.0,M,42.3,21.7
PAL0607,2007-01-26T17:45:00Z,TOR,BCH,6017.0,4150.0,M,38.9,18.9
PAL0607,2007-01-26T18:00:00Z,TOR,BCH,6018.0,3750.0,F,34.1,15.5
PAL0607,2007-01-26T18:05:00Z,TOR,BCH,6019.0,4950.0,M,38.9,18.2
PAL0607,2007-01-26T18:35:00Z,TOR,BCH,6020.0,4450.0,F,35.3,17.6
PAL0607,2007-02-02T16:20:00Z,TOR,BCH,6021.0,4150.0,M,38.7,19.5
PAL0607,2007-02-02T16:40:00Z,TOR,BCH,6022.0,4250.0,M,38.3,18.7
PAL0607,2007-02-02T17:00:00Z,TOR,BCH,6023.0,5000.0,M,37.9,18.2
PAL0607,2007-02-02T17:00:00Z,TOR,BCH,6024.0,4400.0,F,36.5,16.2
PAL0607,2007-02-02T17:10:00Z,TOR,BCH,6025.0,3850.0,F,35.9,17.6
PAL0708,2008-01-04T18:30:00Z,TOR,BCH,7001.0,4900.0,M,42.2,19.0
PAL0708,2008-01-04T18:50:00Z,TOR,BCH,7002.0,4450.0,F,35.1,17.3
PAL0708,2008-01-04T19:10:00Z,TOR,BCH,7003.0,3700.0,M,39.4,19.5
PAL0708,2008-01-04T19:30:00Z,TOR,BCH,7004.0,3650.0,M,40.0,18.1
PAL0708,2008-01-04T19:50:00Z,TOR,BCH,7005.0,3650.0,M,41.7,19.0
PAL0708,2008-01-11T18:50:00Z,TOR,BCH,7006.0,4625.0,M,39.4,19.8
PAL0708,2008-01-11T19:10:00Z,TOR,BCH,7007.0,5050.0,F,37.2,17.9
PAL0708,2008-01-11T19:30:00Z,TOR,BCH,7008.0,4050.0,F,35.0,15.9
PAL0708,2008-01-11T19:50:00Z,TOR,BCH,7009.0,3750.0,F,37.3,17.2
PAL0708,2008-01-11T20:10:00Z,TOR,BCH,7010.0,3950.0,F,34.5,15.2
PAL0708,2008-01-18T18:00:00Z,TOR,BCH,7011.0,4850.0,M,39.2,18.2
PAL0708,2008-01-18T18:20:00Z,TOR,BCH,7012.0,4300.0,F,38.3,16.7
PAL0708,2008-01-18T18:40:00Z,TOR,BCH,7013.0,4200.0,M,40.4,17.3
PAL0708,2008-01-18T19:00:00Z,TOR,BCH,7014.0,4050.0,M,39.4,18.1
PAL0708,2008-01-18T19:20:00Z,TOR,BCH,7015.0,3400.0,F,33.7,15.9
PAL0708,2008-01-27T18:40:00Z,TOR,BCH,7016.0,4950.0,M,36.2,20.2
PAL0708,2008-01-27T18:50:00Z,TOR,BCH,7017.0,3950.0,F,36.7,16.8
PAL0708,2008-01-27T19:05:00Z,TOR,BCH,7018.0,4150.0,M,37.0,17.3
PAL0708,2008-01-27T19:15:00Z,TOR,BCH,7019.0,3800.0,F,36.2,16.4
PAL0708,2008-01-27T19:30:00Z,TOR,BCH,7020.0,3750.0,F,38.8,16.8
PAL0708,2008-02-02T19:50:00Z,TOR,BCH,7021.0,4275.0,M,38.2,19.2
PAL0708,2008-02-02T20:05:00Z,TOR,BCH,7022.0,3800.0,F,34.6,17.6
PAL0708,2008-02-02T20:20:00Z,TOR,BCH,7023.0,3950.0,F,33.0,16.8
PAL0708,2008-02-02T20:30:00Z,TOR,BCH,7024.0,4150.0,M,43.8,17.6
PAL0708,2008-02-02T20:45:00Z,TOR,BCH,7025.0,3800.0,F,35.4,17.3
PAL0809,2009-01-07T20:15:00Z,TOR,BCH,8001.0,4750.0,M,38.5,18.1
PAL0809,2009-01-07T20:40:00Z,TOR,BCH,8002.0,3850.0,F,38.1,16.4
PAL0809,2009-01-19T18:37:00Z,TOR,BCH,8003.0,3750.0,F,37.1,17.0
PAL0809,2009-01-19T19:00:00Z,TOR,BCH,8004.0,4000.0,M,42.3,19.6
PAL0809,2009-01-19T19:20:00Z,TOR,BCH,8005.0,4275.0,F,35.0,16.8
PAL0809,2009-01-19T19:40:00Z,TOR,BCH,8006.0,4140.0,F,39.8,17.2
PAL0809,2009-01-19T20:00:00Z,TOR,BCH,8007.0,4850.0,M,38.3,18.3
PAL0809,2009-01-26T18:00:00Z,TOR,BCH,8008.0,4480.0,M,41.0,16.9
PAL0809,2009-01-26T18:15:00Z,TOR,BCH,8009.0,4390.0,F,34.7,17.3
PAL0809,2009-01-26T18:35:00Z,TOR,BCH,8010.0,4590.0,F,35.6,16.7
PAL0809,2009-01-26T18:50:00Z,TOR,BCH,8011.0,4650.0,M,41.4,17.5
PAL0809,2009-01-26T19:10:00Z,TOR,BCH,8012.0,5050.0,M,37.3,18.3
PAL0809,2009-02-02T18:05:00Z,TOR,BCH,8013.0,4650.0,F,36.7,17.3
PAL0809,2009-02-02T18:20:00Z,TOR,BCH,8014.0,4500.0,M,39.1,17.0
PAL0809,2009-02-02T18:40:00Z,TOR,BCH,8015.0,4040.0,F,36.4,15.8
PAL0809,2009-02-02T19:00:00Z,TOR,BCH,8016.0,4600.0,M,39.2,16.0
PAL0809,2009-02-02T19:20:00Z,TOR,BCH,8017.0,4710.0,M,43.2,18.4
PAL0910,2010-01-03T21:00:00Z,TOR,BCH,9001.0,4450.0,F,34.5,18.3
PAL0910,2010-01-03T21:00:00Z,TOR,BCH,9002.0,4900.0,M,38.5,19.3
PAL0910,2010-01-03T21:00:00Z,TOR,BCH,9003.0,4125.0,F,36.8,17.0
PAL0910,2010-01-12T19:30:00Z,TOR,BCH,9004.0,3700.0,F,38.6,17.9
PAL0910,2010-01-12T20:00:00Z,TOR,BCH,9005.0,4100.0,M,41.8,16.5
PAL0910,2010-01-12T20:30:00Z,TOR,BCH,9006.0,5000.0,M,37.6,19.5
PAL0910,2010-01-12T21:00:00Z,TOR,BCH,9007.0,4450.0,F,37.4,17.5
PAL0910,2010-01-12T21:30:00Z,TOR,BCH,9008.0,3650.0,F,38.9,18.7
PAL0910,2010-01-19T19:00:00Z,TOR,BCH,9009.0,4375.0,F,35.5,18.5
PAL0910,2010-01-19T19:00:00Z,TOR,BCH,9010.0,4550.0,M,38.5,18.0
PAL0910,2010-01-19T19:00:00Z,TOR,BCH,9011.0,3750.0,F,34.5,19.4
PAL0910,2010-01-19T19:00:00Z,TOR,BCH,9012.0,3850.0,M,38.9,18.1
PAL0910,2010-01-19T19:00:00Z,TOR,BCH,9013.0,3950.0,M,39.0,18.0
PAL0910,2010-01-26T18:00:00Z,TOR,BCH,9014.0,3950.0,F,37.9,18.6
PAL0910,2010-01-26T18:00:00Z,TOR,BCH,9015.0,3800.0,M,40.2,18.3
PAL0910,2010-01-26T18:00:00Z,TOR,BCH,9016.0,3450.0,F,33.9,15.6
PAL0910,2010-01-26T18:00:00Z,TOR,BCH,9017.0,3800.0,F,35.8,17.8
PAL0910,2010-01-26T18:00:00Z,TOR,BCH,9018.0,3975.0,M,41.0,17.8
PAL0910,2010-02-04T18:00:00Z,TOR,BCH,9019.0,4450.0,F,35.5,18.1
PAL0910,2010-02-04T18:00:00Z,TOR,BCH,9020.0,4175.0,M,38.2,18.4
PAL0910,2010-02-04T18:00:00Z,TOR,BCH,9021.0,4500.0,M,41.1,18.2
PAL0910,2010-02-04T18:00:00Z,TOR,BCH,9022.0,5025.0,M,43.8,17.9
PAL0910,2010-02-04T18:00:00Z,TOR,BCH,9023.0,4250.0,F,35.2,17.2
PAL1011,2011-01-01T18:40:00Z,TOR,23.0,10001.0,4800.0,M,37.1,19.0
PAL1011,2011-01-01T18:40:00Z,TOR,23.0,10002.0,3650.0,F,36.9,18.0
PAL1011,2011-01-01T18:40:00Z,TOR,23.0,10003.0,4025.0,F,36.8,18.2
PAL1011,2011-01-01T18:40:00Z,TOR,23.0,10004.0,4975.0,M,42.2,19.2
PAL1011,2011-01-01T18:40:00Z,TOR,23.0,10005.0,4050.0,M,39.7,18.5
PAL1011,2011-01-07T20:30:00Z,TOR,23.0,10006.0,4600.0,M,37.6,18.1
PAL1011,2011-01-07T20:30:00Z,TOR,23.0,10007.0,3650.0,F,36.2,17.4
PAL1011,2011-01-07T20:30:00Z,TOR,23.0,10008.0,5100.0,M,43.3,21.0
PAL1011,2011-01-07T20:30:00Z,TOR,23.0,10009.0,3600.0,F,34.3,15.3
PAL1011,2011-01-07T20:30:00Z,TOR,23.0,10010.0,4175.0,F,36.0,17.4
PAL1011,2011-01-15T20:00:00Z,TOR,23.0,10011.0,4225.0,F,33.0,16.6
PAL1011,2011-01-15T20:00:00Z,TOR,23.0,10012.0,4850.0,M,37.5,18.5
PAL1011,2011-01-15T20:00:00Z,TOR,23.0,10013.0,4225.0,F,38.8,18.3
PAL1011,2011-01-15T20:00:00Z,TOR,23.0,10014.0,4550.0,M,41.8,18.7
PAL1011,2011-01-15T20:00:00Z,TOR,23.0,10015.0,4600.0,M,40.8,17.6
PAL1011,2011-01-21T19:00:00Z,TOR,23.0,10016.0,3750.0,F,38.1,18.2
PAL1011,2011-01-21T19:00:00Z,TOR,23.0,10017.0,4475.0,F,36.0,18.2
PAL1011,2011-01-21T19:00:00Z,TOR,23.0,10018.0,4400.0,M,40.2,19.9
PAL1011,2011-01-21T19:00:00Z,TOR,23.0,10019.0,3550.0,F,37.7,16.7
PAL1011,2011-01-21T19:00:00Z,TOR,23.0,10020.0,5050.0,M,39.5,18.0
PAL1011,2011-01-27T19:00:00Z,TOR,23.0,10021.0,4300.0,M,41.5,18.6
PAL1011,2011-01-27T19:00:00Z,TOR,23.0,10022.0,4050.0,F,36.7,16.6
PAL1011,2011-01-27T19:00:00Z,TOR,23.0,10023.0,4125.0,F,39.7,17.1
PAL1011,2011-01-27T19:00:00Z,TOR,23.0,10024.0,3700.0,F,35.8,18.3
PAL1011,2011-01-27T19:00:00Z,TOR,23.0,10025.0,4200.0,M,41.3,17.8
PAL1112,2012-01-08T19:40:00Z,TOR,23.0,11001.0,3650.0,F,36.7,15.5
PAL1112,2012-01-08T19:40:00Z,TOR,23.0,11002.0,4000.0,M,37.6,19.2
PAL1112,2012-01-08T19:40:00Z,TOR,23.0,11003.0,4500.0,M,42.1,18.0
PAL1112,2012-01-08T19:40:00Z,TOR,23.0,11004.0,3950.0,F,36.0,18.8
PAL1112,2012-01-08T19:40:00Z,TOR,23.0,11005.0,4375.0,M,42.8,18.8
PAL1112,,TOR,23.0,11006.0,5100.0,M,38.3,18.2
PAL1112,,TOR,23.0,11007.0,5100.0,M,44.6,18.7
PAL1112,,TOR,23.0,11008.0,4650.0,M,36.6,18.9
PAL1112,,TOR,23.0,11009.0,3850.0,F,33.5,16.8
PAL1112,,TOR,23.0,11010.0,4050.0,F,36.6,16.1
PAL1112,2012-01-26T19:30:00Z,TOR,23.0,11011.0,4200.0,M,41.1,19.3
PAL1112,2012-01-26T19:30:00Z,TOR,23.0,11012.0,3700.0,F,36.7,17.5
PAL1112,2012-01-26T19:30:00Z,TOR,23.0,11013.0,4150.0,M,39.2,17.5
PAL1112,2012-01-26T19:30:00Z,TOR,23.0,11014.0,4000.0,F,36.7,17.2
PAL1112,2012-01-26T19:30:00Z,TOR,23.0,11015.0,3400.0,F,32.2,14.8
PAL1213,2013-01-03T20:00:00Z,TOR,23.0,12001.0,4700.0,M,47.3,20.1
PAL1213,2013-01-03T20:00:00Z,TOR,23.0,12002.0,3600.0,F,39.4,16.8
PAL1213,2013-01-03T20:00:00Z,TOR,23.0,12003.0,4300.0,F,38.4,17.5
PAL1213,2013-01-03T20:00:00Z,TOR,23.0,12004.0,4400.0,F,36.2,18.0
PAL1213,2013-01-03T20:00:00Z,TOR,23.0,12005.0,4300.0,M,43.0,18.3
PAL1213,2013-01-09T20:00:00Z,TOR,23.0,12006.0,4150.0,F,37.3,18.8
PAL1213,2013-01-09T20:00:00Z,TOR,23.0,12007.0,4150.0,M,40.9,19.5
PAL1213,2013-01-09T20:00:00Z,TOR,23.0,12008.0,4300.0,M,38.3,18.9
PAL1213,2013-01-09T20:00:00Z,TOR,23.0,12009.0,4600.0,M,40.1,19.3
PAL1213,2013-01-09T20:00:00Z,TOR,23.0,12010.0,3950.0,M,40.6,18.2
PAL1213,2013-01-16T19:00:00Z,TOR,BCH,12011.0,4400.0,M,43.2,19.9
PAL1213,2013-01-16T19:00:00Z,TOR,BCH,12012.0,3500.0,F,33.7,17.0
PAL1213,2013-01-16T19:00:00Z,TOR,BCH,12013.0,4150.0,M,40.0,20.6
PAL1213,2013-01-16T19:00:00Z,TOR,BCH,12014.0,4250.0,F,35.8,15.7
PAL1213,2013-01-16T19:00:00Z,TOR,BCH,12015.0,4350.0,M,39.6,18.6
PAL1213,2013-01-23T19:00:00Z,TOR,BCH,12016.0,4150.0,F,38.8,18.3
PAL1213,2013-01-23T19:00:00Z,TOR,BCH,12017.0,4900.0,M,41.8,21.0
PAL1213,2013-01-23T19:00:00Z,TOR,BCH,12018.0,4100.0,M,39.8,18.1
PAL1213,2013-01-23T19:00:00Z,TOR,BCH,12019.0,3750.0,M,41.6,17.8
PAL1213,2013-01-23T19:00:00Z,TOR,BCH,12020.0,3900.0,F,38.4,17.7
PAL1213,2013-01-28T19:30:00Z,TOR,BCH,12021.0,4550.0,M,44.1,19.7
PAL1213,2013-01-28T19:30:00Z,TOR,BCH,12022.0,4000.0,F,36.6,18.9
PAL1213,2013-01-28T19:30:00Z,TOR,BCH,12023.0,4050.0,F,37.7,17.8
PAL1213,2013-01-28T19:30:00Z,TOR,BCH,12024.0,3950.0,M,39.5,19.4
PAL1213,2013-01-28T19:30:00Z,TOR,BCH,12025.0,4450.0,F,38.2,17.9
PAL1314,2014-01-06T19:43:00Z,TOR,23.0,13002.0,4300.0,M,38.4,17.5
PAL1314,2014-01-06T19:43:00Z,TOR,23.0,13003.0,0.0,M,40.4,17.9
PAL1314,2014-01-06T19:43:00Z,TOR,23.0,13004.0,4400.0,M,40.2,18.7
PAL1314,2014-01-16T19:43:00Z,TOR,23.0,13005.0,4150.0,M,40.7,18.2
PAL1314,2014-01-16T19:43:00Z,TOR,23.0,13006.0,4600.0,M,37.1,20.0
PAL1314,2014-01-16T19:43:00Z,TOR,23.0,13007.0,3750.0,F,31.9,15.5
PAL1314,2014-01-16T19:43:00Z,TOR,23.0,13008.0,4000.0,F,35.1,16.6
PAL1314,2014-01-16T19:43:00Z,TOR,23.0,13009.0,4575.0,F,35.3,17.7
PAL1314,2014-01-22T18:53:00Z,TOR,23.0,13010.0,4300.0,F,37.9,18.2
PAL1314,2014-01-22T18:53:00Z,TOR,23.0,13011.0,5400.0,M,37.3,18.6
PAL1314,2014-01-22T18:53:00Z,TOR,23.0,13012.0,4950.0,M,41.0,17.3
PAL1314,2014-01-22T18:53:00Z,TOR,23.0,13013.0,4575.0,F,37.6,16.8
PAL1314,2014-01-22T18:53:00Z,TOR,23.0,13014.0,5000.0,M,42.1,18.2
PAL1314,2014-01-27T19:00:00Z,TOR,23.0,13015.0,4550.0,M,37.7,19.6
PAL1314,2014-01-27T19:00:00Z,TOR,23.0,13016.0,5000.0,M,41.6,19.8
PAL1314,2014-01-27T19:00:00Z,TOR,23.0,13017.0,4100.0,M,39.0,18.0
PAL1314,2014-01-27T19:00:00Z,TOR,23.0,13018.0,3900.0,F,36.6,17.0
PAL1314,2014-01-27T19:00:00Z,TOR,23.0,13020.0,4000.0,M,38.0,19.5
PAL1314,2014-02-01T18:20:00Z,TOR,23.0,13021.0,4850.0,F,38.4,16.1
PAL1314,2014-02-01T18:20:00Z,TOR,23.0,13022.0,3875.0,M,42.0,18.1
PAL1314,2014-02-01T18:20:00Z,TOR,23.0,12023.0,4900.0,M,41.4,18.5
PAL1314,2014-02-01T18:20:00Z,TOR,23.0,13024.0,4500.0,M,37.5,19.6
PAL1314,2014-02-01T18:20:00Z,TOR,23.0,13025.0,4625.0,M,44.6,19.2
PAL1415,2015-01-03T19:30:00Z,TOR,16.0,14001.0,5150.0,M,44.8,20.4
PAL1415,2015-01-03T19:30:00Z,TOR,16.0,14002.0,4175.0,F,37.8,16.9
PAL1415,2015-01-03T19:30:00Z,TOR,16.0,14003.0,4900.0,M,43.6,20.3
PAL1415,2015-01-03T19:30:00Z,TOR,16.0,14004.0,4675.0,F,37.1,19.0
PAL1415,2015-01-03T19:30:00Z,TOR,16.0,14005.0,4850.0,M,40.1,19.6
PAL1415,2015-01-11T18:30:00Z,TOR,16.0,14006.0,4150.0,M,39.4,16.3
PAL1415,2015-01-11T18:30:00Z,TOR,16.0,14007.0,4350.0,F,37.1,18.4
PAL1415,2015-01-11T18:30:00Z,TOR,16.0,14008.0,3650.0,F,37.8,17.5
PAL1415,2015-01-11T18:30:00Z,TOR,16.0,14009.0,4600.0,M,40.5,19.4
PAL1415,2015-01-11T18:30:00Z,TOR,16.0,14010.0,5100.0,M,42.3,18.4
PAL1415,2015-01-18T19:00:00Z,TOR,16.0,14011.0,4650.0,M,39.6,18.6
PAL1415,2015-01-18T19:00:00Z,TOR,16.0,14012.0,4250.0,M,41.7,20.0
PAL1415,2015-01-18T19:00:00Z,TOR,16.0,14013.0,4750.0,M,40.9,19.0
PAL1415,2015-01-18T19:00:00Z,TOR,16.0,14014.0,3850.0,F,34.5,16.2
PAL1415,2015-01-18T19:00:00Z,TOR,16.0,14015.0,4950.0,M,40.1,18.7
PAL1415,2015-01-26T19:30:00Z,TOR,16.0,14016.0,4100.0,F,36.0,17.8
PAL1415,2015-01-26T19:30:00Z,TOR,16.0,14017.0,3525.0,M,44.1,18.1
PAL1415,2015-01-26T19:30:00Z,TOR,16.0,14018.0,4550.0,M,37.1,17.9
PAL1415,2015-01-26T19:30:00Z,TOR,16.0,14019.0,4000.0,M,37.7,17.2
PAL1415,2015-01-26T19:30:00Z,TOR,16.0,14020.0,4250.0,F,36.0,17.4
PAL1415,2015-02-03T19:00:00Z,TOR,16.0,14021.0,4800.0,M,41.0,19.0
PAL1415,2015-02-03T19:00:00Z,TOR,16.0,14022.0,4300.0,M,42.0,18.8
PAL1415,2015-02-03T19:00:00Z,TOR,16.0,14023.0,4350.0,M,39.0,17.8
PAL1415,2015-02-03T19:00:00Z,TOR,16.0,14024.0,4100.0,M,40.6,18.8
PAL1415,2015-02-03T19:00:00Z,TOR,16.0,14025.0,3850.0,F,35.1,16.2
PAL1415,2015-02-09T19:00:00Z,TOR,16.0,14026.0,4000.0,M,39.7,18.5
PAL1415,2015-02-09T19:00:00Z,TOR,16.0,14027.0,3500.0,F,33.6,16.8
PAL1516,2016-01-06T18:40:00Z,TOR,16,15001.0,3900.0,F,38.0,18.9
PAL1516,2016-01-06T18:40:00Z,TOR,16,15002.0,4550.0,F,38.6,19.1
PAL1516,2016-01-06T18:40:00Z,TOR,16,15003.0,5600.0,M,45.8,20.8
PAL1516,2016-01-06T18:40:00Z,TOR,16,15004.0,4700.0,F,37.5,18.9
PAL1516,2016-01-06T18:40:00Z,TOR,16,15005.0,4800.0,M,41.8,19.8
PAL1516,2016-01-12T19:00:00Z,TOR,16,15006.0,3600.0,F,37.7,18.4
PAL1516,2016-01-12T19:00:00Z,TOR,16,15007.0,3300.0,F,34.1,15.5
PAL1516,2016-01-12T19:00:00Z,TOR,16,15008.0,4300.0,M,38.2,19.0
PAL1516,2016-01-12T19:00:00Z,TOR,16,15009.0,4100.0,F,36.1,16.8
PAL1516,2016-01-12T19:00:00Z,TOR,16,15010.0,4300.0,M,40.7,18.8
PAL1516,2016-01-18T18:30:00Z,TOR,16,15011.0,4100.0,M,40.7,19.1
PAL1516,2016-01-18T18:30:00Z,TOR,16,15012.0,5300.0,M,42.6,18.0
PAL1516,2016-01-18T18:30:00Z,TOR,16,15013.0,4600.0,F,35.8,16.8
PAL1516,2016-01-18T18:30:00Z,TOR,16,15014.0,4200.0,F,36.9,17.9
PAL1516,2016-01-18T18:30:00Z,TOR,16,15015.0,4300.0,F,38.3,17.0
PAL1516,2016-01-25T18:30:00Z,TOR,16,15016.0,5300.0,F,38.6,19.3
PAL1516,2016-01-25T18:30:00Z,TOR,16,15017.0,3700.0,F,34.5,15.7
PAL1516,2016-01-25T18:30:00Z,TOR,16,15018.0,4600.0,F,36.3,17.8
PAL1516,2016-01-25T18:30:00Z,TOR,16,15019.0,4700.0,M,42.5,18.7
PAL1516,2016-01-25T18:30:00Z,TOR,16,15020.0,4600.0,M,43.2,19.4
PAL1617,2017-01-05T19:30:00Z,TOR,23,16001.0,4100.0,F,36.5,17.5
PAL1617,2017-01-05T19:30:00Z,TOR,23,16002.0,4100.0,M,38.6,19.7
PAL1617,2017-01-05T19:30:00Z,TOR,23,16003.0,4450.0,M,40.1,18.1
PAL1617,2017-01-05T19:30:00Z,TOR,23,16004.0,3750.0,F,37.0,18.2
PAL1617,2017-01-05T19:30:00Z,TOR,23,16005.0,4100.0,F,35.2,18.0
PAL1617,2017-01-10T19:10:00Z,TOR,23,16006.0,3650.0,F,35.2,17.3
PAL1617,2017-01-10T19:10:00Z,TOR,23,16007.0,4650.0,M,39.9,18.2
PAL1617,2017-01-10T19:10:00Z,TOR,23,16008.0,4200.0,F,37.5,16.8
PAL1617,2017-01-10T19:10:00Z,TOR,23,16009.0,3800.0,F,33.9,15.7
PAL1617,2017-01-10T19:10:00Z,TOR,23,16010.0,5350.0,M,39.6,18.3
PAL1617,2017-01-15T18:44:00Z,TOR,23,16011.0,4950.0,M,39.4,18.3
PAL1617,2017-01-15T18:44:00Z,TOR,23,16012.0,4500.0,F,34.2,17.0
PAL1617,2017-01-15T18:44:00Z,TOR,23,16013.0,4450.0,F,37.8,18.0
PAL1617,2017-01-15T18:44:00Z,TOR,23,16014.0,3900.0,F,37.2,19.2
PAL1617,2017-01-15T18:44:00Z,TOR,23,16015.0,4350.0,M,39.5,19.0
PAL1617,2017-01-22T19:00:00Z,TOR,23,16016.0,4500.0,M,39.6,18.5
PAL1617,2017-01-22T19:00:00Z,TOR,23,16017.0,3550.0,F,38.7,16.3
PAL1617,2017-01-22T19:00:00Z,TOR,23,16018.0,4950.0,M,39.4,18.2
PAL1617,2017-01-22T19:00:00Z,TOR,23,16019.0,4750.0,M,41.8,18.1
PAL1617,2017-01-22T19:00:00Z,TOR,23,16020.0,4600.0,M,39.1,19.2
PAL1718,2018-01-03T19:15:00Z,TOR,23,17001.0,4550.0,F,38.1,18.6
PAL1718,2018-01-03T19:15:00Z,TOR,23,17002.0,4000.0,M,43.3,18.4
PAL1718,2018-01-03T19:15:00Z,TOR,23,17003.0,4200.0,M,38.6,18.9
PAL1718,2018-01-03T19:15:00Z,TOR,23,17004.0,4450.0,M,39.1,18.5
PAL1718,2018-01-03T19:15:00Z,TOR,23,17005.0,4000.0,M,40.3,17.5
PAL1718,2018-01-08T17:30:00Z,HUM,2,17006.0,4050.0,F,36.2,17.9
PAL1718,2018-01-08T17:30:00Z,HUM,2,17007.0,4400.0,M,38.8,17.2
PAL1718,2018-01-08T17:30:00Z,HUM,2,17008.0,4650.0,M,39.2,18.6
PAL1718,2018-01-08T17:30:00Z,HUM,2,17009.0,4800.0,F,33.8,18.3
PAL1718,2018-01-08T17:30:00Z,HUM,2,17010.0,4950.0,M,40.4,20.3
PAL1718,2018-01-15T18:00:00Z,TOR,23,17011.0,4950.0,M,36.8,18.7
PAL1718,2018-01-15T18:00:00Z,TOR,23,17012.0,3900.0,F,36.1,17.9
PAL1718,2018-01-15T18:00:00Z,TOR,23,17013.0,4300.0,M,39.3,19.2
PAL1718,2018-01-15T18:00:00Z,TOR,23,17014.0,3850.0,F,38.1,18.1
PAL1718,2018-01-15T18:00:00Z,TOR,23,17015.0,4200.0,F,37.9,20.2
PAL1718,2018-01-23T17:30:00Z,TOR,BCH,17016.0,4500.0,F,36.2,18.1
PAL1718,2018-01-23T17:30:00Z,TOR,BCH,17017.0,4350.0,M,39.7,19.8
PAL1718,2018-01-23T17:30:00Z,TOR,BCH,17018.0,4600.0,M,38.5,18.7
PAL1718,2018-01-23T17:30:00Z,TOR,BCH,17019.0,4150.0,F,36.6,17.2
PAL1718,2018-01-23T17:30:00Z,TOR,BCH,17020.0,4400.0,M,40.0,18.5
PAL1718,2018-01-29T17:30:00Z,TOR,BCH,17021.0,4750.0,M,39.7,18.0
PAL1718,2018-01-29T17:30:00Z,TOR,BCH,17022.0,4000.0,F,35.3,16.8
PAL1718,2018-01-29T17:30:00Z,TOR,BCH,17023.0,4150.0,M,40.7,18.8
PAL1718,2018-01-29T17:30:00Z,TOR,BCH,17024.0,4600.0,M,42.0,18.0
PAL1718,2018-01-29T17:30:00Z,TOR,BCH,17025.0,3900.0,F,37.7,18.0
PAL1718,,TOR,23,11006.0,5100.0,M,38.3,18.2
PAL1718,,TOR,23,11007.0,5100.0,M,44.6,18.7
PAL1718,,TOR,23,11008.0,4650.0,M,36.6,18.9
PAL1718,,TOR,23,11009.0,3850.0,F,33.5,16.8
PAL1718,,TOR,23,11010.0,4050.0,F,36.6,16.1
