study_name,time,island_name,colony_code,num_breeding_pairs
,UTC,,,
PAL9192,1991-11-03T00:00:00Z,TOR,1.0,143
PAL9192,1991-11-03T00:00:00Z,TOR,2.0,65
PAL9192,1991-11-03T00:00:00Z,TOR,3.0,25
PAL9192,1991-11-03T00:00:00Z,TOR,4.0,306
PAL9192,1991-11-03T00:00:00Z,TOR,5.0,134
PAL9192,1991-11-03T00:00:00Z,TOR,6.0,144
PAL9192,1991-11-03T00:00:00Z,TOR,12.0,220
PAL9192,1991-11-03T00:00:00Z,TOR,13.0,282
PAL9192,1991-11-03T00:00:00Z,TOR,15.0,165
PAL9192,1991-11-03T00:00:00Z,TOR,17.0,25
PAL9192,1991-11-03T00:00:00Z,TOR,18.0,290
PAL9192,1991-11-03T00:00:00Z,TOR,19.0,460
PAL9192,1991-11-03T00:00:00Z,TOR,20.0,243
PAL9192,1991-11-03T00:00:00Z,TOR,21.0,153
PAL9192,1991-11-03T00:00:00Z,TOR,22.0,121
PAL9192,1991-11-03T00:00:00Z,TOR,23.0,211
PAL9192,1991-11-03T00:00:00Z,TOR,23.1,29
PAL9192,1991-12-03T00:00:00Z,CHR,1.0,207
PAL9192,1991-12-03T00:00:00Z,CHR,2.0,182
PAL9192,1991-12-03T00:00:00Z,CHR,3.0,152
PAL9192,1991-12-03T00:00:00Z,CHR,3.1,0
PAL9192,1991-12-03T00:00:00Z,CHR,4.1,20
PAL9192,1991-12-03T00:00:00Z,CHR,4.2,0
PAL9192,1991-12-03T00:00:00Z,CHR,5.0,26
PAL9192,1991-12-03T00:00:00Z,CHR,6.0,119
PAL9192,1991-12-03T00:00:00Z,CHR,7.0,317
PAL9192,1991-12-03T00:00:00Z,CHR,7.1,26
PAL9192,1991-12-03T00:00:00Z,CHR,7.2,65
PAL9192,1991-12-03T00:00:00Z,CHR,8.0,166
PAL9192,1991-12-03T00:00:00Z,CHR,9.1,115
PAL9192,1991-12-03T00:00:00Z,CHR,10.0,15
PAL9192,1991-12-03T00:00:00Z,COR,1.0,7
PAL9192,1991-12-03T00:00:00Z,COR,2.0,79
PAL9192,1991-12-03T00:00:00Z,COR,3.0,36
PAL9192,1991-12-03T00:00:00Z,COR,4.0,18
PAL9192,1991-12-03T00:00:00Z,COR,5.0,309
PAL9192,1991-12-03T00:00:00Z,COR,5.1,137
PAL9192,1991-12-03T00:00:00Z,COR,6.0,95
PAL9192,1991-12-03T00:00:00Z,HUM,1.1,22
PAL9192,1991-12-03T00:00:00Z,HUM,1.2,31
PAL9192,1991-12-03T00:00:00Z,HUM,1.3,14
PAL9192,1991-12-03T00:00:00Z,HUM,2.1,130
PAL9192,1991-12-03T00:00:00Z,HUM,2.2,64
PAL9192,1991-12-03T00:00:00Z,HUM,3.0,289
PAL9192,1991-12-03T00:00:00Z,HUM,3.1,66
PAL9192,1991-12-03T00:00:00Z,HUM,4.0,104
PAL9192,1991-12-03T00:00:00Z,HUM,5.0,365
PAL9192,1991-12-07T00:00:00Z,LIT,1.0,15
PAL9192,1991-12-07T00:00:00Z,LIT,2.0,34
PAL9192,1991-12-07T00:00:00Z,LIT,3.0,7
PAL9192,1991-12-07T00:00:00Z,LIT,4.0,29
PAL9192,1991-12-07T00:00:00Z,LIT,5.0,83
PAL9192,1991-12-07T00:00:00Z,LIT,6.0,130
PAL9192,1991-12-07T00:00:00Z,LIT,7.0,64
PAL9192,1991-12-07T00:00:00Z,LIT,8.0,109
PAL9192,1991-12-07T00:00:00Z,LIT,9.0,26
PAL9293,1992-11-24T00:00:00Z,CHR,1.0,207
PAL9293,1992-11-24T00:00:00Z,CHR,2.0,63
PAL9293,1992-11-24T00:00:00Z,CHR,3.0,157
PAL9293,1992-11-24T00:00:00Z,CHR,3.1,0
PAL9293,1992-11-24T00:00:00Z,CHR,4.1,21
PAL9293,1992-11-24T00:00:00Z,CHR,4.2,0
PAL9293,1992-11-24T00:00:00Z,CHR,5.0,33
PAL9293,1992-11-24T00:00:00Z,CHR,6.0,109
PAL9293,1992-11-24T00:00:00Z,CHR,7.0,333
PAL9293,1992-11-24T00:00:00Z,CHR,7.1,25
PAL9293,1992-11-24T00:00:00Z,CHR,7.2,66
PAL9293,1992-11-24T00:00:00Z,CHR,8.0,162
PAL9293,1992-11-24T00:00:00Z,CHR,9.1,78
PAL9293,1992-11-24T00:00:00Z,CHR,10.0,14
PAL9293,1992-11-24T00:00:00Z,COR,1.0,5
PAL9293,1992-11-24T00:00:00Z,COR,2.0,86
PAL9293,1992-11-24T00:00:00Z,COR,3.0,35
PAL9293,1992-11-24T00:00:00Z,COR,4.0,17
PAL9293,1992-11-24T00:00:00Z,COR,5.0,297
PAL9293,1992-11-24T00:00:00Z,COR,5.1,133
PAL9293,1992-11-24T00:00:00Z,COR,6.0,100
PAL9293,1992-11-25T00:00:00Z,HUM,1.1,27
PAL9293,1992-11-25T00:00:00Z,HUM,1.2,35
PAL9293,1992-11-25T00:00:00Z,HUM,1.3,13
PAL9293,1992-11-25T00:00:00Z,HUM,2.1,121
PAL9293,1992-11-25T00:00:00Z,HUM,2.2,68
PAL9293,1992-11-25T00:00:00Z,HUM,3.0,295
PAL9293,1992-11-25T00:00:00Z,HUM,3.1,58
PAL9293,1992-11-25T00:00:00Z,HUM,4.0,100
PAL9293,1992-11-25T00:00:00Z,HUM,5.0,337
PAL9293,1992-11-25T00:00:00Z,LIT,1.0,18
PAL9293,1992-11-25T00:00:00Z,LIT,2.0,32
PAL9293,1992-11-25T00:00:00Z,LIT,3.0,6
PAL9293,1992-11-25T00:00:00Z,LIT,4.0,28
PAL9293,1992-11-25T00:00:00Z,LIT,5.0,83
PAL9293,1992-11-25T00:00:00Z,LIT,6.0,120
PAL9293,1992-11-25T00:00:00Z,LIT,7.0,71
PAL9293,1992-11-25T00:00:00Z,LIT,8.0,114
PAL9293,1992-11-25T00:00:00Z,LIT,9.0,24
PAL9293,1992-11-25T00:00:00Z,TOR,1.0,139
PAL9293,1992-11-25T00:00:00Z,TOR,2.0,60
PAL9293,1992-11-25T00:00:00Z,TOR,3.0,23
PAL9293,1992-11-25T00:00:00Z,TOR,4.0,295
PAL9293,1992-11-25T00:00:00Z,TOR,5.0,117
PAL9293,1992-11-25T00:00:00Z,TOR,6.0,113
PAL9293,1992-11-25T00:00:00Z,TOR,12.0,214
PAL9293,1992-11-25T00:00:00Z,TOR,13.0,269
PAL9293,1992-11-25T00:00:00Z,TOR,15.0,162
PAL9293,1992-11-25T00:00:00Z,TOR,17.0,24
PAL9293,1992-11-25T00:00:00Z,TOR,18.0,290
PAL9293,1992-11-25T00:00:00Z,TOR,19.0,432
PAL9293,1992-11-25T00:00:00Z,TOR,20.0,211
PAL9293,1992-11-25T00:00:00Z,TOR,21.0,132
PAL9293,1992-11-25T00:00:00Z,TOR,22.0,120
PAL9293,1992-11-25T00:00:00Z,TOR,23.0,196
PAL9293,1992-11-25T00:00:00Z,TOR,23.1,26
PAL9394,1993-11-27T00:00:00Z,HUM,1.1,26
PAL9394,1993-11-27T00:00:00Z,HUM,1.2,41
PAL9394,1993-11-27T00:00:00Z,HUM,1.3,16
PAL9394,1993-11-27T00:00:00Z,HUM,2.1,132
PAL9394,1993-11-27T00:00:00Z,HUM,2.2,73
PAL9394,1993-11-27T00:00:00Z,HUM,3.0,245
PAL9394,1993-11-27T00:00:00Z,HUM,3.1,6
PAL9394,1993-11-27T00:00:00Z,HUM,4.0,164
PAL9394,1993-11-27T00:00:00Z,HUM,5.0,345
PAL9394,1993-11-27T00:00:00Z,TOR,1.0,150
PAL9394,1993-11-27T00:00:00Z,TOR,2.0,57
PAL9394,1993-11-27T00:00:00Z,TOR,3.0,26
PAL9394,1993-11-27T00:00:00Z,TOR,4.0,281
PAL9394,1993-11-27T00:00:00Z,TOR,5.0,125
PAL9394,1993-11-27T00:00:00Z,TOR,6.0,102
PAL9394,1993-11-27T00:00:00Z,TOR,12.0,212
PAL9394,1993-11-27T00:00:00Z,TOR,13.0,274
PAL9394,1993-11-27T00:00:00Z,TOR,15.0,160
PAL9394,1993-11-27T00:00:00Z,TOR,17.0,23
PAL9394,1993-11-27T00:00:00Z,TOR,18.0,273
PAL9394,1993-11-27T00:00:00Z,TOR,19.0,477
PAL9394,1993-11-27T00:00:00Z,TOR,20.0,203
PAL9394,1993-11-27T00:00:00Z,TOR,21.0,150
PAL9394,1993-11-27T00:00:00Z,TOR,22.0,116
PAL9394,1993-11-27T00:00:00Z,TOR,23.0,211
PAL9394,1993-11-27T00:00:00Z,TOR,23.1,28
PAL9394,1993-11-29T00:00:00Z,CHR,1.0,202
PAL9394,1993-11-29T00:00:00Z,CHR,2.0,63
PAL9394,1993-11-29T00:00:00Z,CHR,3.0,137
PAL9394,1993-11-29T00:00:00Z,CHR,3.1,0
PAL9394,1993-11-29T00:00:00Z,CHR,4.1,21
PAL9394,1993-11-29T00:00:00Z,CHR,4.2,0
PAL9394,1993-11-29T00:00:00Z,CHR,5.0,33
PAL9394,1993-11-29T00:00:00Z,CHR,6.0,107
PAL9394,1993-11-29T00:00:00Z,CHR,7.0,323
PAL9394,1993-11-29T00:00:00Z,CHR,7.1,21
PAL9394,1993-11-29T00:00:00Z,CHR,7.2,65
PAL9394,1993-11-29T00:00:00Z,CHR,8.0,156
PAL9394,1993-11-29T00:00:00Z,CHR,9.1,32
PAL9394,1993-11-29T00:00:00Z,CHR,10.0,9
PAL9394,1993-11-29T00:00:00Z,COR,1.0,6
PAL9394,1993-11-29T00:00:00Z,COR,2.0,86
PAL9394,1993-11-29T00:00:00Z,COR,3.0,34
PAL9394,1993-11-29T00:00:00Z,COR,4.0,19
PAL9394,1993-11-29T00:00:00Z,COR,5.0,285
PAL9394,1993-11-29T00:00:00Z,COR,5.1,138
PAL9394,1993-11-29T00:00:00Z,COR,6.0,93
PAL9394,1993-11-29T00:00:00Z,LIT,1.0,17
PAL9394,1993-11-29T00:00:00Z,LIT,2.0,26
PAL9394,1993-11-29T00:00:00Z,LIT,3.0,3
PAL9394,1993-11-29T00:00:00Z,LIT,4.0,25
PAL9394,1993-11-29T00:00:00Z,LIT,5.0,85
PAL9394,1993-11-29T00:00:00Z,LIT,6.0,118
PAL9394,1993-11-29T00:00:00Z,LIT,7.0,65
PAL9394,1993-11-29T00:00:00Z,LIT,8.0,124
PAL9394,1993-11-29T00:00:00Z,LIT,9.0,22
PAL9495,1994-11-29T00:00:00Z,TOR,1.0,123
PAL9495,1994-11-29T00:00:00Z,TOR,2.0,44
PAL9495,1994-11-29T00:00:00Z,TOR,3.0,22
PAL9495,1994-11-29T00:00:00Z,TOR,4.0,250
PAL9495,1994-11-29T00:00:00Z,TOR,5.0,123
PAL9495,1994-11-29T00:00:00Z,TOR,6.0,86
PAL9495,1994-11-29T00:00:00Z,TOR,12.0,205
PAL9495,1994-11-29T00:00:00Z,TOR,13.0,256
PAL9495,1994-11-29T00:00:00Z,TOR,15.0,153
PAL9495,1994-11-29T00:00:00Z,TOR,17.0,21
PAL9495,1994-11-29T00:00:00Z,TOR,18.0,265
PAL9495,1994-11-29T00:00:00Z,TOR,19.0,378
PAL9495,1994-11-29T00:00:00Z,TOR,20.0,165
PAL9495,1994-11-29T00:00:00Z,TOR,21.0,137
PAL9495,1994-11-29T00:00:00Z,TOR,22.0,97
PAL9495,1994-11-29T00:00:00Z,TOR,23.0,206
PAL9495,1994-11-29T00:00:00Z,TOR,23.1,28
PAL9495,1994-11-30T00:00:00Z,HUM,1.1,20
PAL9495,1994-11-30T00:00:00Z,HUM,1.2,35
PAL9495,1994-11-30T00:00:00Z,HUM,1.3,10
PAL9495,1994-11-30T00:00:00Z,HUM,2.1,122
PAL9495,1994-11-30T00:00:00Z,HUM,2.2,63
PAL9495,1994-11-30T00:00:00Z,HUM,3.0,253
PAL9495,1994-11-30T00:00:00Z,HUM,3.1,5
PAL9495,1994-11-30T00:00:00Z,HUM,4.0,148
PAL9495,1994-11-30T00:00:00Z,HUM,5.0,320
PAL9495,1994-12-02T00:00:00Z,LIT,1.0,14
PAL9495,1994-12-02T00:00:00Z,LIT,2.0,26
PAL9495,1994-12-02T00:00:00Z,LIT,3.0,0
PAL9495,1994-12-02T00:00:00Z,LIT,4.0,20
PAL9495,1994-12-02T00:00:00Z,LIT,5.0,68
PAL9495,1994-12-02T00:00:00Z,LIT,6.0,98
PAL9495,1994-12-02T00:00:00Z,LIT,7.0,62
PAL9495,1994-12-02T00:00:00Z,LIT,8.0,112
PAL9495,1994-12-02T00:00:00Z,LIT,9.0,25
PAL9495,1994-12-08T00:00:00Z,COR,1.0,7
PAL9495,1994-12-08T00:00:00Z,COR,2.0,76
PAL9495,1994-12-08T00:00:00Z,COR,3.0,32
PAL9495,1994-12-08T00:00:00Z,COR,4.0,14
PAL9495,1994-12-08T00:00:00Z,COR,5.0,274
PAL9495,1994-12-08T00:00:00Z,COR,5.1,133
PAL9495,1994-12-08T00:00:00Z,COR,6.0,81
PAL9495,1994-12-14T00:00:00Z,CHR,1.0,180
PAL9495,1994-12-14T00:00:00Z,CHR,2.0,59
PAL9495,1994-12-14T00:00:00Z,CHR,3.0,117
PAL9495,1994-12-14T00:00:00Z,CHR,3.1,0
PAL9495,1994-12-14T00:00:00Z,CHR,4.1,16
PAL9495,1994-12-14T00:00:00Z,CHR,4.2,0
PAL9495,1994-12-14T00:00:00Z,CHR,5.0,33
PAL9495,1994-12-14T00:00:00Z,CHR,6.0,111
PAL9495,1994-12-14T00:00:00Z,CHR,7.0,305
PAL9495,1994-12-14T00:00:00Z,CHR,7.1,19
PAL9495,1994-12-14T00:00:00Z,CHR,7.2,68
PAL9495,1994-12-14T00:00:00Z,CHR,8.0,154
PAL9495,1994-12-14T00:00:00Z,CHR,9.1,29
PAL9495,1994-12-14T00:00:00Z,CHR,10.0,7
PAL9596,1995-11-21T00:00:00Z,COR,1.0,8
PAL9596,1995-11-21T00:00:00Z,COR,2.0,81
PAL9596,1995-11-21T00:00:00Z,COR,3.0,33
PAL9596,1995-11-21T00:00:00Z,COR,4.0,17
PAL9596,1995-11-21T00:00:00Z,COR,5.0,279
PAL9596,1995-11-21T00:00:00Z,COR,5.1,129
PAL9596,1995-11-21T00:00:00Z,COR,6.0,72
PAL9596,1995-11-21T00:00:00Z,HUM,1.1,12
PAL9596,1995-11-21T00:00:00Z,HUM,1.2,30
PAL9596,1995-11-21T00:00:00Z,HUM,1.3,4
PAL9596,1995-11-21T00:00:00Z,HUM,2.1,113
PAL9596,1995-11-21T00:00:00Z,HUM,2.2,58
PAL9596,1995-11-21T00:00:00Z,HUM,3.0,255
PAL9596,1995-11-21T00:00:00Z,HUM,3.1,6
PAL9596,1995-11-21T00:00:00Z,HUM,4.0,132
PAL9596,1995-11-21T00:00:00Z,HUM,5.0,287
PAL9596,1995-11-21T00:00:00Z,LIT,1.0,12
PAL9596,1995-11-21T00:00:00Z,LIT,2.0,25
PAL9596,1995-11-21T00:00:00Z,LIT,3.0,0
PAL9596,1995-11-21T00:00:00Z,LIT,4.0,18
PAL9596,1995-11-21T00:00:00Z,LIT,5.0,66
PAL9596,1995-11-21T00:00:00Z,LIT,6.0,95
PAL9596,1995-11-21T00:00:00Z,LIT,7.0,60
PAL9596,1995-11-21T00:00:00Z,LIT,8.0,109
PAL9596,1995-11-21T00:00:00Z,LIT,9.0,25
PAL9596,1995-11-21T00:00:00Z,TOR,1.0,99
PAL9596,1995-11-21T00:00:00Z,TOR,2.0,33
PAL9596,1995-11-21T00:00:00Z,TOR,3.0,20
PAL9596,1995-11-21T00:00:00Z,TOR,4.0,237
PAL9596,1995-11-21T00:00:00Z,TOR,5.0,113
PAL9596,1995-11-21T00:00:00Z,TOR,6.0,72
PAL9596,1995-11-21T00:00:00Z,TOR,12.0,209
PAL9596,1995-11-21T00:00:00Z,TOR,13.0,219
PAL9596,1995-11-21T00:00:00Z,TOR,15.0,146
PAL9596,1995-11-21T00:00:00Z,TOR,17.0,18
PAL9596,1995-11-21T00:00:00Z,TOR,18.0,258
PAL9596,1995-11-21T00:00:00Z,TOR,19.0,517
PAL9596,1995-11-21T00:00:00Z,TOR,20.0,178
PAL9596,1995-11-21T00:00:00Z,TOR,21.0,126
PAL9596,1995-11-21T00:00:00Z,TOR,22.0,89
PAL9596,1995-11-21T00:00:00Z,TOR,23.0,205
PAL9596,1995-11-21T00:00:00Z,TOR,23.1,24
PAL9596,1995-11-22T00:00:00Z,CHR,1.0,208
PAL9596,1995-11-22T00:00:00Z,CHR,2.0,61
PAL9596,1995-11-22T00:00:00Z,CHR,3.0,70
PAL9596,1995-11-22T00:00:00Z,CHR,3.1,49
PAL9596,1995-11-22T00:00:00Z,CHR,4.1,7
PAL9596,1995-11-22T00:00:00Z,CHR,4.2,7
PAL9596,1995-11-22T00:00:00Z,CHR,5.0,41
PAL9596,1995-11-22T00:00:00Z,CHR,6.0,106
PAL9596,1995-11-22T00:00:00Z,CHR,7.0,307
PAL9596,1995-11-22T00:00:00Z,CHR,7.1,24
PAL9596,1995-11-22T00:00:00Z,CHR,7.2,66
PAL9596,1995-11-22T00:00:00Z,CHR,8.0,156
PAL9596,1995-11-22T00:00:00Z,CHR,9.1,35
PAL9596,1995-11-22T00:00:00Z,CHR,10.0,6
PAL9697,1996-11-18T00:00:00Z,TOR,17.0,10
PAL9697,1996-11-18T00:00:00Z,TOR,18.0,218
PAL9697,1996-11-18T00:00:00Z,TOR,19.0,396
PAL9697,1996-11-18T00:00:00Z,TOR,20.0,139
PAL9697,1996-11-18T00:00:00Z,TOR,21.0,89
PAL9697,1996-11-18T00:00:00Z,TOR,22.0,64
PAL9697,1996-11-19T00:00:00Z,HUM,1.1,2
PAL9697,1996-11-19T00:00:00Z,HUM,1.2,16
PAL9697,1996-11-19T00:00:00Z,HUM,1.3,4
PAL9697,1996-11-19T00:00:00Z,HUM,2.1,98
PAL9697,1996-11-19T00:00:00Z,HUM,2.2,48
PAL9697,1996-11-19T00:00:00Z,HUM,3.0,197
PAL9697,1996-11-19T00:00:00Z,HUM,3.1,2
PAL9697,1996-11-19T00:00:00Z,HUM,4.0,102
PAL9697,1996-11-19T00:00:00Z,HUM,5.0,236
PAL9697,1996-11-19T00:00:00Z,LIT,1.0,10
PAL9697,1996-11-19T00:00:00Z,LIT,2.0,19
PAL9697,1996-11-19T00:00:00Z,LIT,3.0,0
PAL9697,1996-11-19T00:00:00Z,LIT,4.0,18
PAL9697,1996-11-19T00:00:00Z,LIT,5.0,60
PAL9697,1996-11-19T00:00:00Z,LIT,6.0,85
PAL9697,1996-11-19T00:00:00Z,LIT,7.0,47
PAL9697,1996-11-19T00:00:00Z,LIT,8.0,90
PAL9697,1996-11-19T00:00:00Z,LIT,9.0,17
PAL9697,1996-11-19T00:00:00Z,TOR,1.0,71
PAL9697,1996-11-19T00:00:00Z,TOR,2.0,19
PAL9697,1996-11-19T00:00:00Z,TOR,3.0,8
PAL9697,1996-11-19T00:00:00Z,TOR,4.0,162
PAL9697,1996-11-19T00:00:00Z,TOR,5.0,71
PAL9697,1996-11-19T00:00:00Z,TOR,6.0,37
PAL9697,1996-11-19T00:00:00Z,TOR,13.0,188
PAL9697,1996-11-19T00:00:00Z,TOR,23.0,174
PAL9697,1996-11-19T00:00:00Z,TOR,23.1,18
PAL9697,1996-11-20T00:00:00Z,TOR,12.0,177
PAL9697,1996-11-20T00:00:00Z,TOR,15.0,110
PAL9697,1996-11-22T00:00:00Z,CHR,1.0,171
PAL9697,1996-11-22T00:00:00Z,CHR,2.0,48
PAL9697,1996-11-22T00:00:00Z,CHR,3.0,58
PAL9697,1996-11-22T00:00:00Z,CHR,3.1,41
PAL9697,1996-11-22T00:00:00Z,CHR,4.1,5
PAL9697,1996-11-22T00:00:00Z,CHR,4.2,6
PAL9697,1996-11-22T00:00:00Z,CHR,5.0,37
PAL9697,1996-11-22T00:00:00Z,CHR,6.0,88
PAL9697,1996-11-22T00:00:00Z,CHR,7.0,264
PAL9697,1996-11-22T00:00:00Z,CHR,7.1,17
PAL9697,1996-11-22T00:00:00Z,CHR,7.2,52
PAL9697,1996-11-22T00:00:00Z,CHR,8.0,141
PAL9697,1996-11-22T00:00:00Z,CHR,9.1,30
PAL9697,1996-11-22T00:00:00Z,CHR,10.0,6
PAL9697,1996-11-22T00:00:00Z,COR,1.0,4
PAL9697,1996-11-22T00:00:00Z,COR,2.0,72
PAL9697,1996-11-22T00:00:00Z,COR,3.0,33
PAL9697,1996-11-22T00:00:00Z,COR,4.0,11
PAL9697,1996-11-22T00:00:00Z,COR,5.0,245
PAL9697,1996-11-22T00:00:00Z,COR,5.1,123
PAL9697,1996-11-22T00:00:00Z,COR,6.0,58
PAL9798,1997-11-23T00:00:00Z,CHR,1.0,129
PAL9798,1997-11-23T00:00:00Z,CHR,2.0,33
PAL9798,1997-11-23T00:00:00Z,CHR,3.0,49
PAL9798,1997-11-23T00:00:00Z,CHR,3.1,29
PAL9798,1997-11-23T00:00:00Z,CHR,4.1,4
PAL9798,1997-11-23T00:00:00Z,CHR,4.2,4
PAL9798,1997-11-23T00:00:00Z,CHR,5.0,25
PAL9798,1997-11-23T00:00:00Z,CHR,6.0,54
PAL9798,1997-11-23T00:00:00Z,CHR,7.0,207
PAL9798,1997-11-23T00:00:00Z,CHR,7.1,12
PAL9798,1997-11-23T00:00:00Z,CHR,7.2,40
PAL9798,1997-11-23T00:00:00Z,CHR,8.0,59
PAL9798,1997-11-23T00:00:00Z,CHR,9.1,24
PAL9798,1997-11-23T00:00:00Z,CHR,10.0,3
PAL9798,1997-11-23T00:00:00Z,LIT,1.0,10
PAL9798,1997-11-23T00:00:00Z,LIT,2.0,17
PAL9798,1997-11-23T00:00:00Z,LIT,3.0,0
PAL9798,1997-11-23T00:00:00Z,LIT,4.0,15
PAL9798,1997-11-23T00:00:00Z,LIT,5.0,54
PAL9798,1997-11-23T00:00:00Z,LIT,6.0,86
PAL9798,1997-11-23T00:00:00Z,LIT,7.0,47
PAL9798,1997-11-23T00:00:00Z,LIT,8.0,111
PAL9798,1997-11-23T00:00:00Z,LIT,9.0,25
PAL9798,1997-11-24T00:00:00Z,HUM,1.1,3
PAL9798,1997-11-24T00:00:00Z,HUM,1.2,16
PAL9798,1997-11-24T00:00:00Z,HUM,1.3,0
PAL9798,1997-11-24T00:00:00Z,HUM,2.1,104
PAL9798,1997-11-24T00:00:00Z,HUM,2.2,48
PAL9798,1997-11-24T00:00:00Z,HUM,3.0,229
PAL9798,1997-11-24T00:00:00Z,HUM,3.1,5
PAL9798,1997-11-24T00:00:00Z,HUM,4.0,96
PAL9798,1997-11-24T00:00:00Z,HUM,5.0,226
PAL9798,1997-11-24T00:00:00Z,TOR,1.0,62
PAL9798,1997-11-24T00:00:00Z,TOR,2.0,9
PAL9798,1997-11-24T00:00:00Z,TOR,3.0,6
PAL9798,1997-11-24T00:00:00Z,TOR,4.0,143
PAL9798,1997-11-24T00:00:00Z,TOR,5.0,68
PAL9798,1997-11-24T00:00:00Z,TOR,6.0,44
PAL9798,1997-11-24T00:00:00Z,TOR,12.0,174
PAL9798,1997-11-24T00:00:00Z,TOR,13.0,167
PAL9798,1997-11-24T00:00:00Z,TOR,15.0,109
PAL9798,1997-11-24T00:00:00Z,TOR,17.0,6
PAL9798,1997-11-24T00:00:00Z,TOR,18.0,214
PAL9798,1997-11-24T00:00:00Z,TOR,19.0,399
PAL9798,1997-11-24T00:00:00Z,TOR,20.0,140
PAL9798,1997-11-24T00:00:00Z,TOR,21.0,76
PAL9798,1997-11-24T00:00:00Z,TOR,22.0,39
PAL9798,1997-11-24T00:00:00Z,TOR,23.0,187
PAL9798,1997-11-24T00:00:00Z,TOR,23.1,14
PAL9798,1997-11-26T00:00:00Z,COR,1.0,3
PAL9798,1997-11-26T00:00:00Z,COR,3.0,40
PAL9798,1997-11-26T00:00:00Z,COR,4.0,11
PAL9798,1997-11-26T00:00:00Z,COR,5.0,216
PAL9798,1997-11-26T00:00:00Z,COR,5.1,89
PAL9798,1997-11-26T00:00:00Z,COR,6.0,51
PAL9798,1997-12-26T00:00:00Z,COR,2.0,82
PAL9899,1998-12-10T00:00:00Z,HUM,1.1,0
PAL9899,1998-12-10T00:00:00Z,HUM,1.2,0
PAL9899,1998-12-10T00:00:00Z,HUM,1.3,0
PAL9899,1998-12-10T00:00:00Z,HUM,2.1,94
PAL9899,1998-12-10T00:00:00Z,HUM,2.2,53
PAL9899,1998-12-10T00:00:00Z,HUM,3.0,224
PAL9899,1998-12-10T00:00:00Z,HUM,3.1,0
PAL9899,1998-12-10T00:00:00Z,HUM,4.0,89
PAL9899,1998-12-10T00:00:00Z,HUM,5.0,194
PAL9899,1998-12-10T00:00:00Z,LIT,1.0,8
PAL9899,1998-12-10T00:00:00Z,LIT,2.0,11
PAL9899,1998-12-10T00:00:00Z,LIT,3.0,0
PAL9899,1998-12-10T00:00:00Z,LIT,4.0,12
PAL9899,1998-12-10T00:00:00Z,LIT,5.0,47
PAL9899,1998-12-10T00:00:00Z,LIT,6.0,75
PAL9899,1998-12-10T00:00:00Z,LIT,7.0,38
PAL9899,1998-12-10T00:00:00Z,LIT,8.0,110
PAL9899,1998-12-10T00:00:00Z,LIT,9.0,24
PAL9899,1998-12-10T00:00:00Z,TOR,1.0,48
PAL9899,1998-12-10T00:00:00Z,TOR,2.0,0
PAL9899,1998-12-10T00:00:00Z,TOR,3.0,5
PAL9899,1998-12-10T00:00:00Z,TOR,4.0,110
PAL9899,1998-12-10T00:00:00Z,TOR,5.0,33
PAL9899,1998-12-10T00:00:00Z,TOR,6.0,26
PAL9899,1998-12-10T00:00:00Z,TOR,12.0,167
PAL9899,1998-12-10T00:00:00Z,TOR,13.0,125
PAL9899,1998-12-10T00:00:00Z,TOR,15.0,96
PAL9899,1998-12-10T00:00:00Z,TOR,17.0,3
PAL9899,1998-12-10T00:00:00Z,TOR,18.0,176
PAL9899,1998-12-10T00:00:00Z,TOR,19.0,407
PAL9899,1998-12-10T00:00:00Z,TOR,20.0,130
PAL9899,1998-12-10T00:00:00Z,TOR,21.0,35
PAL9899,1998-12-10T00:00:00Z,TOR,22.0,14
PAL9899,1998-12-10T00:00:00Z,TOR,23.0,151
PAL9899,1998-12-10T00:00:00Z,TOR,23.1,6
PAL9899,1998-12-16T00:00:00Z,CHR,1.0,133
PAL9899,1998-12-16T00:00:00Z,CHR,2.0,33
PAL9899,1998-12-16T00:00:00Z,CHR,3.0,52
PAL9899,1998-12-16T00:00:00Z,CHR,3.1,30
PAL9899,1998-12-16T00:00:00Z,CHR,4.1,4
PAL9899,1998-12-16T00:00:00Z,CHR,4.2,4
PAL9899,1998-12-16T00:00:00Z,CHR,5.0,28
PAL9899,1998-12-16T00:00:00Z,CHR,6.0,84
PAL9899,1998-12-16T00:00:00Z,CHR,7.0,244
PAL9899,1998-12-16T00:00:00Z,CHR,7.1,12
PAL9899,1998-12-16T00:00:00Z,CHR,7.2,52
PAL9899,1998-12-16T00:00:00Z,CHR,8.0,122
PAL9899,1998-12-16T00:00:00Z,CHR,9.1,35
PAL9899,1998-12-16T00:00:00Z,CHR,10.0,4
PAL9899,1998-12-16T00:00:00Z,COR,1.0,0
PAL9899,1998-12-16T00:00:00Z,COR,2.0,67
PAL9899,1998-12-16T00:00:00Z,COR,3.0,43
PAL9899,1998-12-16T00:00:00Z,COR,4.0,0
PAL9899,1998-12-16T00:00:00Z,COR,5.0,231
PAL9899,1998-12-16T00:00:00Z,COR,5.1,91
PAL9899,1998-12-16T00:00:00Z,COR,6.0,39
PAL9900,1999-11-17T00:00:00Z,HUM,1.1,0
PAL9900,1999-11-17T00:00:00Z,HUM,1.2,0
PAL9900,1999-11-17T00:00:00Z,HUM,1.3,0
PAL9900,1999-11-17T00:00:00Z,HUM,2.1,84
PAL9900,1999-11-17T00:00:00Z,HUM,2.2,55
PAL9900,1999-11-17T00:00:00Z,HUM,3.0,204
PAL9900,1999-11-17T00:00:00Z,HUM,3.1,0
PAL9900,1999-11-17T00:00:00Z,HUM,4.0,77
PAL9900,1999-11-17T00:00:00Z,HUM,5.0,185
PAL9900,1999-11-17T00:00:00Z,LIT,1.0,6
PAL9900,1999-11-17T00:00:00Z,LIT,2.0,11
PAL9900,1999-11-17T00:00:00Z,LIT,3.0,0
PAL9900,1999-11-17T00:00:00Z,LIT,4.0,12
PAL9900,1999-11-17T00:00:00Z,LIT,5.0,44
PAL9900,1999-11-17T00:00:00Z,LIT,6.0,78
PAL9900,1999-11-17T00:00:00Z,LIT,7.0,40
PAL9900,1999-11-17T00:00:00Z,LIT,8.0,95
PAL9900,1999-11-17T00:00:00Z,LIT,9.0,15
PAL9900,1999-11-17T00:00:00Z,TOR,1.0,55
PAL9900,1999-11-17T00:00:00Z,TOR,2.0,0
PAL9900,1999-11-17T00:00:00Z,TOR,3.0,2
PAL9900,1999-11-17T00:00:00Z,TOR,4.0,112
PAL9900,1999-11-17T00:00:00Z,TOR,5.0,35
PAL9900,1999-11-17T00:00:00Z,TOR,6.0,20
PAL9900,1999-11-17T00:00:00Z,TOR,12.0,175
PAL9900,1999-11-17T00:00:00Z,TOR,13.0,131
PAL9900,1999-11-17T00:00:00Z,TOR,15.0,98
PAL9900,1999-11-17T00:00:00Z,TOR,17.0,4
PAL9900,1999-11-17T00:00:00Z,TOR,18.0,199
PAL9900,1999-11-17T00:00:00Z,TOR,19.0,376
PAL9900,1999-11-17T00:00:00Z,TOR,20.0,130
PAL9900,1999-11-17T00:00:00Z,TOR,21.0,27
PAL9900,1999-11-17T00:00:00Z,TOR,22.0,12
PAL9900,1999-11-17T00:00:00Z,TOR,23.0,144
PAL9900,1999-11-17T00:00:00Z,TOR,23.1,3
PAL9900,1999-11-19T00:00:00Z,CHR,1.0,145
PAL9900,1999-11-19T00:00:00Z,CHR,2.0,38
PAL9900,1999-11-19T00:00:00Z,CHR,3.0,49
PAL9900,1999-11-19T00:00:00Z,CHR,3.1,31
PAL9900,1999-11-19T00:00:00Z,CHR,4.1,1
PAL9900,1999-11-19T00:00:00Z,CHR,4.2,4
PAL9900,1999-11-19T00:00:00Z,CHR,5.0,38
PAL9900,1999-11-19T00:00:00Z,CHR,6.0,95
PAL9900,1999-11-19T00:00:00Z,CHR,7.0,261
PAL9900,1999-11-19T00:00:00Z,CHR,7.1,15
PAL9900,1999-11-19T00:00:00Z,CHR,7.2,51
PAL9900,1999-11-19T00:00:00Z,CHR,8.0,122
PAL9900,1999-11-19T00:00:00Z,CHR,9.1,35
PAL9900,1999-11-19T00:00:00Z,CHR,10.0,3
PAL9900,1999-11-19T00:00:00Z,COR,1.0,0
PAL9900,1999-11-19T00:00:00Z,COR,2.0,78
PAL9900,1999-11-19T00:00:00Z,COR,3.0,39
PAL9900,1999-11-19T00:00:00Z,COR,4.0,0
PAL9900,1999-11-19T00:00:00Z,COR,5.0,194
PAL9900,1999-11-19T00:00:00Z,COR,5.1,86
PAL9900,1999-11-19T00:00:00Z,COR,6.0,41
PAL0001,2000-11-17T00:00:00Z,HUM,1.1,0
PAL0001,2000-11-17T00:00:00Z,HUM,1.2,0
PAL0001,2000-11-17T00:00:00Z,HUM,1.3,0
PAL0001,2000-11-17T00:00:00Z,HUM,2.1,81
PAL0001,2000-11-17T00:00:00Z,HUM,2.2,46
PAL0001,2000-11-17T00:00:00Z,HUM,3.0,198
PAL0001,2000-11-17T00:00:00Z,HUM,3.1,0
PAL0001,2000-11-17T00:00:00Z,HUM,4.0,75
PAL0001,2000-11-17T00:00:00Z,HUM,5.0,171
PAL0001,2000-11-17T00:00:00Z,LIT,1.0,5
PAL0001,2000-11-17T00:00:00Z,LIT,2.0,9
PAL0001,2000-11-17T00:00:00Z,LIT,3.0,0
PAL0001,2000-11-17T00:00:00Z,LIT,4.0,7
PAL0001,2000-11-17T00:00:00Z,LIT,5.0,42
PAL0001,2000-11-17T00:00:00Z,LIT,6.0,57
PAL0001,2000-11-17T00:00:00Z,LIT,7.0,32
PAL0001,2000-11-17T00:00:00Z,LIT,8.0,103
PAL0001,2000-11-17T00:00:00Z,LIT,9.0,19
PAL0001,2000-11-17T00:00:00Z,TOR,1.0,43
PAL0001,2000-11-17T00:00:00Z,TOR,2.0,0
PAL0001,2000-11-17T00:00:00Z,TOR,3.0,0
PAL0001,2000-11-17T00:00:00Z,TOR,4.0,106
PAL0001,2000-11-17T00:00:00Z,TOR,5.0,33
PAL0001,2000-11-17T00:00:00Z,TOR,6.0,15
PAL0001,2000-11-17T00:00:00Z,TOR,12.0,146
PAL0001,2000-11-17T00:00:00Z,TOR,13.0,115
PAL0001,2000-11-17T00:00:00Z,TOR,15.0,103
PAL0001,2000-11-17T00:00:00Z,TOR,17.0,0
PAL0001,2000-11-17T00:00:00Z,TOR,18.0,173
PAL0001,2000-11-17T00:00:00Z,TOR,20.0,125
PAL0001,2000-11-17T00:00:00Z,TOR,21.0,7
PAL0001,2000-11-17T00:00:00Z,TOR,22.0,0
PAL0001,2000-11-17T00:00:00Z,TOR,23.0,134
PAL0001,2000-11-17T00:00:00Z,TOR,23.1,0
PAL0001,2000-11-19T00:00:00Z,TOR,19.0,398
PAL0001,2000-11-23T00:00:00Z,COR,1.0,0
PAL0001,2000-11-23T00:00:00Z,COR,2.0,67
PAL0001,2000-11-23T00:00:00Z,COR,3.0,39
PAL0001,2000-11-23T00:00:00Z,COR,4.0,0
PAL0001,2000-11-23T00:00:00Z,COR,5.0,217
PAL0001,2000-11-23T00:00:00Z,COR,5.1,99
PAL0001,2000-11-23T00:00:00Z,COR,6.0,25
PAL0001,2000-11-24T00:00:00Z,CHR,1.0,128
PAL0001,2000-11-24T00:00:00Z,CHR,2.0,35
PAL0001,2000-11-24T00:00:00Z,CHR,3.0,49
PAL0001,2000-11-24T00:00:00Z,CHR,3.1,24
PAL0001,2000-11-24T00:00:00Z,CHR,4.1,2
PAL0001,2000-11-24T00:00:00Z,CHR,4.2,4
PAL0001,2000-11-24T00:00:00Z,CHR,5.0,33
PAL0001,2000-11-24T00:00:00Z,CHR,6.0,88
PAL0001,2000-11-24T00:00:00Z,CHR,7.0,246
PAL0001,2000-11-24T00:00:00Z,CHR,7.1,13
PAL0001,2000-11-24T00:00:00Z,CHR,7.2,54
PAL0001,2000-11-24T00:00:00Z,CHR,8.0,125
PAL0001,2000-11-24T00:00:00Z,CHR,9.1,34
PAL0001,2000-11-24T00:00:00Z,CHR,10.0,2
PAL0102,2001-11-19T00:00:00Z,CHR,1.0,74
PAL0102,2001-11-19T00:00:00Z,CHR,2.0,22
PAL0102,2001-11-19T00:00:00Z,CHR,3.0,26
PAL0102,2001-11-19T00:00:00Z,CHR,3.1,14
PAL0102,2001-11-19T00:00:00Z,CHR,4.1,1
PAL0102,2001-11-19T00:00:00Z,CHR,4.2,2
PAL0102,2001-11-19T00:00:00Z,CHR,5.0,19
PAL0102,2001-11-19T00:00:00Z,CHR,6.0,55
PAL0102,2001-11-19T00:00:00Z,CHR,7.1,9
PAL0102,2001-11-19T00:00:00Z,CHR,8.0,75
PAL0102,2001-11-19T00:00:00Z,CHR,9.1,28
PAL0102,2001-11-19T00:00:00Z,CHR,10.0,1
PAL0102,2001-11-19T00:00:00Z,COR,1.0,0
PAL0102,2001-11-19T00:00:00Z,COR,2.0,49
PAL0102,2001-11-19T00:00:00Z,COR,3.0,19
PAL0102,2001-11-19T00:00:00Z,COR,4.0,0
PAL0102,2001-11-19T00:00:00Z,COR,5.0,131
PAL0102,2001-11-19T00:00:00Z,COR,5.1,65
PAL0102,2001-11-19T00:00:00Z,COR,6.0,10
PAL0102,2001-11-19T00:00:00Z,HUM,1.1,0
PAL0102,2001-11-19T00:00:00Z,HUM,1.2,0
PAL0102,2001-11-19T00:00:00Z,HUM,1.3,0
PAL0102,2001-11-19T00:00:00Z,HUM,2.1,36
PAL0102,2001-11-19T00:00:00Z,HUM,2.2,30
PAL0102,2001-11-19T00:00:00Z,HUM,3.0,120
PAL0102,2001-11-19T00:00:00Z,HUM,3.1,0
PAL0102,2001-11-19T00:00:00Z,HUM,4.0,36
PAL0102,2001-11-19T00:00:00Z,HUM,5.0,89
PAL0102,2001-11-19T00:00:00Z,LIT,1.0,0
PAL0102,2001-11-19T00:00:00Z,LIT,2.0,0
PAL0102,2001-11-19T00:00:00Z,LIT,3.0,0
PAL0102,2001-11-19T00:00:00Z,LIT,4.0,0
PAL0102,2001-11-19T00:00:00Z,LIT,5.0,26
PAL0102,2001-11-19T00:00:00Z,LIT,6.0,36
PAL0102,2001-11-19T00:00:00Z,LIT,7.0,21
PAL0102,2001-11-19T00:00:00Z,LIT,8.0,72
PAL0102,2001-11-19T00:00:00Z,LIT,9.0,11
PAL0102,2001-11-19T00:00:00Z,TOR,1.0,14
PAL0102,2001-11-19T00:00:00Z,TOR,2.0,0
PAL0102,2001-11-19T00:00:00Z,TOR,3.0,0
PAL0102,2001-11-19T00:00:00Z,TOR,4.0,46
PAL0102,2001-11-19T00:00:00Z,TOR,5.0,25
PAL0102,2001-11-19T00:00:00Z,TOR,6.0,7
PAL0102,2001-11-19T00:00:00Z,TOR,12.0,71
PAL0102,2001-11-19T00:00:00Z,TOR,13.0,58
PAL0102,2001-11-19T00:00:00Z,TOR,15.0,67
PAL0102,2001-11-19T00:00:00Z,TOR,17.0,0
PAL0102,2001-11-19T00:00:00Z,TOR,18.0,102
PAL0102,2001-11-19T00:00:00Z,TOR,19.0,217
PAL0102,2001-11-19T00:00:00Z,TOR,20.0,81
PAL0102,2001-11-19T00:00:00Z,TOR,21.0,0
PAL0102,2001-11-19T00:00:00Z,TOR,22.0,4
PAL0102,2001-11-19T00:00:00Z,TOR,23.0,72
PAL0102,2001-11-19T00:00:00Z,TOR,23.1,0
PAL0102,2001-11-21T00:00:00Z,CHR,7.0,170
PAL0102,2001-11-21T00:00:00Z,CHR,7.2,35
PAL0203,2002-11-16T00:00:00Z,HUM,1.1,0
PAL0203,2002-11-16T00:00:00Z,HUM,1.2,0
PAL0203,2002-11-16T00:00:00Z,HUM,1.3,0
PAL0203,2002-11-16T00:00:00Z,HUM,2.1,45
PAL0203,2002-11-16T00:00:00Z,HUM,2.2,38
PAL0203,2002-11-16T00:00:00Z,HUM,3.0,162
PAL0203,2002-11-16T00:00:00Z,HUM,3.1,0
PAL0203,2002-11-16T00:00:00Z,HUM,4.0,44
PAL0203,2002-11-16T00:00:00Z,HUM,5.0,114
PAL0203,2002-11-16T00:00:00Z,LIT,1.0,0
PAL0203,2002-11-16T00:00:00Z,LIT,2.0,0
PAL0203,2002-11-16T00:00:00Z,LIT,3.0,0
PAL0203,2002-11-16T00:00:00Z,LIT,4.0,0
PAL0203,2002-11-16T00:00:00Z,LIT,5.0,25
PAL0203,2002-11-16T00:00:00Z,LIT,6.0,31
PAL0203,2002-11-16T00:00:00Z,LIT,7.0,12
PAL0203,2002-11-16T00:00:00Z,LIT,8.0,67
PAL0203,2002-11-16T00:00:00Z,LIT,9.0,8
PAL0203,2002-11-16T00:00:00Z,TOR,1.0,23
PAL0203,2002-11-16T00:00:00Z,TOR,2.0,1
PAL0203,2002-11-16T00:00:00Z,TOR,3.0,0
PAL0203,2002-11-16T00:00:00Z,TOR,4.0,63
PAL0203,2002-11-16T00:00:00Z,TOR,5.0,30
PAL0203,2002-11-16T00:00:00Z,TOR,6.0,0
PAL0203,2002-11-16T00:00:00Z,TOR,12.0,88
PAL0203,2002-11-16T00:00:00Z,TOR,13.0,66
PAL0203,2002-11-16T00:00:00Z,TOR,15.0,84
PAL0203,2002-11-16T00:00:00Z,TOR,17.0,0
PAL0203,2002-11-16T00:00:00Z,TOR,18.0,112
PAL0203,2002-11-16T00:00:00Z,TOR,19.0,245
PAL0203,2002-11-16T00:00:00Z,TOR,20.0,76
PAL0203,2002-11-16T00:00:00Z,TOR,21.0,0
PAL0203,2002-11-16T00:00:00Z,TOR,22.0,20
PAL0203,2002-11-16T00:00:00Z,TOR,23.0,77
PAL0203,2002-11-16T00:00:00Z,TOR,23.1,0
PAL0203,2002-11-18T00:00:00Z,CHR,1.0,86
PAL0203,2002-11-18T00:00:00Z,CHR,2.0,29
PAL0203,2002-11-18T00:00:00Z,CHR,3.0,33
PAL0203,2002-11-18T00:00:00Z,CHR,3.1,13
PAL0203,2002-11-18T00:00:00Z,CHR,4.1,0
PAL0203,2002-11-18T00:00:00Z,CHR,4.2,3
PAL0203,2002-11-18T00:00:00Z,CHR,5.0,18
PAL0203,2002-11-18T00:00:00Z,CHR,6.0,70
PAL0203,2002-11-18T00:00:00Z,CHR,7.0,191
PAL0203,2002-11-18T00:00:00Z,CHR,7.1,6
PAL0203,2002-11-18T00:00:00Z,CHR,7.2,28
PAL0203,2002-11-18T00:00:00Z,CHR,8.0,80
PAL0203,2002-11-18T00:00:00Z,CHR,9.1,37
PAL0203,2002-11-18T00:00:00Z,CHR,10.0,0
PAL0203,2002-11-21T00:00:00Z,COR,1.0,0
PAL0203,2002-11-21T00:00:00Z,COR,2.0,58
PAL0203,2002-11-21T00:00:00Z,COR,3.0,32
PAL0203,2002-11-21T00:00:00Z,COR,4.0,0
PAL0203,2002-11-21T00:00:00Z,COR,5.0,129
PAL0203,2002-11-21T00:00:00Z,COR,5.1,88
PAL0203,2002-11-21T00:00:00Z,COR,6.0,15
PAL0304,2003-11-18T00:00:00Z,HUM,1.1,0
PAL0304,2003-11-18T00:00:00Z,HUM,1.2,0
PAL0304,2003-11-18T00:00:00Z,HUM,1.3,0
PAL0304,2003-11-18T00:00:00Z,HUM,2.1,49
PAL0304,2003-11-18T00:00:00Z,HUM,3.1,0
PAL0304,2003-11-18T00:00:00Z,HUM,4.0,36
PAL0304,2003-11-21T00:00:00Z,CHR,1.0,76
PAL0304,2003-11-21T00:00:00Z,CHR,2.0,22
PAL0304,2003-11-21T00:00:00Z,CHR,3.0,36
PAL0304,2003-11-21T00:00:00Z,CHR,3.1,15
PAL0304,2003-11-21T00:00:00Z,CHR,4.1,0
PAL0304,2003-11-21T00:00:00Z,CHR,4.2,0
PAL0304,2003-11-21T00:00:00Z,CHR,5.0,18
PAL0304,2003-11-21T00:00:00Z,CHR,6.0,79
PAL0304,2003-11-21T00:00:00Z,CHR,7.0,223
PAL0304,2003-11-21T00:00:00Z,CHR,7.1,2
PAL0304,2003-11-21T00:00:00Z,CHR,7.2,36
PAL0304,2003-11-21T00:00:00Z,CHR,9.1,40
PAL0304,2003-11-21T00:00:00Z,CHR,10.0,0
PAL0304,2003-11-21T00:00:00Z,COR,1.0,0
PAL0304,2003-11-21T00:00:00Z,COR,2.0,51
PAL0304,2003-11-21T00:00:00Z,COR,3.0,28
PAL0304,2003-11-21T00:00:00Z,COR,4.0,0
PAL0304,2003-11-21T00:00:00Z,COR,5.1,85
PAL0304,2003-11-21T00:00:00Z,COR,6.0,8
PAL0304,2003-11-22T00:00:00Z,HUM,2.2,39
PAL0304,2003-11-22T00:00:00Z,HUM,3.0,184
PAL0304,2003-11-22T00:00:00Z,HUM,5.0,110
PAL0304,2003-11-22T00:00:00Z,TOR,2.0,1
PAL0304,2003-11-22T00:00:00Z,TOR,3.0,0
PAL0304,2003-11-22T00:00:00Z,TOR,4.0,54
PAL0304,2003-11-22T00:00:00Z,TOR,5.0,31
PAL0304,2003-11-22T00:00:00Z,TOR,6.0,0
PAL0304,2003-11-22T00:00:00Z,TOR,12.0,75
PAL0304,2003-11-22T00:00:00Z,TOR,13.0,51
PAL0304,2003-11-22T00:00:00Z,TOR,15.0,81
PAL0304,2003-11-22T00:00:00Z,TOR,17.0,0
PAL0304,2003-11-22T00:00:00Z,TOR,18.0,107
PAL0304,2003-11-22T00:00:00Z,TOR,19.0,296
PAL0304,2003-11-22T00:00:00Z,TOR,20.0,78
PAL0304,2003-11-22T00:00:00Z,TOR,21.0,0
PAL0304,2003-11-22T00:00:00Z,TOR,22.0,0
PAL0304,2003-11-22T00:00:00Z,TOR,23.0,64
PAL0304,2003-11-22T00:00:00Z,TOR,23.1,0
PAL0304,2003-11-23T00:00:00Z,LIT,1.0,0
PAL0304,2003-11-23T00:00:00Z,LIT,2.0,0
PAL0304,2003-11-23T00:00:00Z,LIT,3.0,0
PAL0304,2003-11-23T00:00:00Z,LIT,4.0,0
PAL0304,2003-11-23T00:00:00Z,LIT,5.0,5
PAL0304,2003-11-23T00:00:00Z,LIT,6.0,0
PAL0304,2003-11-23T00:00:00Z,LIT,7.0,0
PAL0304,2003-11-23T00:00:00Z,LIT,8.0,47
PAL0304,2003-11-23T00:00:00Z,LIT,9.0,0
PAL0304,2003-11-24T00:00:00Z,TOR,1.0,13
PAL0304,2003-11-27T00:00:00Z,COR,5.0,116
PAL0304,2003-11-28T00:00:00Z,CHR,8.0,88
PAL0405,2004-11-18T00:00:00Z,TOR,13.0,34
PAL0405,2004-11-23T00:00:00Z,HUM,2.1,46
PAL0405,2004-11-23T00:00:00Z,HUM,4.0,30
PAL0405,2004-11-24T00:00:00Z,CHR,1.0,69
PAL0405,2004-11-24T00:00:00Z,CHR,2.0,15
PAL0405,2004-11-24T00:00:00Z,CHR,3.1,8
PAL0405,2004-11-24T00:00:00Z,CHR,4.1,0
PAL0405,2004-11-24T00:00:00Z,CHR,4.2,0
PAL0405,2004-11-24T00:00:00Z,CHR,7.1,0
PAL0405,2004-11-24T00:00:00Z,CHR,9.1,44
PAL0405,2004-11-24T00:00:00Z,CHR,10.0,0
PAL0405,2004-11-24T00:00:00Z,COR,6.0,1
PAL0405,2004-11-24T00:00:00Z,HUM,1.1,0
PAL0405,2004-11-24T00:00:00Z,HUM,1.2,0
PAL0405,2004-11-24T00:00:00Z,HUM,1.3,0
PAL0405,2004-11-24T00:00:00Z,HUM,2.2,41
PAL0405,2004-11-24T00:00:00Z,HUM,5.0,104
PAL0405,2004-11-24T00:00:00Z,LIT,1.0,0
PAL0405,2004-11-24T00:00:00Z,LIT,2.0,0
PAL0405,2004-11-24T00:00:00Z,LIT,3.0,0
PAL0405,2004-11-24T00:00:00Z,LIT,4.0,0
PAL0405,2004-11-24T00:00:00Z,LIT,5.0,0
PAL0405,2004-11-24T00:00:00Z,LIT,6.0,0
PAL0405,2004-11-24T00:00:00Z,LIT,7.0,0
PAL0405,2004-11-24T00:00:00Z,LIT,8.0,33
PAL0405,2004-11-24T00:00:00Z,LIT,9.0,0
PAL0405,2004-11-24T00:00:00Z,TOR,2.0,0
PAL0405,2004-11-24T00:00:00Z,TOR,3.0,0
PAL0405,2004-11-24T00:00:00Z,TOR,4.0,54
PAL0405,2004-11-24T00:00:00Z,TOR,5.0,33
PAL0405,2004-11-24T00:00:00Z,TOR,6.0,0
PAL0405,2004-11-24T00:00:00Z,TOR,12.0,56
PAL0405,2004-11-24T00:00:00Z,TOR,15.0,77
PAL0405,2004-11-24T00:00:00Z,TOR,17.0,0
PAL0405,2004-11-24T00:00:00Z,TOR,18.0,88
PAL0405,2004-11-24T00:00:00Z,TOR,21.0,0
PAL0405,2004-11-24T00:00:00Z,TOR,22.0,0
PAL0405,2004-11-24T00:00:00Z,TOR,23.0,53
PAL0405,2004-11-24T00:00:00Z,TOR,23.1,0
PAL0405,2004-11-30T00:00:00Z,CHR,3.0,33
PAL0405,2004-11-30T00:00:00Z,CHR,5.0,16
PAL0405,2004-11-30T00:00:00Z,CHR,6.0,76
PAL0405,2004-11-30T00:00:00Z,CHR,7.0,204
PAL0405,2004-11-30T00:00:00Z,CHR,7.2,33
PAL0405,2004-11-30T00:00:00Z,CHR,8.0,74
PAL0405,2004-11-30T00:00:00Z,COR,1.0,0
PAL0405,2004-11-30T00:00:00Z,COR,2.0,47
PAL0405,2004-11-30T00:00:00Z,COR,3.0,30
PAL0405,2004-11-30T00:00:00Z,COR,4.0,0
PAL0405,2004-11-30T00:00:00Z,COR,5.0,74
PAL0405,2004-11-30T00:00:00Z,COR,5.1,72
PAL0405,2004-11-30T00:00:00Z,HUM,3.0,156
PAL0405,2004-11-30T00:00:00Z,HUM,3.1,0
PAL0405,2004-11-30T00:00:00Z,TOR,19.0,266
PAL0405,2004-11-30T00:00:00Z,TOR,20.0,72
PAL0405,2004-12-06T00:00:00Z,TOR,1.0,8
PAL0506,2005-11-18T00:00:00Z,HUM,2.2,40
PAL0506,2005-11-18T00:00:00Z,HUM,5.0,59
PAL0506,2005-11-18T00:00:00Z,TOR,5.0,24
PAL0506,2005-11-18T00:00:00Z,TOR,20.0,59
PAL0506,2005-11-18T00:00:00Z,TOR,23.0,33
PAL0506,2005-11-21T00:00:00Z,CHR,1.0,37
PAL0506,2005-11-21T00:00:00Z,CHR,2.0,0
PAL0506,2005-11-21T00:00:00Z,CHR,3.0,34
PAL0506,2005-11-21T00:00:00Z,CHR,3.1,0
PAL0506,2005-11-21T00:00:00Z,CHR,4.1,0
PAL0506,2005-11-21T00:00:00Z,CHR,4.2,0
PAL0506,2005-11-21T00:00:00Z,CHR,5.0,11
PAL0506,2005-11-21T00:00:00Z,CHR,6.0,62
PAL0506,2005-11-21T00:00:00Z,CHR,7.0,215
PAL0506,2005-11-21T00:00:00Z,CHR,7.1,0
PAL0506,2005-11-21T00:00:00Z,CHR,7.2,27
PAL0506,2005-11-21T00:00:00Z,CHR,8.0,75
PAL0506,2005-11-21T00:00:00Z,CHR,9.1,39
PAL0506,2005-11-21T00:00:00Z,CHR,10.0,0
PAL0506,2005-11-21T00:00:00Z,COR,1.0,0
PAL0506,2005-11-21T00:00:00Z,COR,2.0,44
PAL0506,2005-11-21T00:00:00Z,COR,3.0,29
PAL0506,2005-11-21T00:00:00Z,COR,4.0,0
PAL0506,2005-11-21T00:00:00Z,COR,5.0,36
PAL0506,2005-11-21T00:00:00Z,COR,5.1,57
PAL0506,2005-11-21T00:00:00Z,COR,6.0,0
PAL0506,2005-11-21T00:00:00Z,HUM,1.1,0
PAL0506,2005-11-21T00:00:00Z,HUM,1.2,0
PAL0506,2005-11-21T00:00:00Z,HUM,1.3,0
PAL0506,2005-11-21T00:00:00Z,HUM,2.1,36
PAL0506,2005-11-21T00:00:00Z,HUM,3.0,136
PAL0506,2005-11-21T00:00:00Z,HUM,3.1,0
PAL0506,2005-11-21T00:00:00Z,HUM,4.0,14
PAL0506,2005-11-21T00:00:00Z,LIT,1.0,0
PAL0506,2005-11-21T00:00:00Z,LIT,2.0,0
PAL0506,2005-11-21T00:00:00Z,LIT,3.0,0
PAL0506,2005-11-21T00:00:00Z,LIT,4.0,0
PAL0506,2005-11-21T00:00:00Z,LIT,5.0,0
PAL0506,2005-11-21T00:00:00Z,LIT,6.0,0
PAL0506,2005-11-21T00:00:00Z,LIT,7.0,0
PAL0506,2005-11-21T00:00:00Z,LIT,8.0,15
PAL0506,2005-11-21T00:00:00Z,LIT,9.0,0
PAL0506,2005-11-21T00:00:00Z,TOR,1.0,0
PAL0506,2005-11-21T00:00:00Z,TOR,2.0,0
PAL0506,2005-11-21T00:00:00Z,TOR,3.0,0
PAL0506,2005-11-21T00:00:00Z,TOR,4.0,39
PAL0506,2005-11-21T00:00:00Z,TOR,6.0,0
PAL0506,2005-11-21T00:00:00Z,TOR,12.0,26
PAL0506,2005-11-21T00:00:00Z,TOR,13.0,15
PAL0506,2005-11-21T00:00:00Z,TOR,15.0,65
PAL0506,2005-11-21T00:00:00Z,TOR,17.0,0
PAL0506,2005-11-21T00:00:00Z,TOR,18.0,49
PAL0506,2005-11-21T00:00:00Z,TOR,19.0,209
PAL0506,2005-11-21T00:00:00Z,TOR,21.0,0
PAL0506,2005-11-21T00:00:00Z,TOR,22.0,0
PAL0506,2005-11-21T00:00:00Z,TOR,23.1,0
PAL0607,2006-11-15T00:00:00Z,CHR,1.0,28
PAL0607,2006-11-15T00:00:00Z,CHR,2.0,0
PAL0607,2006-11-15T00:00:00Z,CHR,3.0,31
PAL0607,2006-11-15T00:00:00Z,CHR,3.1,0
PAL0607,2006-11-15T00:00:00Z,CHR,4.1,0
PAL0607,2006-11-15T00:00:00Z,CHR,4.2,0
PAL0607,2006-11-15T00:00:00Z,CHR,5.0,4
PAL0607,2006-11-15T00:00:00Z,CHR,6.0,45
PAL0607,2006-11-15T00:00:00Z,CHR,7.1,0
PAL0607,2006-11-15T00:00:00Z,CHR,7.2,23
PAL0607,2006-11-15T00:00:00Z,CHR,8.0,67
PAL0607,2006-11-15T00:00:00Z,CHR,9.1,31
PAL0607,2006-11-15T00:00:00Z,CHR,10.0,0
PAL0607,2006-11-15T00:00:00Z,COR,1.0,0
PAL0607,2006-11-15T00:00:00Z,COR,2.0,37
PAL0607,2006-11-15T00:00:00Z,COR,3.0,27
PAL0607,2006-11-15T00:00:00Z,COR,4.0,0
PAL0607,2006-11-15T00:00:00Z,COR,5.0,20
PAL0607,2006-11-15T00:00:00Z,COR,5.1,50
PAL0607,2006-11-15T00:00:00Z,COR,6.0,0
PAL0607,2006-11-15T00:00:00Z,HUM,1.1,0
PAL0607,2006-11-15T00:00:00Z,HUM,1.2,0
PAL0607,2006-11-15T00:00:00Z,HUM,1.3,0
PAL0607,2006-11-15T00:00:00Z,HUM,2.1,26
PAL0607,2006-11-15T00:00:00Z,HUM,2.2,29
PAL0607,2006-11-15T00:00:00Z,HUM,3.0,85
PAL0607,2006-11-15T00:00:00Z,HUM,3.1,0
PAL0607,2006-11-15T00:00:00Z,HUM,4.0,13
PAL0607,2006-11-15T00:00:00Z,HUM,5.0,35
PAL0607,2006-11-15T00:00:00Z,LIT,1.0,0
PAL0607,2006-11-15T00:00:00Z,LIT,2.0,0
PAL0607,2006-11-15T00:00:00Z,LIT,3.0,0
PAL0607,2006-11-15T00:00:00Z,LIT,4.0,0
PAL0607,2006-11-15T00:00:00Z,LIT,5.0,0
PAL0607,2006-11-15T00:00:00Z,LIT,6.0,0
PAL0607,2006-11-15T00:00:00Z,LIT,7.0,0
PAL0607,2006-11-15T00:00:00Z,LIT,8.0,4
PAL0607,2006-11-15T00:00:00Z,LIT,9.0,0
PAL0607,2006-11-15T00:00:00Z,TOR,1.0,0
PAL0607,2006-11-15T00:00:00Z,TOR,2.0,0
PAL0607,2006-11-15T00:00:00Z,TOR,3.0,0
PAL0607,2006-11-15T00:00:00Z,TOR,4.0,27
PAL0607,2006-11-15T00:00:00Z,TOR,5.0,13
PAL0607,2006-11-15T00:00:00Z,TOR,6.0,0
PAL0607,2006-11-15T00:00:00Z,TOR,12.0,6
PAL0607,2006-11-15T00:00:00Z,TOR,13.0,7
PAL0607,2006-11-15T00:00:00Z,TOR,15.0,54
PAL0607,2006-11-15T00:00:00Z,TOR,17.0,0
PAL0607,2006-11-15T00:00:00Z,TOR,18.0,36
PAL0607,2006-11-15T00:00:00Z,TOR,19.0,164
PAL0607,2006-11-15T00:00:00Z,TOR,20.0,47
PAL0607,2006-11-15T00:00:00Z,TOR,21.0,0
PAL0607,2006-11-15T00:00:00Z,TOR,22.0,0
PAL0607,2006-11-15T00:00:00Z,TOR,23.0,8
PAL0607,2006-11-15T00:00:00Z,TOR,23.1,0
PAL0708,2007-11-19T00:00:00Z,CHR,1.0,8
PAL0708,2007-11-19T00:00:00Z,CHR,2.0,0
PAL0708,2007-11-19T00:00:00Z,CHR,3.0,21
PAL0708,2007-11-19T00:00:00Z,CHR,4.1,0
PAL0708,2007-11-19T00:00:00Z,CHR,5.0,0
PAL0708,2007-11-19T00:00:00Z,CHR,6.0,30
PAL0708,2007-11-19T00:00:00Z,CHR,7.0,180
PAL0708,2007-11-19T00:00:00Z,CHR,7.1,0
PAL0708,2007-11-19T00:00:00Z,CHR,7.2,14
PAL0708,2007-11-19T00:00:00Z,CHR,8.0,42
PAL0708,2007-11-19T00:00:00Z,CHR,9.1,34
PAL0708,2007-11-19T00:00:00Z,CHR,10.0,0
PAL0708,2007-11-19T00:00:00Z,CHR,11.0,0
PAL0708,2007-11-19T00:00:00Z,COR,1.0,0
PAL0708,2007-11-19T00:00:00Z,COR,2.0,25
PAL0708,2007-11-19T00:00:00Z,COR,3.0,22
PAL0708,2007-11-19T00:00:00Z,COR,4.0,0
PAL0708,2007-11-19T00:00:00Z,COR,5.0,8
PAL0708,2007-11-19T00:00:00Z,COR,5.1,39
PAL0708,2007-11-19T00:00:00Z,COR,6.0,0
PAL0708,2007-11-19T00:00:00Z,HUM,1.1,0
PAL0708,2007-11-19T00:00:00Z,HUM,1.2,0
PAL0708,2007-11-19T00:00:00Z,HUM,1.3,0
PAL0708,2007-11-19T00:00:00Z,HUM,2.1,26
PAL0708,2007-11-19T00:00:00Z,HUM,2.2,33
PAL0708,2007-11-19T00:00:00Z,HUM,3.0,85
PAL0708,2007-11-19T00:00:00Z,HUM,3.1,0
PAL0708,2007-11-19T00:00:00Z,HUM,4.0,0
PAL0708,2007-11-19T00:00:00Z,HUM,5.0,34
PAL0708,2007-11-19T00:00:00Z,TOR,1.0,0
PAL0708,2007-11-19T00:00:00Z,TOR,2.0,0
PAL0708,2007-11-19T00:00:00Z,TOR,3.0,0
PAL0708,2007-11-19T00:00:00Z,TOR,4.0,6
PAL0708,2007-11-19T00:00:00Z,TOR,5.0,10
PAL0708,2007-11-19T00:00:00Z,TOR,12.0,0
PAL0708,2007-11-19T00:00:00Z,TOR,13.0,0
PAL0708,2007-11-19T00:00:00Z,TOR,15.0,38
PAL0708,2007-11-19T00:00:00Z,TOR,17.0,0
PAL0708,2007-11-19T00:00:00Z,TOR,18.0,26
PAL0708,2007-11-19T00:00:00Z,TOR,19.0,131
PAL0708,2007-11-19T00:00:00Z,TOR,20.0,35
PAL0708,2007-11-19T00:00:00Z,TOR,21.0,0
PAL0708,2007-11-19T00:00:00Z,TOR,22.0,0
PAL0708,2007-11-19T00:00:00Z,TOR,23.0,0
PAL0708,2007-11-19T00:00:00Z,TOR,23.1,0
PAL0708,2007-11-20T00:00:00Z,LIT,1.0,0
PAL0708,2007-11-20T00:00:00Z,LIT,2.0,0
PAL0708,2007-11-20T00:00:00Z,LIT,3.0,0
PAL0708,2007-11-20T00:00:00Z,LIT,4.0,0
PAL0708,2007-11-20T00:00:00Z,LIT,5.0,0
PAL0708,2007-11-20T00:00:00Z,LIT,6.0,0
PAL0708,2007-11-20T00:00:00Z,LIT,7.0,0
PAL0708,2007-11-20T00:00:00Z,LIT,8.0,0
PAL0708,2007-11-20T00:00:00Z,LIT,9.0,0
PAL0809,2008-11-16T00:00:00Z,CHR,1.0,8
PAL0809,2008-11-16T00:00:00Z,CHR,2.0,0
PAL0809,2008-11-16T00:00:00Z,CHR,3.0,17
PAL0809,2008-11-16T00:00:00Z,CHR,4.1,0
PAL0809,2008-11-16T00:00:00Z,CHR,5.0,0
PAL0809,2008-11-16T00:00:00Z,CHR,6.0,23
PAL0809,2008-11-16T00:00:00Z,CHR,7.0,151
PAL0809,2008-11-16T00:00:00Z,CHR,7.1,0
PAL0809,2008-11-16T00:00:00Z,CHR,7.2,10
PAL0809,2008-11-16T00:00:00Z,CHR,8.0,40
PAL0809,2008-11-16T00:00:00Z,CHR,9.1,27
PAL0809,2008-11-16T00:00:00Z,CHR,10.0,0
PAL0809,2008-11-16T00:00:00Z,CHR,11.0,0
PAL0809,2008-11-16T00:00:00Z,COR,1.0,0
PAL0809,2008-11-16T00:00:00Z,COR,2.0,26
PAL0809,2008-11-16T00:00:00Z,COR,3.0,20
PAL0809,2008-11-16T00:00:00Z,COR,4.0,0
PAL0809,2008-11-16T00:00:00Z,COR,5.0,9
PAL0809,2008-11-16T00:00:00Z,COR,5.1,33
PAL0809,2008-11-16T00:00:00Z,COR,6.0,0
PAL0809,2008-11-16T00:00:00Z,HUM,1.1,0
PAL0809,2008-11-16T00:00:00Z,HUM,1.2,0
PAL0809,2008-11-16T00:00:00Z,HUM,1.3,0
PAL0809,2008-11-16T00:00:00Z,HUM,2.1,18
PAL0809,2008-11-16T00:00:00Z,HUM,2.2,31
PAL0809,2008-11-16T00:00:00Z,HUM,3.0,68
PAL0809,2008-11-16T00:00:00Z,HUM,3.1,0
PAL0809,2008-11-16T00:00:00Z,HUM,4.0,0
PAL0809,2008-11-16T00:00:00Z,HUM,5.0,22
PAL0809,2008-11-16T00:00:00Z,LIT,1.0,0
PAL0809,2008-11-16T00:00:00Z,LIT,2.0,0
PAL0809,2008-11-16T00:00:00Z,LIT,3.0,0
PAL0809,2008-11-16T00:00:00Z,LIT,4.0,0
PAL0809,2008-11-16T00:00:00Z,LIT,5.0,0
PAL0809,2008-11-16T00:00:00Z,LIT,6.0,0
PAL0809,2008-11-16T00:00:00Z,LIT,7.0,0
PAL0809,2008-11-16T00:00:00Z,LIT,8.0,0
PAL0809,2008-11-16T00:00:00Z,LIT,9.0,0
PAL0809,2008-11-16T00:00:00Z,TOR,1.0,0
PAL0809,2008-11-16T00:00:00Z,TOR,2.0,0
PAL0809,2008-11-16T00:00:00Z,TOR,3.0,0
PAL0809,2008-11-16T00:00:00Z,TOR,4.0,10
PAL0809,2008-11-16T00:00:00Z,TOR,5.0,0
PAL0809,2008-11-16T00:00:00Z,TOR,12.0,0
PAL0809,2008-11-16T00:00:00Z,TOR,13.0,0
PAL0809,2008-11-16T00:00:00Z,TOR,15.0,24
PAL0809,2008-11-16T00:00:00Z,TOR,17.0,0
PAL0809,2008-11-16T00:00:00Z,TOR,18.0,25
PAL0809,2008-11-16T00:00:00Z,TOR,19.0,118
PAL0809,2008-11-16T00:00:00Z,TOR,20.0,37
PAL0809,2008-11-16T00:00:00Z,TOR,21.0,0
PAL0809,2008-11-16T00:00:00Z,TOR,22.0,0
PAL0809,2008-11-16T00:00:00Z,TOR,23.0,0
PAL0809,2008-11-16T00:00:00Z,TOR,23.1,0
PAL0910,2009-11-21T00:00:00Z,HUM,1.1,0
PAL0910,2009-11-21T00:00:00Z,HUM,1.2,0
PAL0910,2009-11-21T00:00:00Z,HUM,1.3,0
PAL0910,2009-11-21T00:00:00Z,HUM,2.1,21
PAL0910,2009-11-21T00:00:00Z,HUM,2.2,33
PAL0910,2009-11-21T00:00:00Z,HUM,3.0,63
PAL0910,2009-11-21T00:00:00Z,HUM,3.1,0
PAL0910,2009-11-21T00:00:00Z,HUM,4.0,0
PAL0910,2009-11-21T00:00:00Z,HUM,5.0,21
PAL0910,2009-11-22T00:00:00Z,CHR,1.0,9
PAL0910,2009-11-22T00:00:00Z,CHR,2.0,0
PAL0910,2009-11-22T00:00:00Z,CHR,3.0,17
PAL0910,2009-11-22T00:00:00Z,CHR,4.1,0
PAL0910,2009-11-22T00:00:00Z,CHR,5.0,0
PAL0910,2009-11-22T00:00:00Z,CHR,6.0,25
PAL0910,2009-11-22T00:00:00Z,CHR,7.0,145
PAL0910,2009-11-22T00:00:00Z,CHR,7.1,0
PAL0910,2009-11-22T00:00:00Z,CHR,7.2,12
PAL0910,2009-11-22T00:00:00Z,CHR,8.0,40
PAL0910,2009-11-22T00:00:00Z,CHR,9.1,34
PAL0910,2009-11-22T00:00:00Z,CHR,10.0,0
PAL0910,2009-11-22T00:00:00Z,CHR,11.0,0
PAL0910,2009-11-22T00:00:00Z,COR,1.0,0
PAL0910,2009-11-22T00:00:00Z,COR,2.0,23
PAL0910,2009-11-22T00:00:00Z,COR,3.0,19
PAL0910,2009-11-22T00:00:00Z,COR,4.0,0
PAL0910,2009-11-22T00:00:00Z,COR,5.0,4
PAL0910,2009-11-22T00:00:00Z,COR,5.1,32
PAL0910,2009-11-22T00:00:00Z,COR,6.0,0
PAL0910,2009-11-22T00:00:00Z,LIT,1.0,0
PAL0910,2009-11-22T00:00:00Z,LIT,2.0,0
PAL0910,2009-11-22T00:00:00Z,LIT,3.0,0
PAL0910,2009-11-22T00:00:00Z,LIT,4.0,0
PAL0910,2009-11-22T00:00:00Z,LIT,5.0,0
PAL0910,2009-11-22T00:00:00Z,LIT,6.0,0
PAL0910,2009-11-22T00:00:00Z,LIT,7.0,0
PAL0910,2009-11-22T00:00:00Z,LIT,8.0,0
PAL0910,2009-11-22T00:00:00Z,LIT,9.0,0
PAL0910,2009-11-24T00:00:00Z,TOR,1.0,0
PAL0910,2009-11-24T00:00:00Z,TOR,2.0,0
PAL0910,2009-11-24T00:00:00Z,TOR,3.0,0
PAL0910,2009-11-24T00:00:00Z,TOR,4.0,12
PAL0910,2009-11-24T00:00:00Z,TOR,5.0,0
PAL0910,2009-11-24T00:00:00Z,TOR,12.0,0
PAL0910,2009-11-24T00:00:00Z,TOR,13.0,0
PAL0910,2009-11-24T00:00:00Z,TOR,15.0,21
PAL0910,2009-11-24T00:00:00Z,TOR,17.0,0
PAL0910,2009-11-24T00:00:00Z,TOR,18.0,22
PAL0910,2009-11-24T00:00:00Z,TOR,19.0,118
PAL0910,2009-11-24T00:00:00Z,TOR,20.0,43
PAL0910,2009-11-24T00:00:00Z,TOR,21.0,0
PAL0910,2009-11-24T00:00:00Z,TOR,22.0,0
PAL0910,2009-11-24T00:00:00Z,TOR,23.0,0
PAL0910,2009-11-24T00:00:00Z,TOR,23.1,0
PAL1011,2010-11-18T00:00:00Z,LIT,1.0,0
PAL1011,2010-11-18T00:00:00Z,LIT,2.0,0
PAL1011,2010-11-18T00:00:00Z,LIT,3.0,0
PAL1011,2010-11-18T00:00:00Z,LIT,4.0,0
PAL1011,2010-11-18T00:00:00Z,LIT,5.0,0
PAL1011,2010-11-18T00:00:00Z,LIT,6.0,0
PAL1011,2010-11-18T00:00:00Z,LIT,7.0,0
PAL1011,2010-11-18T00:00:00Z,LIT,8.0,0
PAL1011,2010-11-18T00:00:00Z,LIT,9.0,0
PAL1011,2010-11-19T00:00:00Z,HUM,1.1,0
PAL1011,2010-11-19T00:00:00Z,HUM,1.2,0
PAL1011,2010-11-19T00:00:00Z,HUM,1.3,0
PAL1011,2010-11-19T00:00:00Z,HUM,2.1,14
PAL1011,2010-11-19T00:00:00Z,HUM,2.2,29
PAL1011,2010-11-19T00:00:00Z,HUM,3.0,49
PAL1011,2010-11-19T00:00:00Z,HUM,3.1,0
PAL1011,2010-11-19T00:00:00Z,HUM,4.0,0
PAL1011,2010-11-19T00:00:00Z,HUM,5.0,22
PAL1011,2010-11-19T00:00:00Z,TOR,1.0,0
PAL1011,2010-11-19T00:00:00Z,TOR,2.0,0
PAL1011,2010-11-19T00:00:00Z,TOR,3.0,0
PAL1011,2010-11-19T00:00:00Z,TOR,4.0,10
PAL1011,2010-11-19T00:00:00Z,TOR,5.0,0
PAL1011,2010-11-19T00:00:00Z,TOR,12.0,0
PAL1011,2010-11-19T00:00:00Z,TOR,13.0,0
PAL1011,2010-11-19T00:00:00Z,TOR,15.0,11
PAL1011,2010-11-19T00:00:00Z,TOR,17.0,0
PAL1011,2010-11-19T00:00:00Z,TOR,18.0,14
PAL1011,2010-11-19T00:00:00Z,TOR,19.0,86
PAL1011,2010-11-19T00:00:00Z,TOR,20.0,35
PAL1011,2010-11-19T00:00:00Z,TOR,21.0,0
PAL1011,2010-11-19T00:00:00Z,TOR,22.0,0
PAL1011,2010-11-19T00:00:00Z,TOR,23.0,0
PAL1011,2010-11-19T00:00:00Z,TOR,23.1,0
PAL1011,2010-11-23T00:00:00Z,CHR,1.0,4
PAL1011,2010-11-23T00:00:00Z,CHR,2.0,0
PAL1011,2010-11-23T00:00:00Z,CHR,3.0,8
PAL1011,2010-11-23T00:00:00Z,CHR,4.1,0
PAL1011,2010-11-23T00:00:00Z,CHR,5.0,0
PAL1011,2010-11-23T00:00:00Z,CHR,6.0,16
PAL1011,2010-11-23T00:00:00Z,CHR,7.0,127
PAL1011,2010-11-23T00:00:00Z,CHR,7.1,0
PAL1011,2010-11-23T00:00:00Z,CHR,7.2,9
PAL1011,2010-11-23T00:00:00Z,CHR,8.0,28
PAL1011,2010-11-23T00:00:00Z,CHR,9.1,22
PAL1011,2010-11-23T00:00:00Z,CHR,10.0,0
PAL1011,2010-11-23T00:00:00Z,CHR,11.0,0
PAL1011,2010-11-23T00:00:00Z,COR,1.0,0
PAL1011,2010-11-23T00:00:00Z,COR,2.0,17
PAL1011,2010-11-23T00:00:00Z,COR,3.0,13
PAL1011,2010-11-23T00:00:00Z,COR,4.0,0
PAL1011,2010-11-23T00:00:00Z,COR,5.0,0
PAL1011,2010-11-23T00:00:00Z,COR,5.1,29
PAL1011,2010-11-23T00:00:00Z,COR,6.0,0
PAL1112,2011-11-20T00:00:00Z,HUM,1.1,0
PAL1112,2011-11-20T00:00:00Z,HUM,1.2,0
PAL1112,2011-11-20T00:00:00Z,HUM,1.3,0
PAL1112,2011-11-20T00:00:00Z,HUM,2.1,14
PAL1112,2011-11-20T00:00:00Z,HUM,2.2,29
PAL1112,2011-11-20T00:00:00Z,HUM,3.0,58
PAL1112,2011-11-20T00:00:00Z,HUM,3.1,0
PAL1112,2011-11-20T00:00:00Z,HUM,4.0,0
PAL1112,2011-11-20T00:00:00Z,HUM,5.0,13
PAL1112,2011-11-20T00:00:00Z,LIT,1.0,0
PAL1112,2011-11-20T00:00:00Z,LIT,2.0,0
PAL1112,2011-11-20T00:00:00Z,LIT,3.0,0
PAL1112,2011-11-20T00:00:00Z,LIT,4.0,0
PAL1112,2011-11-20T00:00:00Z,LIT,5.0,0
PAL1112,2011-11-20T00:00:00Z,LIT,6.0,0
PAL1112,2011-11-20T00:00:00Z,LIT,7.0,0
PAL1112,2011-11-20T00:00:00Z,LIT,8.0,0
PAL1112,2011-11-20T00:00:00Z,LIT,9.0,0
PAL1112,2011-11-20T00:00:00Z,TOR,1.0,0
PAL1112,2011-11-20T00:00:00Z,TOR,2.0,0
PAL1112,2011-11-20T00:00:00Z,TOR,3.0,0
PAL1112,2011-11-20T00:00:00Z,TOR,4.0,6
PAL1112,2011-11-20T00:00:00Z,TOR,5.0,0
PAL1112,2011-11-20T00:00:00Z,TOR,12.0,0
PAL1112,2011-11-20T00:00:00Z,TOR,13.0,0
PAL1112,2011-11-20T00:00:00Z,TOR,15.0,8
PAL1112,2011-11-20T00:00:00Z,TOR,17.0,0
PAL1112,2011-11-20T00:00:00Z,TOR,18.0,12
PAL1112,2011-11-20T00:00:00Z,TOR,19.0,80
PAL1112,2011-11-20T00:00:00Z,TOR,20.0,28
PAL1112,2011-11-20T00:00:00Z,TOR,21.0,0
PAL1112,2011-11-20T00:00:00Z,TOR,22.0,0
PAL1112,2011-11-20T00:00:00Z,TOR,23.0,0
PAL1112,2011-11-20T00:00:00Z,TOR,23.1,0
PAL1112,2011-11-21T00:00:00Z,CHR,1.0,4
PAL1112,2011-11-21T00:00:00Z,CHR,2.0,0
PAL1112,2011-11-21T00:00:00Z,CHR,3.0,8
PAL1112,2011-11-21T00:00:00Z,CHR,4.1,0
PAL1112,2011-11-21T00:00:00Z,CHR,5.0,0
PAL1112,2011-11-21T00:00:00Z,CHR,6.0,12
PAL1112,2011-11-21T00:00:00Z,CHR,7.0,128
PAL1112,2011-11-21T00:00:00Z,CHR,7.1,0
PAL1112,2011-11-21T00:00:00Z,CHR,7.2,6
PAL1112,2011-11-21T00:00:00Z,CHR,8.0,27
PAL1112,2011-11-21T00:00:00Z,CHR,9.1,22
PAL1112,2011-11-21T00:00:00Z,CHR,10.0,0
PAL1112,2011-11-21T00:00:00Z,CHR,11.0,0
PAL1112,2011-11-21T00:00:00Z,COR,1.0,0
PAL1112,2011-11-21T00:00:00Z,COR,2.0,17
PAL1112,2011-11-21T00:00:00Z,COR,3.0,14
PAL1112,2011-11-21T00:00:00Z,COR,4.0,0
PAL1112,2011-11-21T00:00:00Z,COR,5.0,0
PAL1112,2011-11-21T00:00:00Z,COR,5.1,25
PAL1112,2011-11-21T00:00:00Z,COR,6.0,0
PAL1213,2012-11-25T00:00:00Z,CHR,1.0,6
PAL1213,2012-11-25T00:00:00Z,CHR,2.0,0
PAL1213,2012-11-25T00:00:00Z,CHR,3.0,6
PAL1213,2012-11-25T00:00:00Z,CHR,4.1,0
PAL1213,2012-11-25T00:00:00Z,CHR,5.0,0
PAL1213,2012-11-25T00:00:00Z,CHR,6.0,13
PAL1213,2012-11-25T00:00:00Z,CHR,7.0,112
PAL1213,2012-11-25T00:00:00Z,CHR,7.1,0
PAL1213,2012-11-25T00:00:00Z,CHR,7.2,2
PAL1213,2012-11-25T00:00:00Z,CHR,8.0,23
PAL1213,2012-11-25T00:00:00Z,CHR,9.1,19
PAL1213,2012-11-25T00:00:00Z,CHR,10.0,0
PAL1213,2012-11-25T00:00:00Z,CHR,11.0,0
PAL1213,2012-11-25T00:00:00Z,COR,1.0,0
PAL1213,2012-11-25T00:00:00Z,COR,2.0,17
PAL1213,2012-11-25T00:00:00Z,COR,3.0,12
PAL1213,2012-11-25T00:00:00Z,COR,4.0,0
PAL1213,2012-11-25T00:00:00Z,COR,5.0,0
PAL1213,2012-11-25T00:00:00Z,COR,5.1,24
PAL1213,2012-11-25T00:00:00Z,COR,6.0,0
PAL1213,2012-11-25T00:00:00Z,HUM,1.1,0
PAL1213,2012-11-25T00:00:00Z,HUM,1.2,0
PAL1213,2012-11-25T00:00:00Z,HUM,1.3,0
PAL1213,2012-11-25T00:00:00Z,HUM,2.1,17
PAL1213,2012-11-25T00:00:00Z,HUM,2.2,28
PAL1213,2012-11-25T00:00:00Z,HUM,3.0,54
PAL1213,2012-11-25T00:00:00Z,HUM,3.1,0
PAL1213,2012-11-25T00:00:00Z,HUM,4.0,0
PAL1213,2012-11-25T00:00:00Z,HUM,5.0,15
PAL1213,2012-11-25T00:00:00Z,LIT,1.0,0
PAL1213,2012-11-25T00:00:00Z,LIT,2.0,0
PAL1213,2012-11-25T00:00:00Z,LIT,3.0,0
PAL1213,2012-11-25T00:00:00Z,LIT,4.0,0
PAL1213,2012-11-25T00:00:00Z,LIT,5.0,0
PAL1213,2012-11-25T00:00:00Z,LIT,6.0,0
PAL1213,2012-11-25T00:00:00Z,LIT,7.0,0
PAL1213,2012-11-25T00:00:00Z,LIT,8.0,0
PAL1213,2012-11-25T00:00:00Z,LIT,9.0,0
PAL1213,2012-11-25T00:00:00Z,TOR,1.0,0
PAL1213,2012-11-25T00:00:00Z,TOR,2.0,0
PAL1213,2012-11-25T00:00:00Z,TOR,3.0,0
PAL1213,2012-11-25T00:00:00Z,TOR,4.0,8
PAL1213,2012-11-25T00:00:00Z,TOR,5.0,0
PAL1213,2012-11-25T00:00:00Z,TOR,12.0,0
PAL1213,2012-11-25T00:00:00Z,TOR,13.0,0
PAL1213,2012-11-25T00:00:00Z,TOR,15.0,1
PAL1213,2012-11-25T00:00:00Z,TOR,17.0,0
PAL1213,2012-11-25T00:00:00Z,TOR,18.0,12
PAL1213,2012-11-25T00:00:00Z,TOR,19.0,53
PAL1213,2012-11-25T00:00:00Z,TOR,20.0,29
PAL1213,2012-11-25T00:00:00Z,TOR,21.0,0
PAL1213,2012-11-25T00:00:00Z,TOR,22.0,0
PAL1213,2012-11-25T00:00:00Z,TOR,23.0,0
PAL1213,2012-11-25T00:00:00Z,TOR,23.1,0
PAL1314,2013-11-24T00:00:00Z,HUM,1.1,0
PAL1314,2013-11-24T00:00:00Z,HUM,1.2,0
PAL1314,2013-11-24T00:00:00Z,HUM,1.3,0
PAL1314,2013-11-24T00:00:00Z,HUM,2.1,19
PAL1314,2013-11-24T00:00:00Z,HUM,2.2,27
PAL1314,2013-11-24T00:00:00Z,HUM,3.0,60
PAL1314,2013-11-24T00:00:00Z,HUM,3.1,0
PAL1314,2013-11-24T00:00:00Z,HUM,4.0,0
PAL1314,2013-11-24T00:00:00Z,HUM,5.0,12
PAL1314,2013-11-24T00:00:00Z,TOR,1.0,0
PAL1314,2013-11-24T00:00:00Z,TOR,2.0,0
PAL1314,2013-11-24T00:00:00Z,TOR,3.0,0
PAL1314,2013-11-24T00:00:00Z,TOR,4.0,2
PAL1314,2013-11-24T00:00:00Z,TOR,5.0,0
PAL1314,2013-11-24T00:00:00Z,TOR,12.0,0
PAL1314,2013-11-24T00:00:00Z,TOR,13.0,0
PAL1314,2013-11-24T00:00:00Z,TOR,15.0,0
PAL1314,2013-11-24T00:00:00Z,TOR,17.0,0
PAL1314,2013-11-24T00:00:00Z,TOR,18.0,8
PAL1314,2013-11-24T00:00:00Z,TOR,19.0,53
PAL1314,2013-11-24T00:00:00Z,TOR,20.0,24
PAL1314,2013-11-24T00:00:00Z,TOR,21.0,0
PAL1314,2013-11-24T00:00:00Z,TOR,22.0,0
PAL1314,2013-11-24T00:00:00Z,TOR,23.0,0
PAL1314,2013-11-24T00:00:00Z,TOR,23.1,0
PAL1314,2013-11-27T00:00:00Z,CHR,1.0,0
PAL1314,2013-11-27T00:00:00Z,CHR,2.0,0
PAL1314,2013-11-27T00:00:00Z,CHR,3.0,0
PAL1314,2013-11-27T00:00:00Z,CHR,4.1,0
PAL1314,2013-11-27T00:00:00Z,CHR,5.0,0
PAL1314,2013-11-27T00:00:00Z,CHR,6.0,1
PAL1314,2013-11-27T00:00:00Z,CHR,7.0,96
PAL1314,2013-11-27T00:00:00Z,CHR,7.1,0
PAL1314,2013-11-27T00:00:00Z,CHR,7.2,0
PAL1314,2013-11-27T00:00:00Z,CHR,8.0,13
PAL1314,2013-11-27T00:00:00Z,CHR,9.1,14
PAL1314,2013-11-27T00:00:00Z,CHR,10.0,0
PAL1314,2013-11-27T00:00:00Z,CHR,11.0,0
PAL1314,2013-11-27T00:00:00Z,COR,1.0,0
PAL1314,2013-11-27T00:00:00Z,COR,2.0,18
PAL1314,2013-11-27T00:00:00Z,COR,3.0,17
PAL1314,2013-11-27T00:00:00Z,COR,4.0,0
PAL1314,2013-11-27T00:00:00Z,COR,5.0,0
PAL1314,2013-11-27T00:00:00Z,COR,5.1,18
PAL1314,2013-11-27T00:00:00Z,COR,6.0,0
PAL1314,2013-11-27T00:00:00Z,LIT,1.0,0
PAL1314,2013-11-27T00:00:00Z,LIT,2.0,0
PAL1314,2013-11-27T00:00:00Z,LIT,3.0,0
PAL1314,2013-11-27T00:00:00Z,LIT,4.0,0
PAL1314,2013-11-27T00:00:00Z,LIT,5.0,0
PAL1314,2013-11-27T00:00:00Z,LIT,6.0,0
PAL1314,2013-11-27T00:00:00Z,LIT,7.0,0
PAL1314,2013-11-27T00:00:00Z,LIT,8.0,0
PAL1314,2013-11-27T00:00:00Z,LIT,9.0,0
PAL1415,2014-11-25T00:00:00Z,CHR,1.0,0
PAL1415,2014-11-25T00:00:00Z,CHR,2.0,0
PAL1415,2014-11-25T00:00:00Z,CHR,3.0,0
PAL1415,2014-11-25T00:00:00Z,CHR,4.1,0
PAL1415,2014-11-25T00:00:00Z,CHR,5.0,0
PAL1415,2014-11-25T00:00:00Z,CHR,6.0,0
PAL1415,2014-11-25T00:00:00Z,CHR,7.0,85
PAL1415,2014-11-25T00:00:00Z,CHR,7.1,0
PAL1415,2014-11-25T00:00:00Z,CHR,7.2,0
PAL1415,2014-11-25T00:00:00Z,CHR,8.0,5
PAL1415,2014-11-25T00:00:00Z,CHR,9.1,0
PAL1415,2014-11-25T00:00:00Z,CHR,10.0,0
PAL1415,2014-11-25T00:00:00Z,CHR,11.0,0
PAL1415,2014-11-25T00:00:00Z,COR,1.0,0
PAL1415,2014-11-25T00:00:00Z,COR,2.0,11
PAL1415,2014-11-25T00:00:00Z,COR,3.0,14
PAL1415,2014-11-25T00:00:00Z,COR,4.0,0
PAL1415,2014-11-25T00:00:00Z,COR,5.0,0
PAL1415,2014-11-25T00:00:00Z,COR,5.1,14
PAL1415,2014-11-25T00:00:00Z,COR,6.0,0
PAL1415,2014-11-25T00:00:00Z,HUM,1.1,6
PAL1415,2014-11-25T00:00:00Z,HUM,1.2,0
PAL1415,2014-11-25T00:00:00Z,HUM,1.3,0
PAL1415,2014-11-25T00:00:00Z,HUM,2.1,16
PAL1415,2014-11-25T00:00:00Z,HUM,2.2,25
PAL1415,2014-11-25T00:00:00Z,HUM,3.0,48
PAL1415,2014-11-25T00:00:00Z,HUM,3.1,0
PAL1415,2014-11-25T00:00:00Z,HUM,4.0,0
PAL1415,2014-11-25T00:00:00Z,HUM,5.0,7
PAL1415,2014-11-25T00:00:00Z,LIT,1.0,0
PAL1415,2014-11-25T00:00:00Z,LIT,2.0,0
PAL1415,2014-11-25T00:00:00Z,LIT,3.0,0
PAL1415,2014-11-25T00:00:00Z,LIT,4.0,0
PAL1415,2014-11-25T00:00:00Z,LIT,5.0,0
PAL1415,2014-11-25T00:00:00Z,LIT,6.0,0
PAL1415,2014-11-25T00:00:00Z,LIT,7.0,0
PAL1415,2014-11-25T00:00:00Z,LIT,8.0,0
PAL1415,2014-11-25T00:00:00Z,LIT,9.0,0
PAL1415,2014-11-25T00:00:00Z,TOR,1.0,0
PAL1415,2014-11-25T00:00:00Z,TOR,2.0,0
PAL1415,2014-11-25T00:00:00Z,TOR,3.0,0
PAL1415,2014-11-25T00:00:00Z,TOR,4.0,0
PAL1415,2014-11-25T00:00:00Z,TOR,5.0,0
PAL1415,2014-11-25T00:00:00Z,TOR,12.0,0
PAL1415,2014-11-25T00:00:00Z,TOR,13.0,0
PAL1415,2014-11-25T00:00:00Z,TOR,15.0,0
PAL1415,2014-11-25T00:00:00Z,TOR,17.0,0
PAL1415,2014-11-25T00:00:00Z,TOR,18.0,8
PAL1415,2014-11-25T00:00:00Z,TOR,19.1,1
PAL1415,2014-11-25T00:00:00Z,TOR,20.0,21
PAL1415,2014-11-25T00:00:00Z,TOR,21.0,0
PAL1415,2014-11-25T00:00:00Z,TOR,22.0,0
PAL1415,2014-11-25T00:00:00Z,TOR,23.0,0
PAL1415,2014-11-25T00:00:00Z,TOR,23.1,0
PAL1516,2015-11-29T00:00:00Z,CHR,1.0,0
PAL1516,2015-11-29T00:00:00Z,CHR,2.0,0
PAL1516,2015-11-29T00:00:00Z,CHR,3.0,0
PAL1516,2015-11-29T00:00:00Z,CHR,4.1,0
PAL1516,2015-11-29T00:00:00Z,CHR,5.0,0
PAL1516,2015-11-29T00:00:00Z,CHR,6.0,0
PAL1516,2015-11-29T00:00:00Z,CHR,7.0,53
PAL1516,2015-11-29T00:00:00Z,CHR,7.1,0
PAL1516,2015-11-29T00:00:00Z,CHR,7.2,0
PAL1516,2015-11-29T00:00:00Z,CHR,8.0,0
PAL1516,2015-11-29T00:00:00Z,CHR,9.1,0
PAL1516,2015-11-29T00:00:00Z,CHR,10.0,0
PAL1516,2015-11-29T00:00:00Z,CHR,11.0,0
PAL1516,2015-11-29T00:00:00Z,COR,1.0,0
PAL1516,2015-11-29T00:00:00Z,COR,2.0,12
PAL1516,2015-11-29T00:00:00Z,COR,3.0,13
PAL1516,2015-11-29T00:00:00Z,COR,4.0,0
PAL1516,2015-11-29T00:00:00Z,COR,5.0,0
PAL1516,2015-11-29T00:00:00Z,COR,5.1,13
PAL1516,2015-11-29T00:00:00Z,COR,6.0,0
PAL1516,2015-11-29T00:00:00Z,LIT,1.0,0
PAL1516,2015-11-29T00:00:00Z,LIT,2.0,0
PAL1516,2015-11-29T00:00:00Z,LIT,3.0,0
PAL1516,2015-11-29T00:00:00Z,LIT,4.0,0
PAL1516,2015-11-29T00:00:00Z,LIT,5.0,0
PAL1516,2015-11-29T00:00:00Z,LIT,6.0,0
PAL1516,2015-11-29T00:00:00Z,LIT,7.0,0
PAL1516,2015-11-29T00:00:00Z,LIT,8.0,0
PAL1516,2015-11-29T00:00:00Z,LIT,9.0,0
PAL1516,2015-11-30T00:00:00Z,HUM,1.1,0
PAL1516,2015-11-30T00:00:00Z,HUM,1.2,0
PAL1516,2015-11-30T00:00:00Z,HUM,1.3,0
PAL1516,2015-11-30T00:00:00Z,HUM,2.1,12
PAL1516,2015-11-30T00:00:00Z,HUM,2.2,24
PAL1516,2015-11-30T00:00:00Z,HUM,3.0,47
PAL1516,2015-11-30T00:00:00Z,HUM,3.1,0
PAL1516,2015-11-30T00:00:00Z,HUM,4.0,0
PAL1516,2015-11-30T00:00:00Z,HUM,5.0,6
PAL1516,2015-11-30T00:00:00Z,TOR,1.0,0
PAL1516,2015-11-30T00:00:00Z,TOR,2.0,0
PAL1516,2015-11-30T00:00:00Z,TOR,3.0,0
PAL1516,2015-11-30T00:00:00Z,TOR,4.0,0
PAL1516,2015-11-30T00:00:00Z,TOR,5.0,0
PAL1516,2015-11-30T00:00:00Z,TOR,12.0,0
PAL1516,2015-11-30T00:00:00Z,TOR,13.0,0
PAL1516,2015-11-30T00:00:00Z,TOR,15.0,0
PAL1516,2015-11-30T00:00:00Z,TOR,17.0,0
PAL1516,2015-11-30T00:00:00Z,TOR,18.0,0
PAL1516,2015-11-30T00:00:00Z,TOR,19.0,30
PAL1516,2015-11-30T00:00:00Z,TOR,20.0,21
PAL1516,2015-11-30T00:00:00Z,TOR,21.0,0
PAL1516,2015-11-30T00:00:00Z,TOR,22.0,0
PAL1516,2015-11-30T00:00:00Z,TOR,23.0,0
PAL1516,2015-11-30T00:00:00Z,TOR,23.1,0
PAL1617,2016-11-24T00:00:00Z,CHR,1.0,0
PAL1617,2016-11-24T00:00:00Z,CHR,2.0,0
PAL1617,2016-11-24T00:00:00Z,CHR,3.0,0
PAL1617,2016-11-24T00:00:00Z,CHR,4.1,0
PAL1617,2016-11-24T00:00:00Z,CHR,5.0,0
PAL1617,2016-11-24T00:00:00Z,CHR,6.0,0
PAL1617,2016-11-24T00:00:00Z,CHR,7.0,44
PAL1617,2016-11-24T00:00:00Z,CHR,7.1,0
PAL1617,2016-11-24T00:00:00Z,CHR,7.2,0
PAL1617,2016-11-24T00:00:00Z,CHR,8.0,0
PAL1617,2016-11-24T00:00:00Z,CHR,9.1,0
PAL1617,2016-11-24T00:00:00Z,CHR,10.0,0
PAL1617,2016-11-24T00:00:00Z,CHR,11.0,0
PAL1617,2016-11-24T00:00:00Z,COR,1.0,0
PAL1617,2016-11-24T00:00:00Z,COR,2.0,12
PAL1617,2016-11-24T00:00:00Z,COR,3.0,9
PAL1617,2016-11-24T00:00:00Z,COR,4.0,0
PAL1617,2016-11-24T00:00:00Z,COR,5.0,0
PAL1617,2016-11-24T00:00:00Z,COR,5.1,9
PAL1617,2016-11-24T00:00:00Z,COR,6.0,0
PAL1617,2016-11-24T00:00:00Z,HUM,1.1,0
PAL1617,2016-11-24T00:00:00Z,HUM,1.2,0
PAL1617,2016-11-24T00:00:00Z,HUM,1.3,0
PAL1617,2016-11-24T00:00:00Z,HUM,2.1,11
PAL1617,2016-11-24T00:00:00Z,HUM,2.2,22
PAL1617,2016-11-24T00:00:00Z,HUM,3.0,44
PAL1617,2016-11-24T00:00:00Z,HUM,3.1,0
PAL1617,2016-11-24T00:00:00Z,HUM,4.0,0
PAL1617,2016-11-24T00:00:00Z,HUM,5.0,3
PAL1617,2016-11-24T00:00:00Z,LIT,1.0,0
PAL1617,2016-11-24T00:00:00Z,LIT,2.0,0
PAL1617,2016-11-24T00:00:00Z,LIT,3.0,0
PAL1617,2016-11-24T00:00:00Z,LIT,4.0,0
PAL1617,2016-11-24T00:00:00Z,LIT,5.0,0
PAL1617,2016-11-24T00:00:00Z,LIT,6.0,0
PAL1617,2016-11-24T00:00:00Z,LIT,7.0,0
PAL1617,2016-11-24T00:00:00Z,LIT,8.0,0
PAL1617,2016-11-24T00:00:00Z,LIT,9.0,0
PAL1617,2016-11-24T00:00:00Z,TOR,1.0,0
PAL1617,2016-11-24T00:00:00Z,TOR,2.0,0
PAL1617,2016-11-24T00:00:00Z,TOR,3.0,0
PAL1617,2016-11-24T00:00:00Z,TOR,4.0,0
PAL1617,2016-11-24T00:00:00Z,TOR,5.0,0
PAL1617,2016-11-24T00:00:00Z,TOR,12.0,0
PAL1617,2016-11-24T00:00:00Z,TOR,13.0,0
PAL1617,2016-11-24T00:00:00Z,TOR,15.0,0
PAL1617,2016-11-24T00:00:00Z,TOR,17.0,0
PAL1617,2016-11-24T00:00:00Z,TOR,18.0,0
PAL1617,2016-11-24T00:00:00Z,TOR,19.0,18
PAL1617,2016-11-24T00:00:00Z,TOR,20.0,15
PAL1617,2016-11-24T00:00:00Z,TOR,21.0,0
PAL1617,2016-11-24T00:00:00Z,TOR,22.0,0
PAL1617,2016-11-24T00:00:00Z,TOR,23.0,0
PAL1617,2016-11-24T00:00:00Z,TOR,23.1,0
PAL1718,2017-11-20T00:00:00Z,HUM,1.1,0
PAL1718,2017-11-20T00:00:00Z,HUM,1.2,0
PAL1718,2017-11-20T00:00:00Z,HUM,1.3,0
PAL1718,2017-11-20T00:00:00Z,HUM,2.1,10
PAL1718,2017-11-20T00:00:00Z,HUM,2.2,18
PAL1718,2017-11-20T00:00:00Z,HUM,3.0,40
PAL1718,2017-11-20T00:00:00Z,HUM,3.1,0
PAL1718,2017-11-20T00:00:00Z,HUM,4.0,0
PAL1718,2017-11-20T00:00:00Z,HUM,5.0,0
PAL1718,2017-11-21T00:00:00Z,CHR,1.0,0
PAL1718,2017-11-21T00:00:00Z,CHR,2.0,0
PAL1718,2017-11-21T00:00:00Z,CHR,3.0,0
PAL1718,2017-11-21T00:00:00Z,CHR,4.1,0
PAL1718,2017-11-21T00:00:00Z,CHR,5.0,0
PAL1718,2017-11-21T00:00:00Z,CHR,6.0,0
PAL1718,2017-11-21T00:00:00Z,CHR,7.0,27
PAL1718,2017-11-21T00:00:00Z,CHR,7.1,0
PAL1718,2017-11-21T00:00:00Z,CHR,7.2,0
PAL1718,2017-11-21T00:00:00Z,CHR,8.0,0
PAL1718,2017-11-21T00:00:00Z,CHR,9.1,0
PAL1718,2017-11-21T00:00:00Z,CHR,10.0,0
PAL1718,2017-11-21T00:00:00Z,CHR,11.0,0
PAL1718,2017-11-21T00:00:00Z,COR,1.0,0
PAL1718,2017-11-21T00:00:00Z,COR,2.0,10
PAL1718,2017-11-21T00:00:00Z,COR,3.0,6
PAL1718,2017-11-21T00:00:00Z,COR,4.0,0
PAL1718,2017-11-21T00:00:00Z,COR,5.0,0
PAL1718,2017-11-21T00:00:00Z,COR,5.1,7
PAL1718,2017-11-21T00:00:00Z,COR,6.0,0
PAL1718,2017-11-21T00:00:00Z,LIT,1.0,0
PAL1718,2017-11-21T00:00:00Z,LIT,2.0,0
PAL1718,2017-11-21T00:00:00Z,LIT,3.0,0
PAL1718,2017-11-21T00:00:00Z,LIT,4.0,0
PAL1718,2017-11-21T00:00:00Z,LIT,5.0,0
PAL1718,2017-11-21T00:00:00Z,LIT,6.0,0
PAL1718,2017-11-21T00:00:00Z,LIT,7.0,0
PAL1718,2017-11-21T00:00:00Z,LIT,8.0,0
PAL1718,2017-11-21T00:00:00Z,LIT,9.0,0
PAL1718,2017-11-24T00:00:00Z,TOR,1.0,0
PAL1718,2017-11-24T00:00:00Z,TOR,2.0,0
PAL1718,2017-11-24T00:00:00Z,TOR,3.0,0
PAL1718,2017-11-24T00:00:00Z,TOR,4.0,0
PAL1718,2017-11-24T00:00:00Z,TOR,5.0,0
PAL1718,2017-11-24T00:00:00Z,TOR,12.0,0
PAL1718,2017-11-24T00:00:00Z,TOR,13.0,0
PAL1718,2017-11-24T00:00:00Z,TOR,15.0,0
PAL1718,2017-11-24T00:00:00Z,TOR,17.0,0
PAL1718,2017-11-24T00:00:00Z,TOR,18.0,0
PAL1718,2017-11-24T00:00:00Z,TOR,19.0,13
PAL1718,2017-11-24T00:00:00Z,TOR,20.0,9
PAL1718,2017-11-24T00:00:00Z,TOR,21.0,0
PAL1718,2017-11-24T00:00:00Z,TOR,22.0,0
PAL1718,2017-11-24T00:00:00Z,TOR,23.0,0
PAL1718,2017-11-24T00:00:00Z,TOR,23.1,0
