study_name,time,sample_number,total_krill_abundance,krill_abundance_16mm_to_20mm,krill_abundance_21mm_to_25mm,krill_abundance_26mm_to_30mm,krill_abundance_31mm_to_35mm,krill_abundance_36mm_to_40mm,krill_abundance_41mm_to_45mm,krill_abundance_46mm_to_50mm,krill_abundance_51mm_to_55mm,krill_abundance_56mm_to_60mm,krill_abundance_61mm_to_65mm
,UTC,,1,1,1,1,1,1,1,1,1,1,1
PAL9192,1992-01-15T00:00:00Z,25465,62,0,0,0,0,15,31,10,5,1,0
PAL9192,1992-01-15T00:00:00Z,25466,80,3,0,12,4,11,22,19,8,1,0
PAL9192,1992-01-15T00:00:00Z,25467,73,0,4,3,4,11,26,16,8,1,0
PAL9192,1992-01-15T00:00:00Z,25468,65,3,3,2,3,11,28,15,0,0,0
PAL9192,1992-01-15T00:00:00Z,25469,52,0,0,0,1,12,24,8,4,3,0
PAL9192,1992-01-20T00:00:00Z,25470,81,0,0,4,1,10,15,17,15,17,2
PAL9192,1992-01-20T00:00:00Z,25471,90,2,7,9,5,13,24,16,9,5,0
PAL9192,1992-01-20T00:00:00Z,25472,73,0,1,5,8,3,20,26,8,2,0
PAL9192,1992-01-20T00:00:00Z,25473,68,0,1,2,3,6,19,19,13,3,2
PAL9192,1992-01-20T00:00:00Z,25474,131,5,10,13,11,22,39,19,11,1,0
PAL9192,1992-01-25T00:00:00Z,25475,95,0,0,0,1,21,16,17,20,19,1
PAL9192,1992-01-25T00:00:00Z,25476,83,1,4,6,8,21,25,11,6,1,0
PAL9192,1992-01-25T00:00:00Z,25477,69,0,0,1,2,7,18,26,13,2,0
PAL9192,1992-01-25T00:00:00Z,25478,52,0,0,0,0,5,16,17,8,6,0
PAL9192,1992-01-25T00:00:00Z,25479,47,0,0,0,4,11,21,4,6,1,0
PAL9192,1992-01-30T00:00:00Z,25480,70,0,0,0,0,10,20,11,16,9,4
PAL9192,1992-01-30T00:00:00Z,25481,70,0,0,11,18,7,14,11,8,1,0
PAL9192,1992-01-30T00:00:00Z,25482,69,0,5,16,14,15,13,5,1,0,0
PAL9192,1992-01-30T00:00:00Z,25483,49,0,0,0,0,3,14,15,7,10,0
PAL9192,1992-01-30T00:00:00Z,25484,87,0,12,8,14,18,15,11,6,0,3
PAL9192,1992-02-04T00:00:00Z,25485,36,0,0,0,1,5,6,6,10,7,1
PAL9192,1992-02-04T00:00:00Z,25486,65,0,0,6,10,17,14,12,5,1,0
PAL9192,1992-02-04T00:00:00Z,25487,63,0,0,0,4,2,13,15,8,15,6
PAL9192,1992-02-04T00:00:00Z,25488,75,0,0,4,3,3,15,32,13,5,0
PAL9192,1992-02-04T00:00:00Z,25489,56,0,0,1,3,5,20,16,7,4,0
PAL9192,1992-02-09T00:00:00Z,25490,57,0,0,0,0,0,6,18,11,17,5
PAL9192,1992-02-09T00:00:00Z,25491,44,0,0,1,5,8,13,11,5,1,0
PAL9192,1992-02-09T00:00:00Z,25492,59,0,0,0,1,2,17,24,15,0,0
PAL9192,1992-02-09T00:00:00Z,25493,62,0,0,0,0,2,16,21,18,4,1
PAL9192,1992-02-09T00:00:00Z,25494,95,0,0,16,22,23,18,12,4,0,0
PAL9192,1992-02-14T00:00:00Z,25495,70,0,0,0,6,6,19,16,13,10,0
PAL9192,1992-02-14T00:00:00Z,25496,80,0,0,2,5,16,25,15,13,3,1
PAL9192,1992-02-14T00:00:00Z,25497,72,0,0,0,2,2,23,24,20,1,0
PAL9192,1992-02-14T00:00:00Z,25498,62,0,0,0,1,3,24,19,10,5,0
PAL9192,1992-02-14T00:00:00Z,25499,82,0,0,1,2,15,24,27,12,1,0
PAL9192,1992-02-19T00:00:00Z,25500,68,0,0,0,2,2,14,31,14,5,0
PAL9192,1992-02-19T00:00:00Z,25501,90,0,0,0,9,7,23,28,18,4,1
PAL9192,1992-02-19T00:00:00Z,25502,58,0,0,0,0,1,9,27,19,2,0
PAL9192,1992-02-19T00:00:00Z,25503,77,0,0,0,0,2,9,25,20,13,8
PAL9192,1992-02-19T00:00:00Z,25504,62,0,0,1,2,6,20,19,13,1,0
PAL9293,1993-01-11T00:00:00Z,26465,53,0,0,6,22,8,10,7,0,0,0
PAL9293,1993-01-11T00:00:00Z,26466,50,0,3,11,20,7,8,1,0,0,0
PAL9293,1993-01-11T00:00:00Z,26467,52,0,0,7,27,14,1,3,0,0,0
PAL9293,1993-01-11T00:00:00Z,26468,56,0,0,7,19,17,10,2,1,0,0
PAL9293,1993-01-11T00:00:00Z,26469,50,0,0,0,30,11,6,2,1,0,0
PAL9293,1993-01-19T00:00:00Z,26470,53,0,0,3,23,16,10,1,0,0,0
PAL9293,1993-01-19T00:00:00Z,26471,50,0,0,2,24,15,8,1,0,0,0
PAL9293,1993-01-19T00:00:00Z,26472,54,0,0,1,13,22,17,1,0,0,0
PAL9293,1993-01-19T00:00:00Z,26473,48,0,0,4,24,16,3,1,0,0,0
PAL9293,1993-01-19T00:00:00Z,26474,50,0,0,1,25,14,9,1,0,0,0
PAL9293,1993-01-23T00:00:00Z,26475,50,0,0,4,29,15,2,0,0,0,0
PAL9293,1993-01-23T00:00:00Z,26476,56,0,0,3,23,23,7,0,0,0,0
PAL9293,1993-01-23T00:00:00Z,26477,57,0,0,7,30,15,5,0,0,0,0
PAL9293,1993-01-23T00:00:00Z,26478,58,0,0,3,28,23,3,1,0,0,0
PAL9293,1993-01-23T00:00:00Z,26479,57,0,0,1,24,23,9,0,0,0,0
PAL9293,1993-01-30T00:00:00Z,26480,50,0,0,0,10,24,15,1,0,0,0
PAL9293,1993-01-30T00:00:00Z,26481,56,0,0,2,31,19,4,0,0,0,0
PAL9293,1993-01-30T00:00:00Z,26482,56,0,0,0,8,30,12,6,0,0,0
PAL9293,1993-01-30T00:00:00Z,26483,50,0,0,1,28,13,7,1,0,0,0
PAL9293,1993-01-30T00:00:00Z,26484,52,0,0,0,29,18,4,1,0,0,0
PAL9293,1993-02-04T00:00:00Z,26485,50,0,0,1,16,23,9,0,1,0,0
PAL9293,1993-02-04T00:00:00Z,26486,50,0,0,4,27,19,0,0,0,0,0
PAL9293,1993-02-04T00:00:00Z,26487,55,0,0,1,26,19,9,0,0,0,0
PAL9293,1993-02-04T00:00:00Z,26488,50,0,0,0,9,23,14,4,0,0,0
PAL9293,1993-02-04T00:00:00Z,26489,50,0,0,0,4,21,18,7,0,0,0
PAL9293,1993-02-09T00:00:00Z,26490,54,0,0,3,11,23,17,0,0,0,0
PAL9293,1993-02-09T00:00:00Z,26491,52,0,0,0,8,22,16,4,2,0,0
PAL9293,1993-02-09T00:00:00Z,26492,54,0,0,0,7,17,17,12,1,0,0
PAL9293,1993-02-09T00:00:00Z,26493,50,0,0,0,15,23,10,2,0,0,0
PAL9293,1993-02-09T00:00:00Z,26494,50,0,0,1,3,19,16,8,3,0,0
PAL9293,1993-02-14T00:00:00Z,26495,50,0,0,0,2,15,16,17,0,0,0
PAL9293,1993-02-14T00:00:00Z,26496,48,0,0,0,9,19,18,1,1,0,0
PAL9293,1993-02-14T00:00:00Z,26497,54,0,0,0,7,25,20,2,0,0,0
PAL9293,1993-02-14T00:00:00Z,26498,48,0,0,1,13,15,13,4,2,0,0
PAL9293,1993-02-14T00:00:00Z,26499,61,0,0,0,7,14,30,10,0,0,0
PAL9293,1993-02-19T00:00:00Z,26500,50,0,0,0,4,10,31,5,0,0,0
PAL9293,1993-02-19T00:00:00Z,26501,50,0,0,1,4,21,18,5,1,0,0
PAL9293,1993-02-19T00:00:00Z,26502,53,0,0,0,2,11,30,9,1,0,0
PAL9293,1993-02-19T00:00:00Z,26503,50,0,0,0,7,21,15,5,2,0,0
PAL9293,1993-02-19T00:00:00Z,26504,78,0,0,0,1,18,26,30,3,0,0
PAL9394,1994-01-11T00:00:00Z,27465,54,0,0,0,2,8,29,13,2,0,0
PAL9394,1994-01-11T00:00:00Z,27466,50,0,0,0,1,21,23,5,0,0,0
PAL9394,1994-01-11T00:00:00Z,27467,62,0,0,3,11,29,12,5,2,0,0
PAL9394,1994-01-11T00:00:00Z,27468,54,0,0,0,5,24,25,0,0,0,0
PAL9394,1994-01-11T00:00:00Z,27469,65,0,0,0,4,29,30,2,0,0,0
PAL9394,1994-01-16T00:00:00Z,27470,54,0,0,2,7,24,18,3,0,0,0
PAL9394,1994-01-16T00:00:00Z,27471,50,0,0,0,1,6,27,12,4,0,0
PAL9394,1994-01-16T00:00:00Z,27472,53,0,0,1,6,28,18,0,0,0,0
PAL9394,1994-01-16T00:00:00Z,27473,50,0,0,1,2,24,20,1,2,0,0
PAL9394,1994-01-16T00:00:00Z,27474,58,0,0,0,1,10,32,14,1,0,0
PAL9394,1994-01-21T00:00:00Z,27475,58,0,0,0,2,15,29,11,1,0,0
PAL9394,1994-01-21T00:00:00Z,27476,63,0,0,0,3,17,28,13,2,0,0
PAL9394,1994-01-21T00:00:00Z,27477,51,0,0,0,1,11,26,12,1,0,0
PAL9394,1994-01-21T00:00:00Z,27478,51,0,0,1,2,15,23,8,2,0,0
PAL9394,1994-01-21T00:00:00Z,27479,55,0,0,0,1,14,28,11,1,0,0
PAL9394,1994-01-26T00:00:00Z,27480,58,0,0,0,3,27,19,9,0,0,0
PAL9394,1994-01-26T00:00:00Z,27481,55,0,0,0,0,8,26,20,1,0,0
PAL9394,1994-01-26T00:00:00Z,27482,51,0,0,0,0,17,32,2,0,0,0
PAL9394,1994-01-26T00:00:00Z,27483,59,0,0,0,0,14,36,9,0,0,0
PAL9394,1994-01-26T00:00:00Z,27484,50,0,0,0,3,30,16,1,0,0,0
PAL9394,1994-02-01T00:00:00Z,27485,50,0,0,0,0,10,29,11,0,0,0
PAL9394,1994-02-01T00:00:00Z,27486,74,0,0,0,1,12,35,25,1,0,0
PAL9394,1994-02-01T00:00:00Z,27487,50,0,0,0,0,19,23,8,0,0,0
PAL9394,1994-02-01T00:00:00Z,27488,62,0,0,0,0,5,22,26,9,0,0
PAL9394,1994-02-01T00:00:00Z,27489,51,0,0,0,2,9,29,7,4,0,0
PAL9394,1994-02-07T00:00:00Z,27490,65,0,0,0,0,8,39,14,4,0,0
PAL9394,1994-02-07T00:00:00Z,27491,73,0,0,0,1,24,34,12,2,0,0
PAL9394,1994-02-07T00:00:00Z,27492,50,0,0,0,1,1,30,15,3,0,0
PAL9394,1994-02-07T00:00:00Z,27493,50,0,0,0,2,12,25,11,0,0,0
PAL9394,1994-02-07T00:00:00Z,27494,61,0,0,0,0,6,22,19,14,0,0
PAL9394,1994-02-13T00:00:00Z,27495,51,0,0,0,1,8,26,15,1,0,0
PAL9394,1994-02-13T00:00:00Z,27496,50,0,0,0,2,10,23,11,4,0,0
PAL9394,1994-02-13T00:00:00Z,27497,50,0,0,0,0,9,21,20,0,0,0
PAL9394,1994-02-13T00:00:00Z,27498,51,0,0,0,1,7,19,20,4,0,0
PAL9394,1994-02-13T00:00:00Z,27499,52,0,0,0,0,10,22,18,2,0,0
PAL9394,1994-02-18T00:00:00Z,27500,63,0,0,0,3,21,28,7,4,0,0
PAL9394,1994-02-18T00:00:00Z,27501,50,0,0,0,2,13,21,13,1,0,0
PAL9394,1994-02-18T00:00:00Z,27502,50,0,0,0,2,9,13,15,11,0,0
PAL9394,1994-02-18T00:00:00Z,27503,52,0,0,0,0,3,30,15,4,0,0
PAL9394,1994-02-18T00:00:00Z,27504,53,0,0,0,0,15,25,11,2,0,0
PAL9495,1995-01-11T00:00:00Z,28465,59,0,0,0,0,7,35,17,0,0,0
PAL9495,1995-01-11T00:00:00Z,28466,6,0,0,0,0,2,4,0,0,0,0
PAL9495,1995-01-11T00:00:00Z,28467,26,0,0,0,1,4,17,4,0,0,0
PAL9495,1995-01-11T00:00:00Z,28468,59,0,0,0,3,18,29,9,0,0,0
PAL9495,1995-01-11T00:00:00Z,28469,50,0,0,3,11,24,12,0,0,0,0
PAL9495,1995-01-17T00:00:00Z,28470,51,0,0,4,9,21,13,4,0,0,0
PAL9495,1995-01-17T00:00:00Z,28471,13,0,0,0,1,5,7,0,0,0,0
PAL9495,1995-01-17T00:00:00Z,28472,57,0,0,4,2,14,27,10,0,0,0
PAL9495,1995-01-17T00:00:00Z,28473,28,0,0,0,0,0,11,17,0,0,0
PAL9495,1995-01-17T00:00:00Z,28474,71,0,1,1,2,17,27,22,1,0,0
PAL9495,1995-01-22T00:00:00Z,28475,27,0,0,0,0,3,9,15,0,0,0
PAL9495,1995-01-22T00:00:00Z,28476,59,0,0,0,1,8,33,16,1,0,0
PAL9495,1995-01-22T00:00:00Z,28477,52,0,0,0,3,9,26,13,1,0,0
PAL9495,1995-01-22T00:00:00Z,28478,52,0,0,0,0,8,24,17,3,0,0
PAL9495,1995-01-22T00:00:00Z,28479,51,0,0,0,4,12,17,18,0,0,0
PAL9495,1995-01-27T00:00:00Z,28480,49,0,0,0,0,2,14,31,2,0,0
PAL9495,1995-01-27T00:00:00Z,28481,55,0,0,0,1,3,24,22,5,0,0
PAL9495,1995-01-27T00:00:00Z,28482,65,0,0,0,0,2,29,30,4,0,0
PAL9495,1995-01-27T00:00:00Z,28483,67,0,0,1,0,3,17,38,8,0,0
PAL9495,1995-01-27T00:00:00Z,28484,50,0,0,0,2,12,19,14,3,0,0
PAL9495,1995-02-02T00:00:00Z,28485,54,0,0,0,0,0,9,36,8,1,0
PAL9495,1995-02-02T00:00:00Z,28486,51,0,0,0,1,5,22,19,3,1,0
PAL9495,1995-02-02T00:00:00Z,28487,52,0,0,0,0,1,5,35,11,0,0
PAL9495,1995-02-02T00:00:00Z,28488,53,0,0,0,1,1,15,32,4,0,0
PAL9495,1995-02-02T00:00:00Z,28489,52,0,0,0,2,2,29,11,8,0,0
PAL9495,1995-02-06T00:00:00Z,28490,55,0,0,1,6,7,16,22,3,0,0
PAL9495,1995-02-06T00:00:00Z,28491,57,0,0,0,0,4,20,30,3,0,0
PAL9495,1995-02-06T00:00:00Z,28492,50,0,0,0,2,2,10,28,8,0,0
PAL9495,1995-02-06T00:00:00Z,28493,24,0,0,0,0,4,13,6,1,0,0
PAL9495,1995-02-06T00:00:00Z,28494,52,0,0,1,1,2,20,25,3,0,0
PAL9495,1995-02-13T00:00:00Z,28495,51,0,0,0,0,1,17,23,10,0,0
PAL9495,1995-02-13T00:00:00Z,28496,48,0,0,0,0,1,10,24,11,2,0
PAL9495,1995-02-13T00:00:00Z,28497,41,1,0,0,0,2,14,21,3,0,0
PAL9495,1995-02-13T00:00:00Z,28498,58,0,0,0,0,3,18,24,12,1,0
PAL9495,1995-02-13T00:00:00Z,28499,62,0,0,0,3,2,18,31,8,0,0
PAL9495,1995-02-18T00:00:00Z,28500,56,0,0,0,1,4,24,23,4,0,0
PAL9495,1995-02-18T00:00:00Z,28501,50,0,0,0,1,6,20,22,1,0,0
PAL9495,1995-02-18T00:00:00Z,28502,52,0,0,1,8,6,12,20,5,0,0
PAL9495,1995-02-18T00:00:00Z,28503,51,0,0,0,1,4,18,25,3,0,0
PAL9495,1995-02-18T00:00:00Z,28504,49,0,0,0,2,6,23,14,4,0,0
PAL9596,1996-01-11T00:00:00Z,29465,50,0,0,0,1,1,10,27,11,0,0
PAL9596,1996-01-11T00:00:00Z,29466,74,0,0,0,0,0,4,47,22,1,0
PAL9596,1996-01-11T00:00:00Z,29467,62,0,0,0,0,0,12,35,15,0,0
PAL9596,1996-01-11T00:00:00Z,29468,58,0,0,0,0,3,10,24,21,0,0
PAL9596,1996-01-11T00:00:00Z,29469,70,5,12,6,1,0,1,20,25,0,0
PAL9596,1996-01-16T00:00:00Z,29470,50,0,0,9,0,0,3,20,15,3,0
PAL9596,1996-01-16T00:00:00Z,29471,56,0,5,17,12,3,17,2,0,0,0
PAL9596,1996-01-16T00:00:00Z,29472,54,0,0,0,0,0,1,15,27,11,0
PAL9596,1996-01-16T00:00:00Z,29473,51,1,3,5,2,3,10,25,2,0,0
PAL9596,1996-01-16T00:00:00Z,29474,55,0,1,0,2,6,6,23,17,0,0
PAL9596,1996-01-22T00:00:00Z,29475,56,0,0,4,28,3,11,8,2,0,0
PAL9596,1996-01-22T00:00:00Z,29476,50,0,0,9,25,8,2,2,4,0,0
PAL9596,1996-01-22T00:00:00Z,29477,52,1,0,3,11,7,13,11,5,1,0
PAL9596,1996-01-22T00:00:00Z,29478,81,3,4,0,0,0,7,38,27,2,0
PAL9596,1996-01-22T00:00:00Z,29479,76,2,2,3,11,2,7,28,20,1,0
PAL9596,1996-01-27T00:00:00Z,29480,52,0,0,4,27,11,5,5,0,0,0
PAL9596,1996-01-27T00:00:00Z,29481,69,21,9,0,0,0,6,19,14,0,0
PAL9596,1996-01-27T00:00:00Z,29482,50,0,1,6,16,6,7,10,4,0,0
PAL9596,1996-01-27T00:00:00Z,29483,47,0,0,0,0,3,25,17,2,0,0
PAL9596,1996-01-27T00:00:00Z,29484,52,0,0,1,1,2,29,15,4,0,0
PAL9596,1996-02-01T00:00:00Z,29485,31,0,0,0,0,1,8,12,10,0,0
PAL9596,1996-02-01T00:00:00Z,29486,67,2,8,1,1,2,8,24,21,0,0
PAL9596,1996-02-01T00:00:00Z,29487,51,0,0,0,0,1,13,23,13,1,0
PAL9596,1996-02-01T00:00:00Z,29488,53,0,2,5,6,6,13,18,3,0,0
PAL9596,1996-02-01T00:00:00Z,29489,57,0,0,0,3,0,5,32,17,0,0
PAL9596,1996-02-06T00:00:00Z,29490,51,0,0,1,5,4,1,21,18,1,0
PAL9596,1996-02-06T00:00:00Z,29491,55,0,0,2,13,15,4,19,2,0,0
PAL9596,1996-02-06T00:00:00Z,29492,69,0,0,0,1,4,7,22,25,10,0
PAL9596,1996-02-06T00:00:00Z,29493,53,0,2,2,20,22,3,2,2,0,0
PAL9596,1996-02-06T00:00:00Z,29494,53,0,0,1,20,20,3,5,4,0,0
PAL9596,1996-02-11T00:00:00Z,29495,57,0,0,1,10,21,8,7,9,1,0
PAL9596,1996-02-11T00:00:00Z,29496,67,0,0,0,19,21,8,14,5,0,0
PAL9596,1996-02-11T00:00:00Z,29497,50,0,1,3,20,19,4,2,1,0,0
PAL9596,1996-02-11T00:00:00Z,29498,47,0,0,0,0,0,4,18,16,9,0
PAL9596,1996-02-11T00:00:00Z,29499,52,0,2,6,13,19,6,4,2,0,0
PAL9596,1996-02-17T00:00:00Z,29500,52,0,0,0,14,21,4,6,7,0,0
PAL9596,1996-02-17T00:00:00Z,29501,6,0,0,0,0,1,1,2,2,0,0
PAL9596,1996-02-17T00:00:00Z,29502,73,5,0,7,17,9,4,13,15,3,0
PAL9596,1996-02-17T00:00:00Z,29503,53,0,0,4,10,17,3,11,5,3,0
PAL9596,1996-02-17T00:00:00Z,29504,77,0,0,0,4,16,8,28,19,2,0
PAL9697,1997-01-06T00:00:00Z,30465,56,0,4,24,23,4,1,0,0,0,0
PAL9697,1997-01-06T00:00:00Z,30466,79,0,2,13,45,18,1,0,0,0,0
PAL9697,1997-01-06T00:00:00Z,30467,65,2,3,19,20,17,4,0,0,0,0
PAL9697,1997-01-06T00:00:00Z,30468,68,1,0,8,38,18,3,0,0,0,0
PAL9697,1997-01-06T00:00:00Z,30469,58,0,8,21,24,4,1,0,0,0,0
PAL9697,1997-01-11T00:00:00Z,30470,98,0,1,11,46,31,8,1,0,0,0
PAL9697,1997-01-11T00:00:00Z,30471,82,0,7,8,34,13,12,4,4,0,0
PAL9697,1997-01-11T00:00:00Z,30472,54,1,2,11,28,10,2,0,0,0,0
PAL9697,1997-01-11T00:00:00Z,30473,87,0,3,13,32,17,10,7,4,1,0
PAL9697,1997-01-11T00:00:00Z,30474,57,0,1,11,37,8,0,0,0,0,0
PAL9697,1997-01-16T00:00:00Z,30475,62,0,0,2,36,21,3,0,0,0,0
PAL9697,1997-01-16T00:00:00Z,30476,63,0,1,6,30,24,2,0,0,0,0
PAL9697,1997-01-16T00:00:00Z,30477,50,0,0,4,33,10,3,0,0,0,0
PAL9697,1997-01-16T00:00:00Z,30478,54,0,2,4,14,21,12,1,0,0,0
PAL9697,1997-01-16T00:00:00Z,30479,87,0,0,3,29,41,12,2,0,0,0
PAL9697,1997-01-21T00:00:00Z,30480,56,0,0,4,26,23,3,0,0,0,0
PAL9697,1997-01-21T00:00:00Z,30481,73,0,1,18,43,11,0,0,0,0,0
PAL9697,1997-01-21T00:00:00Z,30482,63,0,5,11,35,11,0,1,0,0,0
PAL9697,1997-01-21T00:00:00Z,30483,76,0,5,11,41,14,4,1,0,0,0
PAL9697,1997-01-21T00:00:00Z,30484,120,0,8,8,47,31,18,8,0,0,0
PAL9697,1997-01-26T00:00:00Z,30485,57,0,3,3,18,14,18,1,0,0,0
PAL9697,1997-01-26T00:00:00Z,30486,63,0,5,13,21,18,6,0,0,0,0
PAL9697,1997-01-26T00:00:00Z,30487,88,0,8,22,38,14,2,3,1,0,0
PAL9697,1997-01-26T00:00:00Z,30488,50,1,14,5,10,12,5,2,1,0,0
PAL9697,1997-01-26T00:00:00Z,30489,86,0,9,19,30,23,4,1,0,0,0
PAL9697,1997-01-31T00:00:00Z,30490,66,0,8,3,37,12,6,0,0,0,0
PAL9697,1997-01-31T00:00:00Z,30491,73,0,6,1,24,22,16,4,0,0,0
PAL9697,1997-01-31T00:00:00Z,30492,106,0,1,10,40,42,10,3,0,0,0
PAL9697,1997-01-31T00:00:00Z,30493,110,1,6,12,55,22,10,4,0,0,0
PAL9697,1997-01-31T00:00:00Z,30494,70,0,0,4,36,21,9,0,0,0,0
PAL9697,1997-02-05T00:00:00Z,30495,76,0,5,11,37,19,4,0,0,0,0
PAL9697,1997-02-05T00:00:00Z,30496,57,0,0,3,2,16,24,10,1,1,0
PAL9697,1997-02-05T00:00:00Z,30497,52,0,4,4,33,3,7,1,0,0,0
PAL9697,1997-02-05T00:00:00Z,30498,55,0,0,1,15,12,17,10,0,0,0
PAL9697,1997-02-05T00:00:00Z,30499,71,0,0,1,4,21,18,20,7,0,0
PAL9697,1997-02-10T00:00:00Z,30500,60,0,0,0,13,24,20,3,0,0,0
PAL9697,1997-02-10T00:00:00Z,30501,56,2,6,8,28,11,0,1,0,0,0
PAL9697,1997-02-10T00:00:00Z,30502,80,0,2,6,28,27,15,2,0,0,0
PAL9697,1997-02-10T00:00:00Z,30503,102,0,3,10,28,38,18,5,0,0,0
PAL9697,1997-02-10T00:00:00Z,30504,73,0,0,5,32,25,7,4,0,0,0
PAL9697,1997-02-15T00:00:00Z,30505,78,0,0,8,34,27,6,2,1,0,0
PAL9697,1997-02-15T00:00:00Z,30506,65,0,0,1,14,21,22,7,0,0,0
PAL9697,1997-02-15T00:00:00Z,30507,55,0,0,6,31,12,6,0,0,0,0
PAL9697,1997-02-15T00:00:00Z,30508,83,0,0,2,28,35,15,3,0,0,0
PAL9697,1997-02-15T00:00:00Z,30509,78,0,1,4,33,20,16,4,0,0,0
PAL9798,1998-01-06T00:00:00Z,31465,111,0,0,13,42,38,8,9,1,0,0
PAL9798,1998-01-06T00:00:00Z,31466,64,0,0,1,17,31,15,0,0,0,0
PAL9798,1998-01-06T00:00:00Z,31467,62,0,0,10,23,26,3,0,0,0,0
PAL9798,1998-01-06T00:00:00Z,31468,53,0,0,8,23,22,0,0,0,0,0
PAL9798,1998-01-06T00:00:00Z,31469,79,0,0,34,39,6,0,0,0,0,0
PAL9798,1998-01-11T00:00:00Z,31470,91,0,0,5,43,29,12,2,0,0,0
PAL9798,1998-01-11T00:00:00Z,31471,53,0,1,11,16,16,8,1,0,0,0
PAL9798,1998-01-11T00:00:00Z,31472,60,1,0,9,21,24,5,0,0,0,0
PAL9798,1998-01-11T00:00:00Z,31473,53,0,0,8,19,18,7,1,0,0,0
PAL9798,1998-01-11T00:00:00Z,31474,68,0,0,7,35,21,5,0,0,0,0
PAL9798,1998-01-16T00:00:00Z,31475,78,0,2,11,47,16,1,1,0,0,0
PAL9798,1998-01-16T00:00:00Z,31476,63,0,0,2,21,34,6,0,0,0,0
PAL9798,1998-01-16T00:00:00Z,31477,50,0,0,5,34,10,1,0,0,0,0
PAL9798,1998-01-16T00:00:00Z,31478,60,0,0,1,12,38,8,1,0,0,0
PAL9798,1998-01-16T00:00:00Z,31479,83,0,1,2,40,32,8,0,0,0,0
PAL9798,1998-01-21T00:00:00Z,31480,83,0,0,7,17,36,21,2,0,0,0
PAL9798,1998-01-21T00:00:00Z,31481,103,0,2,1,33,51,13,3,0,0,0
PAL9798,1998-01-21T00:00:00Z,31482,103,0,0,2,29,54,13,4,1,0,0
PAL9798,1998-01-21T00:00:00Z,31483,72,0,0,0,16,50,6,0,0,0,0
PAL9798,1998-01-21T00:00:00Z,31484,53,0,0,0,20,20,13,0,0,0,0
PAL9798,1998-01-26T00:00:00Z,31485,52,0,0,1,10,24,17,0,0,0,0
PAL9798,1998-01-26T00:00:00Z,31486,82,0,2,5,51,24,0,0,0,0,0
PAL9798,1998-01-26T00:00:00Z,31487,62,0,0,3,31,27,1,0,0,0,0
PAL9798,1998-01-26T00:00:00Z,31488,51,0,0,0,29,20,2,0,0,0,0
PAL9798,1998-01-26T00:00:00Z,31489,51,0,0,2,31,18,0,0,0,0,0
PAL9798,1998-01-31T00:00:00Z,31490,54,0,0,1,4,28,19,2,0,0,0
PAL9798,1998-01-31T00:00:00Z,31491,83,0,0,1,18,46,17,1,0,0,0
PAL9798,1998-01-31T00:00:00Z,31492,55,0,0,1,13,29,11,1,0,0,0
PAL9798,1998-01-31T00:00:00Z,31493,73,0,0,1,13,32,20,7,0,0,0
PAL9798,1998-01-31T00:00:00Z,31494,92,0,1,1,24,48,16,2,0,0,0
PAL9798,1998-02-05T00:00:00Z,31495,75,0,0,1,16,39,18,1,0,0,0
PAL9798,1998-02-05T00:00:00Z,31496,97,0,0,0,4,61,28,3,1,0,0
PAL9798,1998-02-05T00:00:00Z,31497,79,0,0,1,18,33,21,6,0,0,0
PAL9798,1998-02-05T00:00:00Z,31498,88,0,0,0,24,48,14,2,0,0,0
PAL9798,1998-02-05T00:00:00Z,31499,88,0,2,4,24,42,12,2,2,0,0
PAL9798,1998-02-10T00:00:00Z,31500,76,0,0,0,1,25,43,7,0,0,0
PAL9798,1998-02-10T00:00:00Z,31501,54,0,1,0,15,29,9,0,0,0,0
PAL9798,1998-02-10T00:00:00Z,31502,12,0,0,1,1,7,3,0,0,0,0
PAL9798,1998-02-10T00:00:00Z,31503,67,0,0,0,7,30,29,1,0,0,0
PAL9798,1998-02-10T00:00:00Z,31504,74,0,0,2,11,32,18,9,2,0,0
PAL9798,1998-02-15T00:00:00Z,31505,75,0,2,1,15,37,17,3,0,0,0
PAL9798,1998-02-15T00:00:00Z,31506,93,0,0,1,19,43,25,5,0,0,0
PAL9798,1998-02-15T00:00:00Z,31507,68,0,0,4,16,30,16,2,0,0,0
PAL9798,1998-02-15T00:00:00Z,31508,82,0,1,2,10,39,24,6,0,0,0
PAL9798,1998-02-15T00:00:00Z,31509,55,0,0,0,7,30,18,0,0,0,0
PAL9798,1998-02-20T00:00:00Z,31510,101,0,0,0,8,41,42,9,1,0,0
PAL9798,1998-02-20T00:00:00Z,31511,81,0,0,1,28,27,23,2,0,0,0
PAL9798,1998-02-20T00:00:00Z,31512,67,0,0,0,13,28,22,4,0,0,0
PAL9798,1998-02-20T00:00:00Z,31513,110,0,0,2,16,43,41,8,0,0,0
PAL9798,1998-02-20T00:00:00Z,31514,80,0,1,0,13,32,31,3,0,0,0
PAL9899,1999-01-06T00:00:00Z,32465,53,1,0,1,15,23,10,2,1,0,0
PAL9899,1999-01-06T00:00:00Z,32466,63,0,0,2,20,26,12,3,0,0,0
PAL9899,1999-01-06T00:00:00Z,32467,47,0,1,0,15,23,8,0,0,0,0
PAL9899,1999-01-06T00:00:00Z,32468,84,0,0,1,10,25,37,9,2,0,0
PAL9899,1999-01-06T00:00:00Z,32469,47,0,0,0,11,25,10,1,0,0,0
PAL9899,1999-01-11T00:00:00Z,32470,50,0,0,0,10,23,17,0,0,0,0
PAL9899,1999-01-11T00:00:00Z,32471,86,0,0,4,24,40,17,1,0,0,0
PAL9899,1999-01-11T00:00:00Z,32472,86,0,0,3,16,36,21,10,0,0,0
PAL9899,1999-01-11T00:00:00Z,32473,50,0,0,0,9,31,8,2,0,0,0
PAL9899,1999-01-11T00:00:00Z,32474,64,0,0,0,2,25,31,5,1,0,0
PAL9899,1999-01-16T00:00:00Z,32475,72,0,0,1,13,32,20,6,0,0,0
PAL9899,1999-01-16T00:00:00Z,32476,46,0,0,0,9,14,21,2,0,0,0
PAL9899,1999-01-16T00:00:00Z,32477,47,0,0,3,7,20,16,1,0,0,0
PAL9899,1999-01-16T00:00:00Z,32478,82,0,0,0,2,22,36,19,3,0,0
PAL9899,1999-01-16T00:00:00Z,32479,81,0,0,1,18,27,31,4,0,0,0
PAL9899,1999-01-21T00:00:00Z,32480,37,0,0,0,6,11,18,2,0,0,0
PAL9899,1999-01-21T00:00:00Z,32481,53,0,0,0,2,19,26,6,0,0,0
PAL9899,1999-01-21T00:00:00Z,32482,64,0,0,1,17,30,14,2,0,0,0
PAL9899,1999-01-21T00:00:00Z,32483,52,0,0,0,3,20,21,7,1,0,0
PAL9899,1999-01-21T00:00:00Z,32484,52,0,0,0,4,22,21,3,2,0,0
PAL9899,1999-01-26T00:00:00Z,32485,74,0,0,1,5,24,38,6,0,0,0
PAL9899,1999-01-26T00:00:00Z,32486,58,0,0,0,3,21,28,5,1,0,0
PAL9899,1999-01-26T00:00:00Z,32487,62,0,0,1,5,21,30,5,0,0,0
PAL9899,1999-01-26T00:00:00Z,32488,50,0,0,0,2,27,20,1,0,0,0
PAL9899,1999-01-26T00:00:00Z,32489,50,0,0,1,3,19,25,2,0,0,0
PAL9899,1999-02-01T00:00:00Z,32490,54,0,0,0,2,7,31,14,0,0,0
PAL9899,1999-02-01T00:00:00Z,32491,65,0,0,0,4,24,32,5,0,0,0
PAL9899,1999-02-01T00:00:00Z,32492,83,0,0,1,5,42,30,5,0,0,0
PAL9899,1999-02-01T00:00:00Z,32493,72,0,0,0,6,18,38,10,0,0,0
PAL9899,1999-02-01T00:00:00Z,32494,64,0,0,0,0,15,38,11,0,0,0
PAL9899,1999-02-05T00:00:00Z,32495,50,0,0,0,1,16,25,6,2,0,0
PAL9899,1999-02-05T00:00:00Z,32496,78,0,0,0,3,28,34,13,0,0,0
PAL9899,1999-02-05T00:00:00Z,32497,86,0,0,0,6,37,32,11,0,0,0
PAL9899,1999-02-05T00:00:00Z,32498,83,0,0,0,0,11,49,22,1,0,0
PAL9899,1999-02-05T00:00:00Z,32499,59,0,0,0,2,21,25,8,3,0,0
PAL9899,1999-02-11T00:00:00Z,32500,87,0,0,0,0,13,42,30,2,0,0
PAL9899,1999-02-11T00:00:00Z,32501,50,0,0,0,0,11,22,17,0,0,0
PAL9899,1999-02-11T00:00:00Z,32502,74,0,0,0,4,14,36,19,1,0,0
PAL9899,1999-02-11T00:00:00Z,32503,50,0,0,0,0,7,23,19,1,0,0
PAL9899,1999-02-11T00:00:00Z,32504,50,0,0,0,0,17,19,14,0,0,0
PAL9899,1999-02-16T00:00:00Z,32505,52,0,0,0,0,11,28,11,2,0,0
PAL9899,1999-02-16T00:00:00Z,32506,55,0,0,0,0,15,27,13,0,0,0
PAL9899,1999-02-16T00:00:00Z,32507,72,0,0,0,0,17,33,22,0,0,0
PAL9899,1999-02-16T00:00:00Z,32508,51,0,0,0,1,11,21,17,1,0,0
PAL9899,1999-02-16T00:00:00Z,32509,69,0,0,0,0,8,28,33,0,0,0
PAL9900,2000-01-09T00:00:00Z,-32071,50,0,0,0,0,5,16,27,2,0,0
PAL9900,2000-01-09T00:00:00Z,-32070,29,0,0,0,0,1,8,17,2,1,0
PAL9900,2000-01-09T00:00:00Z,-32069,86,0,0,0,1,13,27,36,9,0,0
PAL9900,2000-01-09T00:00:00Z,-32068,60,0,0,0,3,5,26,26,0,0,0
PAL9900,2000-01-09T00:00:00Z,-32067,53,0,0,1,2,6,16,22,6,0,0
PAL9900,2000-01-13T00:00:00Z,-32066,6,0,0,0,0,0,2,4,0,0,0
PAL9900,2000-01-13T00:00:00Z,-32065,63,0,0,0,0,3,17,28,13,2,0
PAL9900,2000-01-13T00:00:00Z,-32064,50,0,0,0,1,8,24,15,2,0,0
PAL9900,2000-01-13T00:00:00Z,-32063,50,0,1,2,1,2,16,20,8,0,0
PAL9900,2000-01-13T00:00:00Z,-32062,84,0,1,2,1,2,10,44,22,2,0
PAL9900,2000-01-18T00:00:00Z,-32061,46,0,0,0,1,0,4,15,19,7,0
PAL9900,2000-01-18T00:00:00Z,-32060,71,0,0,0,0,1,18,30,18,4,0
PAL9900,2000-01-18T00:00:00Z,-32059,79,0,0,1,1,2,12,43,19,1,0
PAL9900,2000-01-18T00:00:00Z,-32058,82,0,0,11,9,7,23,21,10,1,0
PAL9900,2000-01-18T00:00:00Z,-32057,71,0,0,0,1,0,0,35,30,5,0
PAL9900,2000-01-25T00:00:00Z,-32056,76,0,0,0,0,2,22,41,11,0,0
PAL9900,2000-01-25T00:00:00Z,-32055,76,0,0,1,1,3,33,31,7,0,0
PAL9900,2000-01-25T00:00:00Z,-32054,60,0,0,3,2,2,12,25,15,1,0
PAL9900,2000-01-25T00:00:00Z,-32053,39,0,0,0,1,5,13,19,1,0,0
PAL9900,2000-01-25T00:00:00Z,-32052,39,0,0,0,1,0,14,18,6,0,0
PAL9900,2000-01-29T00:00:00Z,-32051,93,0,0,4,6,12,51,17,3,0,0
PAL9900,2000-01-29T00:00:00Z,-32050,88,0,0,1,4,11,53,18,1,0,0
PAL9900,2000-01-29T00:00:00Z,-32049,72,0,1,1,3,3,15,37,11,1,0
PAL9900,2000-01-29T00:00:00Z,-32048,50,0,0,1,1,1,20,19,8,0,0
PAL9900,2000-01-29T00:00:00Z,-32047,58,0,0,0,1,1,8,33,15,0,0
PAL9900,2000-02-04T00:00:00Z,-32046,53,0,0,0,4,3,11,19,15,1,0
PAL9900,2000-02-04T00:00:00Z,-32045,80,0,0,0,2,9,33,35,1,0,0
PAL9900,2000-02-04T00:00:00Z,-32044,93,0,0,0,1,5,9,46,30,2,0
PAL9900,2000-02-04T00:00:00Z,-32043,50,0,0,0,0,5,14,26,5,0,0
PAL9900,2000-02-04T00:00:00Z,-32042,57,0,0,0,0,1,10,29,17,0,0
PAL9900,2000-02-07T00:00:00Z,-32041,50,0,0,0,0,8,24,14,4,0,0
PAL9900,2000-02-07T00:00:00Z,-32040,51,0,0,1,0,1,25,22,2,0,0
PAL9900,2000-02-07T00:00:00Z,-32039,100,0,1,1,3,7,29,44,14,1,0
PAL9900,2000-02-07T00:00:00Z,-32038,50,0,0,0,1,4,23,16,6,0,0
PAL9900,2000-02-07T00:00:00Z,-32037,86,0,0,1,10,4,23,31,17,0,0
PAL9900,2000-02-11T00:00:00Z,-32036,75,0,0,1,2,12,29,22,9,0,0
PAL9900,2000-02-11T00:00:00Z,-32035,32,0,0,0,3,2,12,12,3,0,0
PAL9900,2000-02-11T00:00:00Z,-32034,48,0,0,0,1,4,14,22,7,0,0
PAL9900,2000-02-11T00:00:00Z,-32033,38,0,0,0,0,5,12,11,10,0,0
PAL9900,2000-02-11T00:00:00Z,-32032,50,0,0,0,0,7,22,17,2,2,0
PAL0001,2000-12-27T00:00:00Z,1,50,2,22,5,3,1,1,8,7,1,0
PAL0001,2000-12-27T00:00:00Z,2,33,0,0,0,0,1,1,12,17,2,0
PAL0001,2000-12-27T00:00:00Z,3,50,1,10,3,3,0,3,14,14,2,0
PAL0001,2000-12-27T00:00:00Z,4,37,0,2,1,1,0,6,15,12,0,0
PAL0001,2000-12-27T00:00:00Z,5,54,3,11,2,2,0,4,13,17,2,0
PAL0001,2001-01-09T00:00:00Z,6,58,0,1,7,21,5,0,11,11,2,0
PAL0001,2001-01-09T00:00:00Z,7,76,0,2,7,12,1,7,30,13,4,0
PAL0001,2001-01-09T00:00:00Z,8,51,0,1,8,15,4,2,6,13,2,0
PAL0001,2001-01-09T00:00:00Z,9,51,0,0,7,14,3,2,9,12,3,1
PAL0001,2001-01-09T00:00:00Z,10,52,1,0,9,9,3,3,8,12,7,0
PAL0001,2001-01-12T00:00:00Z,11,50,0,0,0,0,0,2,17,22,9,0
PAL0001,2001-01-12T00:00:00Z,12,14,0,0,0,0,0,2,8,4,0,0
PAL0001,2001-01-12T00:00:00Z,13,74,0,0,0,0,0,3,28,38,5,0
PAL0001,2001-01-12T00:00:00Z,14,51,0,0,10,9,4,1,12,11,4,0
PAL0001,2001-01-12T00:00:00Z,15,51,0,0,0,0,0,0,18,25,7,1
PAL0001,2001-01-18T00:00:00Z,16,53,0,0,0,0,1,1,21,24,6,0
PAL0001,2001-01-18T00:00:00Z,17,52,0,0,1,8,3,7,14,17,2,0
PAL0001,2001-01-18T00:00:00Z,18,61,0,0,1,3,4,4,20,23,6,0
PAL0001,2001-01-18T00:00:00Z,19,54,0,0,1,13,6,1,8,14,10,1
PAL0001,2001-01-18T00:00:00Z,20,56,0,0,3,10,9,2,15,16,1,0
PAL0001,2001-01-24T00:00:00Z,21,80,0,0,5,40,5,4,8,13,4,1
PAL0001,2001-01-24T00:00:00Z,22,52,0,0,0,0,1,7,11,24,8,1
PAL0001,2001-01-24T00:00:00Z,23,51,0,0,0,0,3,2,18,23,5,0
PAL0001,2001-01-24T00:00:00Z,24,82,0,0,0,0,0,7,20,47,8,0
PAL0001,2001-01-24T00:00:00Z,25,74,0,0,0,1,0,2,29,30,12,0
PAL0001,2001-01-30T00:00:00Z,26,51,0,0,0,0,0,2,20,24,5,0
PAL0001,2001-01-30T00:00:00Z,27,33,1,5,1,1,0,0,11,12,2,0
PAL0001,2001-01-30T00:00:00Z,28,52,0,0,0,0,0,1,15,21,15,0
PAL0001,2001-01-30T00:00:00Z,29,11,0,0,0,0,0,0,2,6,3,0
PAL0001,2001-01-30T00:00:00Z,30,45,0,0,0,1,0,6,14,20,4,0
PAL0001,2001-02-03T00:00:00Z,31,9,0,1,1,0,0,0,0,7,0,0
PAL0001,2001-02-03T00:00:00Z,32,50,1,5,0,0,3,4,21,16,0,0
PAL0001,2001-02-03T00:00:00Z,33,26,0,0,0,1,1,1,6,17,0,0
PAL0001,2001-02-03T00:00:00Z,34,22,0,0,0,0,0,1,14,7,0,0
PAL0001,2001-02-03T00:00:00Z,35,47,0,2,7,10,1,6,15,6,0,0
PAL0001,2001-02-10T00:00:00Z,36,52,0,0,0,7,6,1,11,25,2,0
PAL0001,2001-02-10T00:00:00Z,37,50,0,0,0,2,4,0,23,14,7,0
PAL0001,2001-02-10T00:00:00Z,38,69,0,0,0,3,3,2,22,36,2,1
PAL0001,2001-02-10T00:00:00Z,39,86,0,1,4,19,47,14,0,0,1,0
PAL0001,2001-02-10T00:00:00Z,40,38,0,0,0,1,0,1,15,15,6,0
PAL0001,2001-02-15T00:00:00Z,41,107,0,0,0,9,11,13,31,33,10,0
PAL0001,2001-02-15T00:00:00Z,42,53,0,0,0,4,1,0,15,25,7,1
PAL0001,2001-02-15T00:00:00Z,43,63,0,0,0,1,0,3,25,27,7,0
PAL0001,2001-02-15T00:00:00Z,44,50,0,0,0,0,0,1,23,21,5,0
PAL0001,2001-02-15T00:00:00Z,45,55,0,0,0,3,6,5,18,18,5,0
PAL0102,2001-12-05T00:00:00Z,1001,12,0,4,3,0,1,4,0,0,0,0
PAL0102,2001-12-05T00:00:00Z,1002,50,20,15,2,2,2,0,0,5,4,0
PAL0102,2001-12-05T00:00:00Z,1003,0,0,0,0,0,0,0,0,0,0,0
PAL0102,2001-12-05T00:00:00Z,1004,3,0,0,1,0,1,1,0,0,0,0
PAL0102,2001-12-28T00:00:00Z,1005,51,0,0,1,4,18,16,9,3,0,0
PAL0102,2001-12-28T00:00:00Z,1006,46,0,0,0,1,9,10,11,14,1,0
PAL0102,2001-12-28T00:00:00Z,1007,47,0,3,3,1,12,14,6,7,1,0
PAL0102,2001-12-28T00:00:00Z,1008,4,0,0,0,0,0,1,1,2,0,0
PAL0102,2001-12-28T00:00:00Z,1009,40,0,0,0,0,5,22,10,3,0,0
PAL0102,2002-01-07T00:00:00Z,1010,0,0,0,0,0,0,0,0,0,0,0
PAL0102,2002-01-07T00:00:00Z,1011,29,0,0,1,2,17,5,2,2,0,0
PAL0102,2002-01-07T00:00:00Z,1012,50,0,2,6,16,15,11,0,0,0,0
PAL0102,2002-01-07T00:00:00Z,1013,55,1,4,14,4,22,3,3,4,0,0
PAL0102,2002-01-07T00:00:00Z,1014,20,0,0,1,5,10,4,0,0,0,0
PAL0102,2002-01-15T00:00:00Z,1015,36,0,0,3,16,8,5,2,2,0,0
PAL0102,2002-01-15T00:00:00Z,1016,51,0,0,0,4,26,16,3,2,0,0
PAL0102,2002-01-15T00:00:00Z,1017,60,0,0,0,1,2,5,32,19,1,0
PAL0102,2002-01-15T00:00:00Z,1018,50,0,0,1,5,7,16,6,8,7,0
PAL0102,2002-01-15T00:00:00Z,1019,121,0,0,3,23,53,25,12,5,0,0
PAL0102,2002-01-21T00:00:00Z,1020,59,0,0,1,3,4,11,22,16,2,0
PAL0102,2002-01-21T00:00:00Z,1021,29,0,0,2,2,5,2,9,4,5,0
PAL0102,2002-01-21T00:00:00Z,1022,50,0,0,0,1,4,5,14,22,4,0
PAL0102,2002-01-21T00:00:00Z,1023,43,0,0,2,7,12,7,5,7,2,1
PAL0102,2002-01-21T00:00:00Z,1024,25,0,2,3,9,7,0,0,3,1,0
PAL0102,2002-01-31T00:00:00Z,1025,112,0,2,2,16,53,17,10,11,1,0
PAL0102,2002-01-31T00:00:00Z,1026,45,0,0,0,0,2,7,18,14,4,0
PAL0102,2002-01-31T00:00:00Z,1027,54,0,0,1,5,20,10,13,3,2,0
PAL0102,2002-01-31T00:00:00Z,1028,20,0,3,1,0,4,0,4,6,2,0
PAL0102,2002-01-31T00:00:00Z,1029,52,0,0,0,2,8,4,9,22,7,0
PAL0102,2002-02-09T00:00:00Z,1030,7,0,0,0,1,1,1,0,4,0,0
PAL0102,2002-02-09T00:00:00Z,1031,56,0,0,4,6,3,3,16,18,6,0
PAL0102,2002-02-09T00:00:00Z,1032,57,0,2,2,5,11,10,17,9,1,0
PAL0102,2002-02-09T00:00:00Z,1033,43,0,0,0,9,23,10,1,0,0,0
PAL0102,2002-02-09T00:00:00Z,1034,60,0,1,6,24,17,7,2,3,0,0
PAL0102,2002-02-22T00:00:00Z,1035,58,0,1,6,19,25,5,2,0,0,0
PAL0102,2002-02-22T00:00:00Z,1036,0,0,0,0,0,0,0,0,0,0,0
PAL0102,2002-02-22T00:00:00Z,1037,85,0,0,2,13,32,28,10,0,0,0
PAL0203,2002-12-10T00:00:00Z,2001,50,0,2,3,26,18,1,0,0,0,0
PAL0203,2002-12-10T00:00:00Z,2002,67,0,0,8,31,23,5,0,0,0,0
PAL0203,2002-12-10T00:00:00Z,2003,50,1,1,7,23,16,2,0,0,0,0
PAL0203,2002-12-10T00:00:00Z,2004,50,0,0,3,33,12,2,0,0,0,0
PAL0203,2002-12-10T00:00:00Z,2005,57,0,1,14,30,10,2,0,0,0,0
PAL0203,2002-12-22T00:00:00Z,2006,61,0,1,2,28,26,3,1,0,0,0
PAL0203,2002-12-22T00:00:00Z,2007,0,0,0,0,0,0,0,0,0,0,0
PAL0203,2002-12-22T00:00:00Z,2008,50,0,4,4,30,10,1,1,0,0,0
PAL0203,2002-12-22T00:00:00Z,2009,50,0,0,1,24,16,5,4,0,0,0
PAL0203,2002-12-22T00:00:00Z,2010,51,0,0,9,29,13,0,0,0,0,0
PAL0203,2002-12-29T00:00:00Z,2011,53,0,3,4,15,22,6,1,2,0,0
PAL0203,2002-12-29T00:00:00Z,2012,50,0,1,8,34,7,0,0,0,0,0
PAL0203,2002-12-29T00:00:00Z,2013,29,7,2,7,13,0,0,0,0,0,0
PAL0203,2002-12-29T00:00:00Z,2014,50,0,1,7,24,16,2,0,0,0,0
PAL0203,2002-12-29T00:00:00Z,2015,52,0,1,14,23,11,1,2,0,0,0
PAL0203,2003-01-05T00:00:00Z,2016,14,0,2,2,6,2,1,1,0,0,0
PAL0203,2003-01-05T00:00:00Z,2017,51,0,0,1,28,19,3,0,0,0,0
PAL0203,2003-01-05T00:00:00Z,2018,73,1,6,7,3,8,24,18,6,0,0
PAL0203,2003-01-05T00:00:00Z,2019,56,0,1,8,40,7,0,0,0,0,0
PAL0203,2003-01-05T00:00:00Z,2020,77,0,2,12,53,10,0,0,0,0,0
PAL0203,2003-01-15T00:00:00Z,2021,79,0,1,10,48,16,4,0,0,0,0
PAL0203,2003-01-15T00:00:00Z,2022,117,1,2,7,35,39,22,7,4,0,0
PAL0203,2003-01-15T00:00:00Z,2023,90,0,5,14,33,25,13,0,0,0,0
PAL0203,2003-01-15T00:00:00Z,2024,138,0,0,3,23,36,44,19,13,0,0
PAL0203,2003-01-27T00:00:00Z,2025,79,0,3,5,25,33,11,2,0,0,0
PAL0203,2003-01-27T00:00:00Z,2026,88,0,2,5,43,33,5,0,0,0,0
PAL0203,2003-01-27T00:00:00Z,2027,126,0,12,29,55,25,5,0,0,0,0
PAL0203,2003-01-27T00:00:00Z,2028,94,0,0,3,42,44,4,1,0,0,0
PAL0203,2003-01-27T00:00:00Z,2029,51,0,0,2,31,14,3,1,0,0,0
PAL0203,2003-02-10T00:00:00Z,2030,131,0,0,24,35,40,25,7,0,0,0
PAL0203,2003-02-10T00:00:00Z,2031,93,0,1,1,12,30,41,8,0,0,0
PAL0203,2003-02-10T00:00:00Z,2032,53,0,0,1,3,14,24,11,0,0,0
PAL0203,2003-02-10T00:00:00Z,2033,75,0,0,0,3,23,30,18,1,0,0
PAL0304,2004-01-15T00:00:00Z,3001,56,0,0,0,9,30,14,3,0,0,0
PAL0304,2004-01-15T00:00:00Z,3002,56,0,0,1,17,24,13,1,0,0,0
PAL0304,2004-01-15T00:00:00Z,3003,60,0,0,0,6,26,22,6,0,0,0
PAL0304,2004-01-15T00:00:00Z,3004,54,0,0,0,21,23,9,1,0,0,0
PAL0304,2004-01-15T00:00:00Z,3005,64,0,0,0,10,33,19,2,0,0,0
PAL0304,2004-01-25T00:00:00Z,3006,68,0,0,0,3,33,24,6,2,0,0
PAL0304,2004-01-25T00:00:00Z,3007,55,0,0,1,9,31,13,1,0,0,0
PAL0304,2004-01-25T00:00:00Z,3008,62,0,0,3,26,29,4,0,0,0,0
PAL0304,2004-01-25T00:00:00Z,3009,56,0,0,0,6,23,23,4,0,0,0
PAL0304,2004-01-25T00:00:00Z,3010,51,0,0,0,11,28,12,0,0,0,0
PAL0304,2004-02-05T00:00:00Z,3011,61,0,0,1,4,27,22,7,0,0,0
PAL0304,2004-02-05T00:00:00Z,3012,29,0,0,0,8,8,9,4,0,0,0
PAL0304,2004-02-05T00:00:00Z,3013,9,0,0,0,0,4,1,4,0,0,0
PAL0304,2004-02-05T00:00:00Z,3014,54,0,0,1,4,21,15,10,3,0,0
PAL0304,2004-02-05T00:00:00Z,3015,24,0,0,0,2,5,10,7,0,0,0
PAL0405,2005-01-12T00:00:00Z,4001,50,0,0,0,0,2,23,24,1,0,0
PAL0405,2005-01-12T00:00:00Z,4002,63,0,0,1,0,5,12,39,6,0,0
PAL0405,2005-01-12T00:00:00Z,4003,67,0,1,0,0,7,42,17,0,0,0
PAL0405,2005-01-12T00:00:00Z,4004,51,0,0,0,0,7,28,14,2,0,0
PAL0405,2005-01-12T00:00:00Z,4005,51,0,0,0,0,4,25,22,0,0,0
PAL0405,2005-01-21T00:00:00Z,4006,53,0,0,0,0,0,28,25,0,0,0
PAL0405,2005-01-21T00:00:00Z,4007,34,0,0,1,0,1,24,7,1,0,0
PAL0405,2005-01-21T00:00:00Z,4008,52,0,0,0,0,1,13,29,8,1,0
PAL0405,2005-01-21T00:00:00Z,4009,51,0,0,0,1,3,33,14,0,0,0
PAL0405,2005-01-21T00:00:00Z,4010,42,0,0,0,2,3,24,11,2,0,0
PAL0405,2005-02-01T00:00:00Z,4011,43,0,0,1,4,5,22,11,0,0,0
PAL0405,2005-02-01T00:00:00Z,4012,27,0,1,0,1,7,15,3,0,0,0
PAL0405,2005-02-01T00:00:00Z,4013,59,0,0,0,0,6,34,17,2,0,0
PAL0405,2005-02-01T00:00:00Z,4014,56,0,0,0,0,6,22,25,3,0,0
PAL0405,2005-02-01T00:00:00Z,4015,52,0,1,0,0,2,26,21,2,0,0
PAL0506,2005-12-27T00:00:00Z,5001,0,0,0,0,0,0,0,0,0,0,0
PAL0506,2005-12-27T00:00:00Z,5002,6,0,0,0,0,0,0,3,3,0,0
PAL0506,2005-12-27T00:00:00Z,5003,50,0,0,0,0,0,8,29,13,0,0
PAL0506,2005-12-27T00:00:00Z,5004,50,0,0,0,0,1,14,30,5,0,0
PAL0506,2005-12-27T00:00:00Z,5005,51,0,0,0,0,1,6,33,11,0,0
PAL0506,2005-12-27T00:00:00Z,5006,50,0,0,0,0,0,5,28,17,0,0
PAL0506,2006-01-11T00:00:00Z,5007,50,0,0,0,0,0,7,27,16,0,0
PAL0506,2006-01-11T00:00:00Z,5008,50,0,0,0,0,0,3,14,26,7,0
PAL0506,2006-01-11T00:00:00Z,5009,0,0,0,0,0,0,0,0,0,0,0
PAL0506,2006-01-11T00:00:00Z,5010,75,0,4,0,3,5,10,30,20,3,0
PAL0506,2006-01-11T00:00:00Z,5011,54,0,0,0,0,2,10,18,23,1,0
PAL0506,2006-01-25T00:00:00Z,5012,0,0,0,0,0,0,0,0,0,0,0
PAL0506,2006-01-25T00:00:00Z,5013,0,0,0,0,0,0,0,0,0,0,0
PAL0506,2006-01-30T00:00:00Z,5014,73,0,0,0,0,1,9,27,31,5,0
PAL0506,2006-01-30T00:00:00Z,5015,73,0,0,0,1,1,8,34,26,3,0
PAL0607,2007-01-06T00:00:00Z,6001,40,0,5,9,1,4,10,10,1,0,0
PAL0607,2007-01-06T00:00:00Z,6002,50,0,14,9,3,2,10,8,4,0,0
PAL0607,2007-01-06T00:00:00Z,6003,50,1,12,14,4,9,10,0,0,0,0
PAL0607,2007-01-06T00:00:00Z,6004,51,2,18,24,5,0,1,0,1,0,0
PAL0607,2007-01-06T00:00:00Z,6005,44,0,0,0,0,6,11,19,7,1,0
PAL0607,2007-01-13T00:00:00Z,6006,50,1,0,12,10,12,9,4,2,0,0
PAL0607,2007-01-13T00:00:00Z,6007,50,0,4,23,4,3,10,3,3,0,0
PAL0607,2007-01-13T00:00:00Z,6008,56,1,9,9,2,6,13,13,3,0,0
PAL0607,2007-01-13T00:00:00Z,6009,50,0,0,3,0,4,29,13,1,0,0
PAL0607,2007-01-13T00:00:00Z,6010,52,0,3,18,2,4,23,2,0,0,0
PAL0607,2007-01-19T00:00:00Z,6011,50,0,0,0,2,2,11,27,6,2,0
PAL0607,2007-01-19T00:00:00Z,6012,51,0,0,4,5,6,22,7,6,1,0
PAL0607,2007-01-19T00:00:00Z,6013,51,0,1,8,13,6,11,11,1,0,0
PAL0607,2007-01-19T00:00:00Z,6014,50,0,2,11,14,7,13,2,0,1,0
PAL0607,2007-01-19T00:00:00Z,6015,52,0,0,12,13,5,13,9,0,0,0
PAL0607,2007-01-26T00:00:00Z,6016,56,0,1,23,16,3,3,6,4,0,0
PAL0607,2007-01-26T00:00:00Z,6017,50,0,0,1,1,1,8,20,15,4,0
PAL0607,2007-01-26T00:00:00Z,6018,58,0,0,0,0,0,1,19,28,10,0
PAL0607,2007-01-26T00:00:00Z,6019,52,0,2,11,7,1,6,9,16,0,0
PAL0607,2007-01-26T00:00:00Z,6020,50,0,1,11,11,7,13,7,0,0,0
PAL0607,2007-02-02T00:00:00Z,6021,56,0,1,26,21,2,1,1,2,2,0
PAL0607,2007-02-02T00:00:00Z,6022,51,0,0,11,6,1,2,19,11,1,0
PAL0607,2007-02-02T00:00:00Z,6023,51,0,0,2,21,5,7,8,5,3,0
PAL0607,2007-02-02T00:00:00Z,6024,50,0,1,6,2,1,9,11,17,3,0
PAL0607,2007-02-02T00:00:00Z,6025,50,0,2,5,13,7,5,9,8,1,0
PAL0708,2008-01-04T00:00:00Z,7001,50,0,0,1,12,20,14,3,0,0,0
PAL0708,2008-01-04T00:00:00Z,7002,50,0,0,0,3,6,20,13,7,1,0
PAL0708,2008-01-04T00:00:00Z,7003,50,0,1,1,8,19,13,8,0,0,0
PAL0708,2008-01-04T00:00:00Z,7004,48,0,0,0,6,20,13,7,2,0,0
PAL0708,2008-01-04T00:00:00Z,7005,50,0,0,0,9,14,18,4,4,1,0
PAL0708,2008-01-11T00:00:00Z,7006,52,0,0,1,18,31,1,1,0,0,0
PAL0708,2008-01-11T00:00:00Z,7007,50,0,2,0,13,28,7,0,0,0,0
PAL0708,2008-01-11T00:00:00Z,7008,51,0,2,4,35,4,6,0,0,0,0
PAL0708,2008-01-11T00:00:00Z,7009,50,0,1,0,9,26,12,1,1,0,0
PAL0708,2008-01-11T00:00:00Z,7010,53,0,1,4,25,21,1,1,0,0,0
PAL0708,2008-01-18T00:00:00Z,7011,50,0,2,2,24,19,3,0,0,0,0
PAL0708,2008-01-18T00:00:00Z,7012,44,0,0,0,4,6,11,15,8,0,0
PAL0708,2008-01-18T00:00:00Z,7013,50,0,3,0,12,33,2,0,0,0,0
PAL0708,2008-01-18T00:00:00Z,7014,51,0,1,4,22,20,4,0,0,0,0
PAL0708,2008-01-18T00:00:00Z,7015,44,0,0,1,3,16,16,6,1,0,1
PAL0708,2008-01-27T00:00:00Z,7016,52,0,10,10,9,12,8,3,0,0,0
PAL0708,2008-01-27T00:00:00Z,7017,50,0,1,3,1,12,26,6,1,0,0
PAL0708,2008-01-27T00:00:00Z,7018,50,0,2,1,8,25,9,3,2,0,0
PAL0708,2008-01-27T00:00:00Z,7019,51,0,0,2,8,20,13,7,1,0,0
PAL0708,2008-01-27T00:00:00Z,7020,50,0,3,0,7,20,15,2,1,2,0
PAL0708,2008-02-02T00:00:00Z,7021,50,0,2,12,11,13,11,1,0,0,0
PAL0708,2008-02-02T00:00:00Z,7022,50,0,2,9,6,24,8,1,0,0,0
PAL0708,2008-02-02T00:00:00Z,7023,51,0,0,9,10,22,10,0,0,0,0
PAL0708,2008-02-02T00:00:00Z,7024,50,0,0,1,4,19,20,6,0,0,0
PAL0708,2008-02-02T00:00:00Z,7025,58,1,4,9,5,20,14,5,0,0,0
PAL0809,2009-01-07T00:00:00Z,8001,50,0,0,6,20,18,4,1,1,0,0
PAL0809,2009-01-07T00:00:00Z,8002,50,0,0,3,8,15,15,6,3,0,0
PAL0809,2009-01-19T00:00:00Z,8003,50,0,0,2,8,24,9,5,2,0,0
PAL0809,2009-01-19T00:00:00Z,8004,3,0,0,1,1,1,0,0,0,0,0
PAL0809,2009-01-19T00:00:00Z,8005,50,0,0,0,5,16,6,10,12,1,0
PAL0809,2009-01-19T00:00:00Z,8006,52,0,0,1,17,11,5,6,8,4,0
PAL0809,2009-01-19T00:00:00Z,8007,50,0,0,7,13,19,7,1,3,0,0
PAL0809,2009-01-26T00:00:00Z,8008,12,0,0,1,1,2,5,2,1,0,0
PAL0809,2009-01-26T00:00:00Z,8009,10,0,0,0,1,4,3,2,0,0,0
PAL0809,2009-01-26T00:00:00Z,8010,6,0,0,2,3,0,1,0,0,0,0
PAL0809,2009-01-26T00:00:00Z,8011,40,2,1,5,6,9,12,5,0,0,0
PAL0809,2009-01-26T00:00:00Z,8012,24,0,0,0,2,6,10,6,0,0,0
PAL0809,2009-02-02T00:00:00Z,8013,34,0,0,0,7,16,6,3,2,0,0
PAL0809,2009-02-02T00:00:00Z,8014,40,0,0,0,2,7,10,15,5,1,0
PAL0809,2009-02-02T00:00:00Z,8015,50,0,0,0,5,14,6,14,10,1,0
PAL0809,2009-02-02T00:00:00Z,8016,41,0,0,0,1,5,8,18,9,0,0
PAL0809,2009-02-02T00:00:00Z,8017,49,0,0,0,2,20,11,13,3,0,0
PAL0910,2010-01-03T00:00:00Z,9001,22,0,0,0,1,4,6,11,0,0,0
PAL0910,2010-01-03T00:00:00Z,9002,35,0,0,0,1,3,17,14,0,0,0
PAL0910,2010-01-03T00:00:00Z,9003,26,0,0,0,0,5,11,9,1,0,0
PAL0910,2010-01-12T00:00:00Z,9004,72,0,3,13,18,8,10,15,5,0,0
PAL0910,2010-01-12T00:00:00Z,9005,40,0,0,0,0,1,18,17,4,0,0
PAL0910,2010-01-12T00:00:00Z,9006,79,0,0,2,4,9,26,35,3,0,0
PAL0910,2010-01-12T00:00:00Z,9007,41,0,0,1,0,4,14,16,6,0,0
PAL0910,2010-01-12T00:00:00Z,9008,88,0,5,37,24,1,8,11,2,0,0
PAL0910,2010-01-19T00:00:00Z,9009,88,0,0,1,3,1,19,51,13,0,0
PAL0910,2010-01-19T00:00:00Z,9010,45,0,0,0,0,0,7,28,10,0,0
PAL0910,2010-01-19T00:00:00Z,9011,47,0,0,0,1,3,15,23,5,0,0
PAL0910,2010-01-19T00:00:00Z,9012,56,0,0,0,0,2,12,39,3,0,0
PAL0910,2010-01-19T00:00:00Z,9013,53,0,0,0,0,1,14,25,12,1,0
PAL0910,2010-01-26T00:00:00Z,9014,52,0,0,0,4,0,17,23,8,0,0
PAL0910,2010-01-26T00:00:00Z,9015,29,0,0,1,2,0,8,14,4,0,0
PAL0910,2010-01-26T00:00:00Z,9016,37,0,1,0,1,2,10,15,8,0,0
PAL0910,2010-01-26T00:00:00Z,9017,29,0,0,6,5,4,3,9,2,0,0
PAL0910,2010-01-26T00:00:00Z,9018,115,0,0,3,24,12,7,40,26,3,0
PAL0910,2010-02-04T00:00:00Z,9019,14,0,1,3,4,1,1,3,1,0,0
PAL0910,2010-02-04T00:00:00Z,9020,75,0,0,2,9,6,28,25,5,0,0
PAL0910,2010-02-04T00:00:00Z,9021,99,0,1,4,16,10,11,39,18,0,0
PAL0910,2010-02-04T00:00:00Z,9022,85,0,0,0,4,4,19,44,13,1,0
PAL0910,2010-02-04T00:00:00Z,9023,35,0,0,3,11,2,0,14,5,0,0
PAL1011,2011-01-01T00:00:00Z,10001,24,1,9,9,0,1,4,0,0,0,0
PAL1011,2011-01-01T00:00:00Z,10002,1,0,0,0,0,0,0,0,0,1,0
PAL1011,2011-01-01T00:00:00Z,10003,4,0,0,0,0,0,1,2,1,0,0
PAL1011,2011-01-01T00:00:00Z,10004,7,0,0,0,0,0,3,1,3,0,0
PAL1011,2011-01-01T00:00:00Z,10005,54,0,0,0,0,0,5,15,22,12,0
PAL1011,2011-01-07T00:00:00Z,10006,1,0,0,0,0,0,0,0,1,0,0
PAL1011,2011-01-07T00:00:00Z,10007,60,0,0,0,0,0,2,13,36,9,0
PAL1011,2011-01-07T00:00:00Z,10008,4,0,0,0,0,0,1,1,2,0,0
PAL1011,2011-01-07T00:00:00Z,10009,82,0,5,31,26,4,2,8,5,1,0
PAL1011,2011-01-07T00:00:00Z,10010,65,2,12,17,5,0,10,9,9,1,0
PAL1011,2011-01-15T00:00:00Z,10011,94,0,6,52,34,1,0,1,0,0,0
PAL1011,2011-01-15T00:00:00Z,10012,104,0,5,21,65,4,3,1,4,1,0
PAL1011,2011-01-15T00:00:00Z,10013,49,0,0,0,0,0,5,23,15,6,0
PAL1011,2011-01-15T00:00:00Z,10014,55,0,4,13,11,4,6,13,4,0,0
PAL1011,2011-01-15T00:00:00Z,10015,102,0,6,17,10,0,5,31,32,1,0
PAL1011,2011-01-21T00:00:00Z,10016,46,0,0,17,19,4,2,2,2,0,0
PAL1011,2011-01-21T00:00:00Z,10017,33,0,0,2,5,4,1,8,12,1,0
PAL1011,2011-01-21T00:00:00Z,10018,95,0,2,35,44,6,2,3,2,1,0
PAL1011,2011-01-21T00:00:00Z,10019,56,0,5,25,19,3,0,4,0,0,0
PAL1011,2011-01-21T00:00:00Z,10020,53,0,0,3,10,3,4,14,15,4,0
PAL1011,2011-01-27T00:00:00Z,10021,95,0,0,0,1,0,3,46,41,4,0
PAL1011,2011-01-27T00:00:00Z,10022,10,0,1,0,0,0,0,4,5,0,0
PAL1011,2011-01-27T00:00:00Z,10023,29,0,0,0,1,1,2,12,8,5,0
PAL1011,2011-01-27T00:00:00Z,10024,84,0,0,9,42,7,1,17,7,1,0
PAL1011,2011-01-27T00:00:00Z,10025,29,0,0,0,0,1,3,14,11,0,0
PAL1112,2012-01-08T00:00:00Z,11001,46,0,0,0,5,29,12,0,0,0,0
PAL1112,2012-01-08T00:00:00Z,11002,80,0,0,1,0,26,25,13,12,3,0
PAL1112,2012-01-08T00:00:00Z,11003,22,0,0,0,0,3,16,1,2,0,0
PAL1112,2012-01-08T00:00:00Z,11004,70,0,1,0,6,28,28,6,1,0,0
PAL1112,2012-01-08T00:00:00Z,11005,52,0,0,0,1,6,29,14,1,1,0
PAL1112,2012-01-19T00:00:00Z,11006,36,0,0,2,6,15,12,1,0,0,0
PAL1112,2012-01-19T00:00:00Z,11007,68,0,0,0,5,24,32,7,0,0,0
PAL1112,2012-01-19T00:00:00Z,11008,61,0,2,1,8,27,22,1,0,0,0
PAL1112,2012-01-19T00:00:00Z,11009,55,1,2,0,8,18,20,5,1,0,0
PAL1112,2012-01-19T00:00:00Z,11010,80,25,39,4,6,3,2,1,0,0,0
PAL1112,2012-01-26T00:00:00Z,11011,77,0,0,0,3,28,38,8,0,0,0
PAL1112,2012-01-26T00:00:00Z,11012,96,38,41,4,0,5,8,0,0,0,0
PAL1112,2012-01-26T00:00:00Z,11013,105,2,1,7,22,42,27,4,0,0,0
PAL1112,2012-01-26T00:00:00Z,11014,51,0,5,3,4,19,14,4,2,0,0
PAL1112,2012-01-26T00:00:00Z,11015,44,1,2,3,1,22,14,1,0,0,0
PAL1213,2013-01-03T00:00:00Z,12001,93,0,1,40,41,9,2,0,0,0,0
PAL1213,2013-01-03T00:00:00Z,12002,75,0,1,26,43,3,2,0,0,0,0
PAL1213,2013-01-03T00:00:00Z,12003,57,0,1,11,39,5,1,0,0,0,0
PAL1213,2013-01-03T00:00:00Z,12004,69,0,2,21,41,4,1,0,0,0,0
PAL1213,2013-01-03T00:00:00Z,12005,0,0,0,0,0,0,0,0,0,0,0
PAL1213,2013-01-09T00:00:00Z,12006,101,0,2,39,50,8,0,2,0,0,0
PAL1213,2013-01-09T00:00:00Z,12007,51,0,0,23,24,1,2,1,0,0,0
PAL1213,2013-01-09T00:00:00Z,12008,72,1,1,24,35,10,1,0,0,0,0
PAL1213,2013-01-09T00:00:00Z,12009,66,0,0,17,30,16,3,0,0,0,0
PAL1213,2013-01-09T00:00:00Z,12010,113,0,0,25,52,31,5,0,0,0,0
PAL1213,2013-01-16T00:00:00Z,12011,81,0,0,14,32,30,4,1,0,0,0
PAL1213,2013-01-16T00:00:00Z,12012,109,0,1,37,62,7,1,1,0,0,0
PAL1213,2013-01-16T00:00:00Z,12013,73,0,1,13,40,19,0,0,0,0,0
PAL1213,2013-01-16T00:00:00Z,12014,54,0,0,13,37,4,0,0,0,0,0
PAL1213,2013-01-16T00:00:00Z,12015,75,0,0,9,48,15,3,0,0,0,0
PAL1213,2013-01-23T00:00:00Z,12016,106,0,0,10,72,15,7,2,0,0,0
PAL1213,2013-01-23T00:00:00Z,12017,50,0,2,4,35,4,2,3,0,0,0
PAL1213,2013-01-23T00:00:00Z,12018,108,0,0,35,57,13,3,0,0,0,0
PAL1213,2013-01-23T00:00:00Z,12019,67,0,0,25,40,2,0,0,0,0,0
PAL1213,2013-01-23T00:00:00Z,12020,110,0,1,34,56,17,1,1,0,0,0
PAL1213,2013-01-28T00:00:00Z,12021,99,0,0,16,57,20,5,1,0,0,0
PAL1213,2013-01-28T00:00:00Z,12022,85,0,0,11,54,18,1,1,0,0,0
PAL1213,2013-01-28T00:00:00Z,12023,73,0,0,18,50,5,0,0,0,0,0
PAL1213,2013-01-28T00:00:00Z,12024,73,0,0,18,38,13,4,0,0,0,0
PAL1213,2013-01-28T00:00:00Z,12025,99,0,0,5,46,29,15,4,0,0,0
PAL1314,2014-01-06T00:00:00Z,13001,0,0,0,0,0,0,0,0,0,0,0
PAL1314,2014-01-06T00:00:00Z,13002,0,0,0,0,0,0,0,0,0,0,0
PAL1314,2014-01-06T00:00:00Z,13003,0,0,0,0,0,0,0,0,0,0,0
PAL1314,2014-01-06T00:00:00Z,13004,5,0,0,1,1,1,2,0,0,0,0
PAL1314,2014-01-16T00:00:00Z,13005,51,0,1,0,1,8,22,18,1,0,0
PAL1314,2014-01-16T00:00:00Z,13006,124,1,19,13,21,36,29,5,0,0,0
PAL1314,2014-01-16T00:00:00Z,13007,37,0,0,2,2,14,10,9,0,0,0
PAL1314,2014-01-16T00:00:00Z,13008,49,0,1,2,4,9,23,10,0,0,0
PAL1314,2014-01-16T00:00:00Z,13009,48,0,0,0,4,13,22,8,1,0,0
PAL1314,2014-01-22T00:00:00Z,13010,8,0,0,0,1,2,3,2,0,0,0
PAL1314,2014-01-22T00:00:00Z,13011,65,0,0,0,3,6,26,23,7,0,0
PAL1314,2014-01-22T00:00:00Z,13012,75,0,0,2,4,12,28,29,0,0,0
PAL1314,2014-01-22T00:00:00Z,13013,79,0,10,10,9,6,30,14,0,0,0
PAL1314,2014-01-22T00:00:00Z,13014,78,1,2,4,8,12,31,19,1,0,0
PAL1314,2014-01-27T00:00:00Z,13015,97,0,1,2,1,6,34,49,4,0,0
PAL1314,2014-01-27T00:00:00Z,13016,42,0,0,4,6,11,13,7,1,0,0
PAL1314,2014-01-27T00:00:00Z,13017,66,0,3,30,16,11,4,2,0,0,0
PAL1314,2014-01-27T00:00:00Z,13018,119,0,18,19,18,25,25,13,1,0,0
PAL1314,2014-01-27T00:00:00Z,13020,57,0,0,0,3,7,29,18,0,0,0
PAL1314,2014-02-01T00:00:00Z,13021,89,0,2,32,16,16,17,4,2,0,0
PAL1314,2014-02-01T00:00:00Z,13022,114,0,0,11,8,20,36,36,2,1,0
PAL1314,2014-02-01T00:00:00Z,12023,62,0,0,0,1,7,20,25,9,0,0
PAL1314,2014-02-01T00:00:00Z,13024,61,0,1,24,11,8,10,6,1,0,0
PAL1314,2014-02-01T00:00:00Z,13025,112,0,2,42,27,4,16,20,1,0,0
PAL1415,2015-01-03T00:00:00Z,14001,88,0,0,0,1,2,20,53,12,0,0
PAL1415,2015-01-03T00:00:00Z,14002,36,2,2,1,1,14,11,2,2,1,0
PAL1415,2015-01-03T00:00:00Z,14003,103,1,5,0,15,36,41,5,0,0,0
PAL1415,2015-01-03T00:00:00Z,14004,100,0,1,0,3,17,28,44,6,1,0
PAL1415,2015-01-03T00:00:00Z,14005,64,0,0,0,1,2,6,40,15,0,0
PAL1415,2015-01-11T00:00:00Z,14006,12,0,0,1,1,2,5,3,0,0,0
PAL1415,2015-01-11T00:00:00Z,14007,88,0,10,23,3,12,19,21,0,0,0
PAL1415,2015-01-11T00:00:00Z,14008,27,0,0,0,0,7,7,12,1,0,0
PAL1415,2015-01-11T00:00:00Z,14009,108,0,0,1,0,22,49,33,3,0,0
PAL1415,2015-01-11T00:00:00Z,14010,46,0,0,0,0,4,12,25,5,0,0
PAL1415,2015-01-18T00:00:00Z,14011,131,0,0,1,0,8,58,59,5,0,0
PAL1415,2015-01-18T00:00:00Z,14012,94,0,1,4,0,15,40,30,4,0,0
PAL1415,2015-01-18T00:00:00Z,14013,40,0,0,0,1,3,19,17,0,0,0
PAL1415,2015-01-18T00:00:00Z,14014,58,0,0,2,2,5,21,23,5,0,0
PAL1415,2015-01-18T00:00:00Z,14015,71,0,0,1,1,11,33,22,3,0,0
PAL1415,2015-01-26T00:00:00Z,14016,36,0,0,0,0,2,16,16,2,0,0
PAL1415,2015-01-26T00:00:00Z,14017,86,0,1,0,0,5,30,44,6,0,0
PAL1415,2015-01-26T00:00:00Z,14018,36,0,0,0,0,1,11,23,1,0,0
PAL1415,2015-01-26T00:00:00Z,14019,10,0,0,0,0,0,3,6,1,0,0
PAL1415,2015-01-26T00:00:00Z,14020,34,0,0,0,4,1,10,18,1,0,0
PAL1415,2015-02-03T00:00:00Z,14021,199,0,0,1,0,7,87,92,12,0,0
PAL1415,2015-02-03T00:00:00Z,14022,26,0,0,1,0,0,8,14,3,0,0
PAL1415,2015-02-03T00:00:00Z,14023,82,0,0,0,0,3,25,43,11,0,0
PAL1415,2015-02-03T00:00:00Z,14024,40,0,0,0,0,2,9,21,8,0,0
PAL1415,2015-02-03T00:00:00Z,14025,24,0,0,0,0,1,14,9,0,0,0
PAL1415,2015-02-09T00:00:00Z,14025,134,0,0,3,1,4,58,60,8,0,0
PAL1516,2016-01-06T00:00:00Z,15001,49,0,0,0,0,0,12,18,18,1,0
PAL1516,2016-01-06T00:00:00Z,15002,33,0,0,0,0,0,2,13,15,3,0
PAL1516,2016-01-06T00:00:00Z,15003,99,0,0,1,1,3,30,43,19,2,0
PAL1516,2016-01-06T00:00:00Z,15004,34,0,0,0,0,0,4,13,15,2,0
PAL1516,2016-01-06T00:00:00Z,15005,2,0,0,0,0,0,1,0,1,0,0
PAL1516,2016-01-12T00:00:00Z,15006,35,0,0,0,0,1,13,16,5,0,0
PAL1516,2016-01-12T00:00:00Z,15007,70,0,0,1,0,0,7,30,29,3,0
PAL1516,2016-01-12T00:00:00Z,15008,63,0,0,0,2,0,8,29,24,0,0
PAL1516,2016-01-12T00:00:00Z,15009,69,0,0,2,4,0,28,28,6,1,0
PAL1516,2016-01-12T00:00:00Z,15010,75,0,2,2,1,1,12,32,18,7,0
PAL1516,2016-01-18T00:00:00Z,15011,90,0,1,0,0,1,18,49,20,1,0
PAL1516,2016-01-18T00:00:00Z,15012,74,0,0,0,0,2,25,34,12,1,0
PAL1516,2016-01-18T00:00:00Z,15013,52,3,1,1,0,0,4,13,25,5,0
PAL1516,2016-01-18T00:00:00Z,15014,116,1,8,12,5,4,37,35,12,2,0
PAL1516,2016-01-18T00:00:00Z,15015,83,0,0,5,4,3,15,36,15,5,0
PAL1516,2016-01-25T00:00:00Z,15016,90,0,12,19,13,5,11,23,5,2,0
PAL1516,2016-01-25T00:00:00Z,15017,39,0,0,1,1,1,6,15,14,1,0
PAL1516,2016-01-25T00:00:00Z,15018,39,0,0,1,0,3,10,16,9,0,0
PAL1516,2016-01-25T00:00:00Z,15019,25,0,0,0,0,0,1,6,18,0,0
PAL1516,2016-01-25T00:00:00Z,15020,52,0,0,0,0,0,1,10,31,10,0
PAL1617,2017-01-05T00:00:00Z,16001,27,0,0,0,1,3,17,4,2,0,0
PAL1617,2017-01-05T00:00:00Z,16002,53,0,0,0,0,3,12,23,15,0,0
PAL1617,2017-01-05T00:00:00Z,16003,56,0,0,0,0,1,27,21,7,0,0
PAL1617,2017-01-05T00:00:00Z,16004,83,4,17,29,13,8,10,2,0,0,0
PAL1617,2017-01-05T00:00:00Z,16005,89,0,0,1,1,6,41,28,10,2,0
PAL1617,2017-01-10T00:00:00Z,16006,82,0,0,0,0,2,10,44,23,3,0
PAL1617,2017-01-10T00:00:00Z,16007,73,0,3,14,12,7,18,12,6,1,0
PAL1617,2017-01-10T00:00:00Z,16008,59,0,0,0,0,2,17,28,12,0,0
PAL1617,2017-01-10T00:00:00Z,16009,65,0,0,0,0,1,8,30,22,4,0
PAL1617,2017-01-10T00:00:00Z,16010,92,1,0,10,10,5,28,30,7,1,0
PAL1617,2017-01-15T00:00:00Z,16011,91,0,0,0,4,4,40,41,2,0,0
PAL1617,2017-01-15T00:00:00Z,16012,55,0,0,0,0,2,10,20,23,0,0
PAL1617,2017-01-15T00:00:00Z,16013,43,0,0,0,0,4,19,19,1,0,0
PAL1617,2017-01-15T00:00:00Z,16014,25,0,0,0,0,0,1,11,13,0,0
PAL1617,2017-01-15T00:00:00Z,16015,61,0,0,2,0,0,18,29,12,0,0
PAL1617,2017-01-22T00:00:00Z,16016,52,0,0,0,0,0,4,23,20,5,0
PAL1617,2017-01-22T00:00:00Z,16017,91,0,0,0,2,1,22,32,31,3,0
PAL1617,2017-01-22T00:00:00Z,16018,57,0,0,2,3,4,16,19,9,4,0
PAL1617,2017-01-22T00:00:00Z,16019,56,0,0,0,1,1,9,27,18,0,0
PAL1617,2017-01-22T00:00:00Z,16020,18,0,0,0,0,0,5,4,8,1,0
PAL1718,2018-01-03T00:00:00Z,17001,67,0,0,0,3,23,33,6,0,2,0
PAL1718,2018-01-03T00:00:00Z,17002,52,0,0,1,6,22,19,3,1,0,0
PAL1718,2018-01-03T00:00:00Z,17003,52,0,0,6,16,20,9,0,1,0,0
PAL1718,2018-01-03T00:00:00Z,17004,61,3,1,7,8,29,13,0,0,0,0
PAL1718,2018-01-03T00:00:00Z,17005,86,0,0,1,8,51,20,5,1,0,0
PAL1718,2018-01-08T00:00:00Z,17006,69,0,3,9,4,27,14,9,3,0,0
PAL1718,2018-01-08T00:00:00Z,17007,41,0,0,3,1,14,13,6,4,0,0
PAL1718,2018-01-08T00:00:00Z,17008,63,0,1,0,3,31,26,2,0,0,0
PAL1718,2018-01-08T00:00:00Z,17009,96,2,17,23,11,28,14,0,1,0,0
PAL1718,2018-01-08T00:00:00Z,17010,82,1,25,17,4,16,16,2,1,0,0
PAL1718,2018-01-15T00:00:00Z,17011,64,0,0,1,1,13,39,10,0,0,0
PAL1718,2018-01-15T00:00:00Z,17012,62,0,1,2,2,20,32,3,2,0,0
PAL1718,2018-01-15T00:00:00Z,17013,82,0,29,21,4,12,14,1,1,0,0
PAL1718,2018-01-15T00:00:00Z,17014,97,0,12,14,6,32,26,7,0,0,0
PAL1718,2018-01-15T00:00:00Z,17015,50,0,0,1,0,24,23,2,0,0,0
PAL1718,2018-01-23T00:00:00Z,17016,120,0,5,14,10,38,44,5,4,0,0
PAL1718,2018-01-23T00:00:00Z,17017,64,0,0,0,3,19,35,7,0,0,0
PAL1718,2018-01-23T00:00:00Z,17018,56,0,1,4,8,19,22,0,2,0,0
PAL1718,2018-01-23T00:00:00Z,17019,132,0,11,48,16,24,25,8,0,0,0
PAL1718,2018-01-23T00:00:00Z,17020,81,0,1,5,11,22,36,6,0,0,0
PAL1718,2018-01-29T00:00:00Z,17021,77,0,10,31,15,9,10,2,0,0,0
PAL1718,2018-01-29T00:00:00Z,17022,42,0,0,5,6,11,13,6,1,0,0
PAL1718,2018-01-29T00:00:00Z,17023,67,0,1,17,23,5,20,1,0,0,0
PAL1718,2018-01-29T00:00:00Z,17024,96,0,6,20,19,24,25,2,0,0,0
PAL1718,2018-01-29T00:00:00Z,17025,92,0,3,21,10,19,31,8,0,0,0
