study_name,time,event_number,sample_weight,e_superba_weight,e_superba_count,t_macrura_weight,t_macrura_count,fish_weight,fish_count
,UTC,,gram,gram,,gram,,gram,
PAL9192,1992-01-15T00:00:00Z,91001,0,389,754,0,0,0,0
PAL9192,1992-01-15T00:00:00Z,91002,0,478,860,0,0,0,0
PAL9192,1992-01-15T00:00:00Z,91003,0,350,739,0,0,0,0
PAL9192,1992-01-15T00:00:00Z,91004,0,269,888,0,0,0,0
PAL9192,1992-01-15T00:00:00Z,91005,0,331,530,0,0,0,0
PAL9192,1992-01-20T00:00:00Z,91006,0,267,445,0,0,0,0
PAL9192,1992-01-20T00:00:00Z,91007,0,271,467,0,0,0,0
PAL9192,1992-01-20T00:00:00Z,91008,0,364,587,0,0,0,0
PAL9192,1992-01-20T00:00:00Z,91009,0,346,541,0,0,0,0
PAL9192,1992-01-20T00:00:00Z,91010,0,278,534,0,0,0,0
PAL9192,1992-01-25T00:00:00Z,91011,0,397,639,0,0,0,0
PAL9192,1992-01-25T00:00:00Z,91012,0,433,941,0,0,0,0
PAL9192,1992-01-25T00:00:00Z,91013,0,420,878,0,0,0,0
PAL9192,1992-01-25T00:00:00Z,91014,0,234,395,234,2220,0,0
PAL9192,1992-01-25T00:00:00Z,91015,0,240,595,25,125,0,0
PAL9192,1992-01-30T00:00:00Z,91016,0,340,486,0,0,0,0
PAL9192,1992-01-30T00:00:00Z,91017,0,328,713,0,0,0,0
PAL9192,1992-01-30T00:00:00Z,91018,0,411,1013,0,0,0,0
PAL9192,1992-01-30T00:00:00Z,91019,0,349,428,0,0,0,0
PAL9192,1992-01-30T00:00:00Z,91020,0,293,670,0,0,0,0
PAL9192,1992-02-04T00:00:00Z,91021,0,455,565,0,0,0,0
PAL9192,1992-02-04T00:00:00Z,91022,0,509,1034,0,0,0,0
PAL9192,1992-02-04T00:00:00Z,91023,0,660,1022,0,0,5,2
PAL9192,1992-02-04T00:00:00Z,91024,0,355,619,0,0,0,0
PAL9192,1992-02-04T00:00:00Z,91025,0,430,862,0,0,1,2
PAL9192,1992-02-09T00:00:00Z,91026,0,400,552,0,0,7,1
PAL9192,1992-02-09T00:00:00Z,91027,0,855,1450,0,0,2,1
PAL9192,1992-02-09T00:00:00Z,91028,0,570,1123,0,0,1,1
PAL9192,1992-02-09T00:00:00Z,91029,0,359,530,0,0,0,0
PAL9192,1992-02-09T00:00:00Z,91030,0,401,1088,0,0,0,0
PAL9192,1992-02-14T00:00:00Z,91031,0,300,587,0,0,2,1
PAL9192,1992-02-14T00:00:00Z,91032,0,806,1612,0,0,0,0
PAL9192,1992-02-14T00:00:00Z,91033,0,760,760,0,0,0,0
PAL9192,1992-02-14T00:00:00Z,91034,0,357,515,0,0,0,0
PAL9192,1992-02-14T00:00:00Z,91035,0,478,933,0,0,0,0
PAL9192,1992-02-19T00:00:00Z,91036,0,336,519,0,0,0,0
PAL9192,1992-02-19T00:00:00Z,91037,0,251,396,0,0,0,0
PAL9192,1992-02-19T00:00:00Z,91038,0,445,662,0,0,0,0
PAL9192,1992-02-19T00:00:00Z,91039,0,371,468,0,0,0,0
PAL9192,1992-02-19T00:00:00Z,91040,0,315,612,0,0,1,2
PAL9293,1993-01-11T00:00:00Z,92001,439,624,1376,0,0,0,0
PAL9293,1993-01-11T00:00:00Z,92002,212,390,650,0,0,0,0
PAL9293,1993-01-11T00:00:00Z,92003,220,466,645,0,0,0,0
PAL9293,1993-01-11T00:00:00Z,92004,247,350,569,0,0,0,0
PAL9293,1993-01-11T00:00:00Z,92005,113,141,329,0,0,0,0
PAL9293,1993-01-19T00:00:00Z,92006,157,157,547,0,0,0,0
PAL9293,1993-01-19T00:00:00Z,92007,207,207,759,0,0,0,0
PAL9293,1993-01-19T00:00:00Z,92008,350,350,1203,0,0,0,0
PAL9293,1993-01-19T00:00:00Z,92009,171,171,617,0,0,0,0
PAL9293,1993-01-19T00:00:00Z,92010,187,187,556,0,0,0,0
PAL9293,1993-01-23T00:00:00Z,92011,246,297,1025,0,0,0,0
PAL9293,1993-01-23T00:00:00Z,92012,216,216,888,0,0,0,0
PAL9293,1993-01-23T00:00:00Z,92013,140,174,514,0,0,0,0
PAL9293,1993-01-23T00:00:00Z,92014,137,211,594,0,0,0,0
PAL9293,1993-01-23T00:00:00Z,92015,174,198,526,0,0,0,0
PAL9293,1993-01-30T00:00:00Z,92016,145,239,453,0,0,0,0
PAL9293,1993-01-30T00:00:00Z,92017,216,563,728,0,0,0,0
PAL9293,1993-01-30T00:00:00Z,92018,166,418,462,0,0,0,0
PAL9293,1993-01-30T00:00:00Z,92019,199,566,448,0,0,0,0
PAL9293,1993-01-30T00:00:00Z,92020,182,357,757,0,0,0,0
PAL9293,1993-02-04T00:00:00Z,92021,213,446,617,0,0,0,0
PAL9293,1993-02-04T00:00:00Z,92022,199,199,630,0,0,0,0
PAL9293,1993-02-04T00:00:00Z,92023,260,738,781,0,0,0,0
PAL9293,1993-02-04T00:00:00Z,92024,367,479,1099,0,0,0,0
PAL9293,1993-02-04T00:00:00Z,92025,176,340,527,0,0,0,0
PAL9293,1993-02-09T00:00:00Z,92026,260,404,753,0,0,0,0
PAL9293,1993-02-09T00:00:00Z,92027,253,355,605,0,0,0,0
PAL9293,1993-02-09T00:00:00Z,92028,254,414,650,0,0,0,0
PAL9293,1993-02-09T00:00:00Z,92029,190,342,494,0,0,0,0
PAL9293,1993-02-09T00:00:00Z,92030,199,430,415,0,0,0,0
PAL9293,1993-02-14T00:00:00Z,92031,179,324,358,0,0,39,1
PAL9293,1993-02-14T00:00:00Z,92032,215,30,77,185,231,39,1
PAL9293,1993-02-14T00:00:00Z,92033,209,363,559,0,0,2,1
PAL9293,1993-02-14T00:00:00Z,92034,277,518,604,0,0,1,1
PAL9293,1993-02-14T00:00:00Z,92035,211,339,460,0,0,0,0
PAL9293,1993-02-19T00:00:00Z,92036,170,520,354,0,0,0,0
PAL9293,1993-02-19T00:00:00Z,92037,169,285,367,0,0,4,1
PAL9293,1993-02-19T00:00:00Z,92038,235,435,490,0,0,13,1
PAL9293,1993-02-19T00:00:00Z,92039,205,415,466,0,0,0,0
PAL9293,1993-02-19T00:00:00Z,92040,397,489,818,120,2454,0,0
PAL9394,1994-01-11T00:00:00Z,93001,255,484,405,0,0,0,0
PAL9394,1994-01-11T00:00:00Z,93002,188,592,470,0,0,0,0
PAL9394,1994-01-11T00:00:00Z,93003,315,315,814,0,0,0,0
PAL9394,1994-01-11T00:00:00Z,93004,233,364,561,0,0,0,0
PAL9394,1994-01-11T00:00:00Z,93005,107,238,218,0,0,0,0
PAL9394,1994-01-16T00:00:00Z,93006,148,393,400,0,0,0,0
PAL9394,1994-01-16T00:00:00Z,93007,233,468,431,0,0,0,0
PAL9394,1994-01-16T00:00:00Z,93008,152,412,385,0,0,0,0
PAL9394,1994-01-16T00:00:00Z,93009,146,256,280,0,0,0,0
PAL9394,1994-01-16T00:00:00Z,93010,340,605,657,0,0,0,0
PAL9394,1994-01-21T00:00:00Z,93011,138,258,296,0,0,0,0
PAL9394,1994-01-21T00:00:00Z,93012,185,415,353,0,0,0,0
PAL9394,1994-01-21T00:00:00Z,93013,166,481,368,0,0,0,0
PAL9394,1994-01-21T00:00:00Z,93014,135,565,355,0,0,0,0
PAL9394,1994-01-21T00:00:00Z,93015,71,71,132,0,0,0,0
PAL9394,1994-01-26T00:00:00Z,93016,383,383,926,0,0,0,0
PAL9394,1994-01-26T00:00:00Z,93017,150,150,375,0,0,0,0
PAL9394,1994-01-26T00:00:00Z,93018,207,332,391,0,0,0,0
PAL9394,1994-01-26T00:00:00Z,93019,181,361,427,0,0,0,0
PAL9394,1994-01-26T00:00:00Z,93020,207,207,414,0,0,0,0
PAL9394,1994-02-01T00:00:00Z,93021,211,306,440,0,0,0,0
PAL9394,1994-02-01T00:00:00Z,93022,191,351,392,0,0,0,0
PAL9394,1994-02-01T00:00:00Z,93023,186,281,465,0,0,0,0
PAL9394,1994-02-01T00:00:00Z,93024,349,489,632,0,0,0,0
PAL9394,1994-02-01T00:00:00Z,93025,181,241,461,0,0,0,0
PAL9394,1994-02-07T00:00:00Z,93026,145,356,294,14,168,1,1
PAL9394,1994-02-07T00:00:00Z,93027,196,361,377,20,240,0,0
PAL9394,1994-02-07T00:00:00Z,93028,188,404,348,19,228,0,0
PAL9394,1994-02-07T00:00:00Z,93029,129,276,280,13,156,0,0
PAL9394,1994-02-07T00:00:00Z,93030,257,617,490,0,0,0,0
PAL9394,1994-02-13T00:00:00Z,93031,145,185,290,0,0,0,0
PAL9394,1994-02-13T00:00:00Z,93032,189,609,363,0,0,0,0
PAL9394,1994-02-13T00:00:00Z,93033,378,378,727,0,0,0,0
PAL9394,1994-02-13T00:00:00Z,93034,188,398,368,21,252,0,0
PAL9394,1994-02-13T00:00:00Z,93035,351,351,650,0,0,0,0
PAL9394,1994-02-18T00:00:00Z,93036,162,372,352,0,0,0,0
PAL9394,1994-02-18T00:00:00Z,93037,239,215,498,184,1288,2,1
PAL9394,1994-02-18T00:00:00Z,93038,290,410,498,24,288,2,1
PAL9394,1994-02-18T00:00:00Z,93039,289,809,501,0,0,0,0
PAL9394,1994-02-18T00:00:00Z,93040,161,286,355,0,0,0,0
PAL9495,1995-01-11T00:00:00Z,94001,0,344,1222,10,120,0,0
PAL9495,1995-01-11T00:00:00Z,94002,0,2,7,287,3444,0,0
PAL9495,1995-01-11T00:00:00Z,94003,0,262,528,0,0,0,0
PAL9495,1995-01-11T00:00:00Z,94004,192,344,453,0,0,0,0
PAL9495,1995-01-11T00:00:00Z,94005,258,478,848,0,0,0,0
PAL9495,1995-01-17T00:00:00Z,94006,252,392,695,0,0,0,0
PAL9495,1995-01-17T00:00:00Z,94007,163,26,62,141,1765,0,0
PAL9495,1995-01-17T00:00:00Z,94008,247,572,512,0,0,0,0
PAL9495,1995-01-17T00:00:00Z,94009,303,300,560,303,3755,0,0
PAL9495,1995-01-17T00:00:00Z,94010,80,210,162,0,0,0,0
PAL9495,1995-01-22T00:00:00Z,94011,184,52,155,352,1900,0,0
PAL9495,1995-01-22T00:00:00Z,94012,200,320,401,0,0,0,0
PAL9495,1995-01-22T00:00:00Z,94013,234,659,468,0,0,0,0
PAL9495,1995-01-22T00:00:00Z,94014,225,360,468,0,0,0,0
PAL9495,1995-01-22T00:00:00Z,94015,350,588,811,0,0,2,1
PAL9495,1995-01-27T00:00:00Z,94016,184,654,340,0,0,0,0
PAL9495,1995-01-27T00:00:00Z,94017,355,825,553,0,0,0,0
PAL9495,1995-01-27T00:00:00Z,94018,206,336,418,0,0,0,0
PAL9495,1995-01-27T00:00:00Z,94019,250,440,469,0,0,0,0
PAL9495,1995-01-27T00:00:00Z,94020,168,445,197,65,780,3,1
PAL9495,1995-02-02T00:00:00Z,94021,253,603,441,0,0,0,0
PAL9495,1995-02-02T00:00:00Z,94022,188,240,180,57,444,1,1
PAL9495,1995-02-02T00:00:00Z,94023,232,332,365,0,0,0,0
PAL9495,1995-02-02T00:00:00Z,94024,211,541,361,0,0,0,0
PAL9495,1995-02-02T00:00:00Z,94025,252,612,449,0,0,0,0
PAL9495,1995-02-06T00:00:00Z,94026,207,327,421,0,0,0,0
PAL9495,1995-02-06T00:00:00Z,94027,285,765,570,0,0,0,0
PAL9495,1995-02-06T00:00:00Z,94028,171,415,256,1,12,0,0
PAL9495,1995-02-06T00:00:00Z,94029,184,514,374,0,0,0,0
PAL9495,1995-02-06T00:00:00Z,94030,208,403,416,0,0,0,0
PAL9495,1995-02-13T00:00:00Z,94031,218,461,383,1,12,1,1
PAL9495,1995-02-13T00:00:00Z,94032,328,738,586,0,0,0,0
PAL9495,1995-02-13T00:00:00Z,94033,103,102,170,0,0,1,1
PAL9495,1995-02-13T00:00:00Z,94034,317,706,540,0,0,1,1
PAL9495,1995-02-13T00:00:00Z,94035,229,473,133,0,0,6,1
PAL9495,1995-02-18T00:00:00Z,94036,212,416,360,0,0,1,1
PAL9495,1995-02-18T00:00:00Z,94037,218,366,454,1,12,1,1
PAL9495,1995-02-18T00:00:00Z,94038,207,372,404,0,0,0,0
PAL9495,1995-02-18T00:00:00Z,94039,136,344,230,1,12,0,0
PAL9495,1995-02-18T00:00:00Z,94040,247,427,477,0,0,0,0
PAL9596,1996-01-11T00:00:00Z,95001,195,195,287,0,0,0,0
PAL9596,1996-01-11T00:00:00Z,95002,191,191,224,0,0,0,0
PAL9596,1996-01-11T00:00:00Z,95003,147,342,220,0,0,0,0
PAL9596,1996-01-11T00:00:00Z,95004,215,215,328,0,0,0,0
PAL9596,1996-01-11T00:00:00Z,95005,243,238,466,5,60,0,0
PAL9596,1996-01-16T00:00:00Z,95006,185,185,289,0,0,0,0
PAL9596,1996-01-16T00:00:00Z,95007,213,213,713,0,0,0,0
PAL9596,1996-01-16T00:00:00Z,95008,272,270,350,0,0,2,1
PAL9596,1996-01-16T00:00:00Z,95009,204,203,392,0,0,1,1
PAL9596,1996-01-16T00:00:00Z,95010,197,195,338,0,0,1,1
PAL9596,1996-01-22T00:00:00Z,95011,300,300,988,0,0,0,0
PAL9596,1996-01-22T00:00:00Z,95012,65,212,528,0,0,15,1
PAL9596,1996-01-22T00:00:00Z,95013,332,332,690,0,0,0,0
PAL9596,1996-01-22T00:00:00Z,95014,379,187,291,187,2244,2,1
PAL9596,1996-01-22T00:00:00Z,95015,259,343,687,150,1800,3,1
PAL9596,1996-01-27T00:00:00Z,95016,215,349,860,0,0,1,1
PAL9596,1996-01-27T00:00:00Z,95017,277,276,426,0,0,0,0
PAL9596,1996-01-27T00:00:00Z,95018,259,259,426,0,0,0,0
PAL9596,1996-01-27T00:00:00Z,95019,175,115,175,58,696,0,0
PAL9596,1996-01-27T00:00:00Z,95020,155,153,220,58,696,0,0
PAL9596,1996-02-01T00:00:00Z,95021,140,49,42,108,1296,0,0
PAL9596,1996-02-01T00:00:00Z,95022,203,192,358,0,0,21,1
PAL9596,1996-02-01T00:00:00Z,95023,137,129,168,0,0,8,1
PAL9596,1996-02-01T00:00:00Z,95024,141,160,267,0,0,1,1
PAL9596,1996-02-01T00:00:00Z,95025,237,601,314,0,0,6,1
PAL9596,1996-02-06T00:00:00Z,95026,191,190,278,0,0,0,0
PAL9596,1996-02-06T00:00:00Z,95027,245,241,448,0,0,3,1
PAL9596,1996-02-06T00:00:00Z,95028,130,130,159,0,0,0,0
PAL9596,1996-02-06T00:00:00Z,95029,258,248,810,0,0,0,0
PAL9596,1996-02-06T00:00:00Z,95030,141,141,371,0,0,0,0
PAL9596,1996-02-11T00:00:00Z,95031,150,300,342,0,0,0,0
PAL9596,1996-02-11T00:00:00Z,95032,232,356,576,0,0,6,1
PAL9596,1996-02-11T00:00:00Z,95033,166,161,540,0,0,4,1
PAL9596,1996-02-11T00:00:00Z,95034,154,140,190,2,24,10,3
PAL9596,1996-02-11T00:00:00Z,95035,152,297,395,0,0,0,0
PAL9596,1996-02-17T00:00:00Z,95036,142,227,336,0,0,0,0
PAL9596,1996-02-17T00:00:00Z,95037,209,22,12,388,3860,2,1
PAL9596,1996-02-17T00:00:00Z,95038,162,120,214,27,540,8,1
PAL9596,1996-02-17T00:00:00Z,95039,287,427,411,0,0,10,1
PAL9596,1996-02-17T00:00:00Z,95040,366,366,610,0,0,0,0
PAL9697,1997-01-06T00:00:00Z,96001,109,109,509,0,0,0,0
PAL9697,1997-01-06T00:00:00Z,96002,144,399,669,0,0,0,0
PAL9697,1997-01-06T00:00:00Z,96003,193,193,660,0,0,0,0
PAL9697,1997-01-06T00:00:00Z,96004,198,468,737,0,0,0,0
PAL9697,1997-01-06T00:00:00Z,96005,124,324,653,0,0,0,0
PAL9697,1997-01-11T00:00:00Z,96006,160,160,475,1,12,0,0
PAL9697,1997-01-11T00:00:00Z,96007,145,205,495,0,0,0,0
PAL9697,1997-01-11T00:00:00Z,96008,203,297,783,1,12,0,0
PAL9697,1997-01-11T00:00:00Z,96009,182,292,480,0,0,0,0
PAL9697,1997-01-11T00:00:00Z,96010,157,405,758,1,12,0,0
PAL9697,1997-01-16T00:00:00Z,96011,265,380,966,0,0,0,0
PAL9697,1997-01-16T00:00:00Z,96012,187,367,655,0,0,0,0
PAL9697,1997-01-16T00:00:00Z,96013,180,180,643,0,0,0,0
PAL9697,1997-01-16T00:00:00Z,96014,235,400,552,0,0,0,0
PAL9697,1997-01-16T00:00:00Z,96015,307,562,876,0,0,0,0
PAL9697,1997-01-21T00:00:00Z,96016,283,583,1184,0,0,0,0
PAL9697,1997-01-21T00:00:00Z,96017,87,87,423,0,0,0,0
PAL9697,1997-01-21T00:00:00Z,96018,212,362,534,0,0,0,0
PAL9697,1997-01-21T00:00:00Z,96019,167,277,705,0,0,0,0
PAL9697,1997-01-21T00:00:00Z,96020,321,411,988,0,0,0,0
PAL9697,1997-01-26T00:00:00Z,96021,270,270,855,0,0,0,0
PAL9697,1997-01-26T00:00:00Z,96022,202,450,757,0,0,2,1
PAL9697,1997-01-26T00:00:00Z,96023,275,400,670,225,2700,0,0
PAL9697,1997-01-26T00:00:00Z,96024,320,400,852,245,2940,0,0
PAL9697,1997-01-26T00:00:00Z,96025,214,354,1095,0,0,0,0
PAL9697,1997-01-31T00:00:00Z,96026,199,669,730,0,0,0,0
PAL9697,1997-01-31T00:00:00Z,96027,235,695,847,0,0,0,0
PAL9697,1997-01-31T00:00:00Z,96028,185,235,672,0,0,0,0
PAL9697,1997-01-31T00:00:00Z,96029,376,476,1547,0,0,0,0
PAL9697,1997-01-31T00:00:00Z,96030,136,286,335,0,0,0,0
PAL9697,1997-02-05T00:00:00Z,96031,273,698,1330,0,0,0,0
PAL9697,1997-02-05T00:00:00Z,96032,129,194,282,0,0,0,0
PAL9697,1997-02-05T00:00:00Z,96033,249,457,863,0,0,2,1
PAL9697,1997-02-05T00:00:00Z,96034,260,530,660,0,0,0,0
PAL9697,1997-02-05T00:00:00Z,96035,323,502,607,0,0,1,1
PAL9697,1997-02-10T00:00:00Z,96036,317,697,704,0,0,0,0
PAL9697,1997-02-10T00:00:00Z,96037,202,462,808,0,0,0,0
PAL9697,1997-02-10T00:00:00Z,96038,221,351,654,0,0,0,0
PAL9697,1997-02-10T00:00:00Z,96039,271,271,892,0,0,0,0
PAL9697,1997-02-10T00:00:00Z,96040,216,626,816,0,0,0,0
PAL9697,1997-02-15T00:00:00Z,96041,320,420,1341,0,0,0,0
PAL9697,1997-02-15T00:00:00Z,96042,246,346,666,0,0,0,0
PAL9697,1997-02-15T00:00:00Z,96043,135,145,464,0,0,0,0
PAL9697,1997-02-15T00:00:00Z,96044,146,271,504,0,0,0,0
PAL9697,1997-02-15T00:00:00Z,96045,275,374,921,0,0,1,1
PAL9798,1998-01-06T00:00:00Z,97001,142,177,525,0,0,0,0
PAL9798,1998-01-06T00:00:00Z,97002,174,289,568,0,0,0,0
PAL9798,1998-01-06T00:00:00Z,97003,163,243,720,0,0,0,0
PAL9798,1998-01-06T00:00:00Z,97004,142,177,828,0,0,0,0
PAL9798,1998-01-06T00:00:00Z,97005,187,232,1201,0,0,0,0
PAL9798,1998-01-11T00:00:00Z,97006,439,434,1598,60,720,0,0
PAL9798,1998-01-11T00:00:00Z,97007,192,422,658,0,0,0,0
PAL9798,1998-01-11T00:00:00Z,97008,109,158,402,16,192,0,0
PAL9798,1998-01-11T00:00:00Z,97009,230,305,829,0,0,0,0
PAL9798,1998-01-11T00:00:00Z,97010,137,116,505,20,240,0,0
PAL9798,1998-01-16T00:00:00Z,97011,103,103,511,0,0,0,0
PAL9798,1998-01-16T00:00:00Z,97012,134,444,433,0,0,0,0
PAL9798,1998-01-16T00:00:00Z,97013,110,110,448,0,0,0,0
PAL9798,1998-01-16T00:00:00Z,97014,280,385,1444,0,0,0,0
PAL9798,1998-01-16T00:00:00Z,97015,232,232,899,0,0,0,0
PAL9798,1998-01-21T00:00:00Z,97016,240,420,707,0,0,0,0
PAL9798,1998-01-21T00:00:00Z,97017,202,522,673,0,0,0,0
PAL9798,1998-01-21T00:00:00Z,97018,235,455,673,0,0,0,0
PAL9798,1998-01-21T00:00:00Z,97019,265,485,964,0,0,0,0
PAL9798,1998-01-21T00:00:00Z,97020,200,550,722,0,0,0,0
PAL9798,1998-01-26T00:00:00Z,97021,195,365,498,0,0,0,0
PAL9798,1998-01-26T00:00:00Z,97022,187,437,907,0,0,0,0
PAL9798,1998-01-26T00:00:00Z,97023,238,238,849,0,0,0,0
PAL9798,1998-01-26T00:00:00Z,97024,142,342,455,0,0,0,0
PAL9798,1998-01-26T00:00:00Z,97025,275,305,1372,0,0,0,0
PAL9798,1998-01-31T00:00:00Z,97026,153,278,464,0,0,0,0
PAL9798,1998-01-31T00:00:00Z,97027,182,342,609,0,0,0,0
PAL9798,1998-01-31T00:00:00Z,97028,221,220,684,0,0,0,0
PAL9798,1998-01-31T00:00:00Z,97029,164,289,481,0,0,0,0
PAL9798,1998-01-31T00:00:00Z,97030,222,546,610,0,0,0,0
PAL9798,1998-02-05T00:00:00Z,97031,286,441,868,0,0,0,0
PAL9798,1998-02-05T00:00:00Z,97032,196,306,567,0,0,0,0
PAL9798,1998-02-05T00:00:00Z,97033,249,503,686,0,0,0,0
PAL9798,1998-02-05T00:00:00Z,97034,330,390,1143,0,0,0,0
PAL9798,1998-02-05T00:00:00Z,97035,176,205,585,0,0,0,0
PAL9798,1998-02-10T00:00:00Z,97036,180,340,401,0,0,0,0
PAL9798,1998-02-10T00:00:00Z,97037,272,448,693,99,1188,0,0
PAL9798,1998-02-10T00:00:00Z,97038,196,193,282,128,1536,0,0
PAL9798,1998-02-10T00:00:00Z,97039,107,457,479,0,0,0,0
PAL9798,1998-02-10T00:00:00Z,97040,175,500,462,0,0,0,0
PAL9798,1998-02-15T00:00:00Z,97041,228,318,638,0,0,0,0
PAL9798,1998-02-15T00:00:00Z,97042,218,343,685,0,0,0,0
PAL9798,1998-02-15T00:00:00Z,97043,229,404,640,0,0,0,0
PAL9798,1998-02-15T00:00:00Z,97044,239,364,718,0,0,0,0
PAL9798,1998-02-15T00:00:00Z,97045,363,387,995,0,0,1,1
PAL9798,1998-02-20T00:00:00Z,97046,240,289,577,0,0,1,1
PAL9798,1998-02-20T00:00:00Z,97047,126,126,372,0,0,0,0
PAL9798,1998-02-20T00:00:00Z,97048,253,368,659,0,0,10,1
PAL9798,1998-02-20T00:00:00Z,97049,175,200,447,0,0,0,0
PAL9798,1998-02-20T00:00:00Z,97050,192,397,532,0,0,0,0
PAL9899,1999-01-06T00:00:00Z,98001,154,404,500,0,0,0,0
PAL9899,1999-01-06T00:00:00Z,98002,148,413,436,0,0,0,0
PAL9899,1999-01-06T00:00:00Z,98003,199,379,668,0,0,0,0
PAL9899,1999-01-06T00:00:00Z,98004,180,205,402,0,0,0,0
PAL9899,1999-01-06T00:00:00Z,98005,144,285,435,0,0,0,0
PAL9899,1999-01-11T00:00:00Z,98006,208,398,627,0,0,0,0
PAL9899,1999-01-11T00:00:00Z,98007,139,244,443,0,0,0,0
PAL9899,1999-01-11T00:00:00Z,98008,161,316,433,0,0,0,0
PAL9899,1999-01-11T00:00:00Z,98009,210,340,520,0,0,0,0
PAL9899,1999-01-11T00:00:00Z,98010,139,279,325,0,0,0,0
PAL9899,1999-01-16T00:00:00Z,98011,204,394,614,0,0,0,0
PAL9899,1999-01-16T00:00:00Z,98012,173,573,499,0,0,0,0
PAL9899,1999-01-16T00:00:00Z,98013,197,312,555,30,330,0,0
PAL9899,1999-01-16T00:00:00Z,98014,276,401,618,0,0,0,0
PAL9899,1999-01-16T00:00:00Z,98015,166,336,473,0,0,0,0
PAL9899,1999-01-21T00:00:00Z,98016,206,185,499,70,770,1,1
PAL9899,1999-01-21T00:00:00Z,98017,257,357,731,0,0,0,0
PAL9899,1999-01-21T00:00:00Z,98018,153,343,485,0,0,0,0
PAL9899,1999-01-21T00:00:00Z,98019,159,259,371,0,0,0,0
PAL9899,1999-01-21T00:00:00Z,98020,240,640,447,0,0,0,0
PAL9899,1999-01-26T00:00:00Z,98021,160,310,387,0,0,0,0
PAL9899,1999-01-26T00:00:00Z,98022,249,364,629,0,0,0,0
PAL9899,1999-01-26T00:00:00Z,98023,146,321,355,0,0,0,0
PAL9899,1999-01-26T00:00:00Z,98024,208,358,695,0,0,0,0
PAL9899,1999-01-26T00:00:00Z,98025,225,450,603,0,0,0,0
PAL9899,1999-02-01T00:00:00Z,98026,263,368,510,0,0,0,0
PAL9899,1999-02-01T00:00:00Z,98027,183,393,434,0,0,0,0
PAL9899,1999-02-01T00:00:00Z,98028,318,452,938,0,0,0,0
PAL9899,1999-02-01T00:00:00Z,98029,207,357,553,0,0,0,0
PAL9899,1999-02-01T00:00:00Z,98030,272,442,640,0,0,0,0
PAL9899,1999-02-05T00:00:00Z,98031,204,204,476,0,0,0,0
PAL9899,1999-02-05T00:00:00Z,98032,218,388,544,0,0,0,0
PAL9899,1999-02-05T00:00:00Z,98033,136,241,344,0,0,0,0
PAL9899,1999-02-05T00:00:00Z,98034,138,263,305,0,0,0,0
PAL9899,1999-02-05T00:00:00Z,98035,152,297,335,0,0,0,0
PAL9899,1999-02-11T00:00:00Z,98036,451,501,928,0,0,0,0
PAL9899,1999-02-11T00:00:00Z,98037,258,393,544,0,0,0,0
PAL9899,1999-02-11T00:00:00Z,98038,245,320,481,0,0,0,0
PAL9899,1999-02-11T00:00:00Z,98039,279,469,507,0,0,0,0
PAL9899,1999-02-11T00:00:00Z,98040,181,296,411,0,0,0,0
PAL9899,1999-02-16T00:00:00Z,98041,268,528,536,0,0,0,0
PAL9899,1999-02-16T00:00:00Z,98042,116,116,243,0,0,0,0
PAL9899,1999-02-16T00:00:00Z,98043,149,249,282,0,0,0,0
PAL9899,1999-02-16T00:00:00Z,98044,230,230,512,0,0,0,0
PAL9899,1999-02-16T00:00:00Z,98045,211,261,445,0,0,0,0
PAL9900,2000-01-09T00:00:00Z,99001,189,419,335,0,0,0,0
PAL9900,2000-01-09T00:00:00Z,99002,120,120,208,0,0,0,0
PAL9900,2000-01-09T00:00:00Z,99003,224,274,432,0,0,0,0
PAL9900,2000-01-09T00:00:00Z,99004,199,284,391,0,0,0,0
PAL9900,2000-01-09T00:00:00Z,99005,211,211,420,0,0,0,0
PAL9900,2000-01-13T00:00:00Z,99006,294,294,428,0,0,0,0
PAL9900,2000-01-13T00:00:00Z,99007,129,129,189,0,0,0,0
PAL9900,2000-01-13T00:00:00Z,99008,285,577,549,0,0,0,0
PAL9900,2000-01-13T00:00:00Z,99009,142,245,282,0,0,0,0
PAL9900,2000-01-13T00:00:00Z,99010,245,585,331,0,0,0,0
PAL9900,2000-01-18T00:00:00Z,99011,206,286,287,0,0,0,0
PAL9900,2000-01-18T00:00:00Z,99012,254,454,395,0,0,0,0
PAL9900,2000-01-18T00:00:00Z,99013,153,333,219,0,0,0,0
PAL9900,2000-01-18T00:00:00Z,99014,157,312,348,0,0,0,0
PAL9900,2000-01-18T00:00:00Z,99015,195,315,239,0,0,0,0
PAL9900,2000-01-25T00:00:00Z,99016,208,208,356,0,0,0,0
PAL9900,2000-01-25T00:00:00Z,99017,221,221,418,0,0,0,0
PAL9900,2000-01-25T00:00:00Z,99018,151,231,237,0,0,0,0
PAL9900,2000-01-25T00:00:00Z,99019,114,174,196,0,0,0,0
PAL9900,2000-01-25T00:00:00Z,99020,160,305,297,0,0,0,0
PAL9900,2000-01-29T00:00:00Z,99021,133,218,275,0,0,0,0
PAL9900,2000-01-29T00:00:00Z,99022,161,161,308,0,0,0,0
PAL9900,2000-01-29T00:00:00Z,99023,261,381,447,0,0,0,0
PAL9900,2000-01-29T00:00:00Z,99024,180,229,286,0,0,1,1
PAL9900,2000-01-29T00:00:00Z,99025,349,349,578,0,0,0,0
PAL9900,2000-02-04T00:00:00Z,99026,90,89,116,0,0,1,1
PAL9900,2000-02-04T00:00:00Z,99027,168,503,337,0,0,0,0
PAL9900,2000-02-04T00:00:00Z,99028,214,213,281,0,0,1,1
PAL9900,2000-02-04T00:00:00Z,99029,235,235,504,0,0,0,0
PAL9900,2000-02-04T00:00:00Z,99030,195,193,265,0,0,2,1
PAL9900,2000-02-07T00:00:00Z,99031,175,265,298,1,8,4,1
PAL9900,2000-02-07T00:00:00Z,99032,198,198,351,0,0,0,0
PAL9900,2000-02-07T00:00:00Z,99033,272,449,459,0,0,3,1
PAL9900,2000-02-07T00:00:00Z,99034,273,438,471,0,0,0,0
PAL9900,2000-02-07T00:00:00Z,99035,206,231,385,0,0,0,0
PAL9900,2000-02-11T00:00:00Z,99036,248,448,423,0,0,0,0
PAL9900,2000-02-11T00:00:00Z,99037,230,395,433,0,0,0,0
PAL9900,2000-02-11T00:00:00Z,99038,243,323,432,0,0,0,0
PAL9900,2000-02-11T00:00:00Z,99039,280,455,437,0,0,0,0
PAL9900,2000-02-11T00:00:00Z,99040,257,417,449,0,0,0,0
PAL0001,2000-12-27T00:00:00Z,1,134,329,380,0,0,0,0
PAL0001,2000-12-27T00:00:00Z,2,92,112,143,0,0,0,0
PAL0001,2000-12-27T00:00:00Z,3,246,326,451,0,0,0,0
PAL0001,2000-12-27T00:00:00Z,4,77,76,96,0,0,0,0
PAL0001,2000-12-27T00:00:00Z,5,256,361,617,0,0,0,0
PAL0001,2001-01-09T00:00:00Z,6,261,446,603,0,0,0,0
PAL0001,2001-01-09T00:00:00Z,7,198,346,367,0,0,2,1
PAL0001,2001-01-09T00:00:00Z,8,186,411,408,0,0,0,0
PAL0001,2001-01-09T00:00:00Z,9,283,473,509,0,0,0,0
PAL0001,2001-01-09T00:00:00Z,10,280,530,516,0,0,5,1
PAL0001,2001-01-12T00:00:00Z,11,258,120,112,138,3820,0,0
PAL0001,2001-01-12T00:00:00Z,12,48,48,48,0,0,0,0
PAL0001,2001-01-12T00:00:00Z,13,263,254,309,0,0,9,1
PAL0001,2001-01-12T00:00:00Z,14,179,229,439,0,0,0,0
PAL0001,2001-01-12T00:00:00Z,15,239,236,236,0,0,1,1
PAL0001,2001-01-18T00:00:00Z,16,302,517,275,0,0,0,0
PAL0001,2001-01-18T00:00:00Z,17,170,345,114,0,0,0,0
PAL0001,2001-01-18T00:00:00Z,18,166,425,211,0,0,1,1
PAL0001,2001-01-18T00:00:00Z,19,148,148,214,0,0,0,0
PAL0001,2001-01-18T00:00:00Z,20,256,256,409,0,0,0,0
PAL0001,2001-01-24T00:00:00Z,21,180,205,381,0,0,0,0
PAL0001,2001-01-24T00:00:00Z,22,216,275,251,0,0,1,1
PAL0001,2001-01-24T00:00:00Z,23,204,176,219,88,1232,3,1
PAL0001,2001-01-24T00:00:00Z,24,188,283,214,0,0,0,0
PAL0001,2001-01-24T00:00:00Z,25,141,140,167,0,0,1,1
PAL0001,2001-01-30T00:00:00Z,26,316,621,781,0,0,0,0
PAL0001,2001-01-30T00:00:00Z,27,267,104,101,313,2504,5,1
PAL0001,2001-01-30T00:00:00Z,28,516,706,548,0,0,0,0
PAL0001,2001-01-30T00:00:00Z,29,193,8,11,348,2784,1,1
PAL0001,2001-01-30T00:00:00Z,30,298,508,334,0,0,0,0
PAL0001,2001-02-03T00:00:00Z,31,100,94,98,1,6,3,1
PAL0001,2001-02-03T00:00:00Z,32,226,200,417,24,208,1,1
PAL0001,2001-02-03T00:00:00Z,33,154,146,140,120,790,4,1
PAL0001,2001-02-03T00:00:00Z,34,75,380,94,1,8,3,1
PAL0001,2001-02-03T00:00:00Z,35,198,392,892,0,0,1,1
PAL0001,2001-02-10T00:00:00Z,36,326,636,926,0,0,5,1
PAL0001,2001-02-10T00:00:00Z,37,223,542,326,0,0,1,1
PAL0001,2001-02-10T00:00:00Z,38,176,315,223,0,0,0,0
PAL0001,2001-02-10T00:00:00Z,39,241,238,740,0,0,3,1
PAL0001,2001-02-10T00:00:00Z,40,146,846,135,0,0,0,0
PAL0001,2001-02-15T00:00:00Z,41,275,425,403,0,0,0,0
PAL0001,2001-02-15T00:00:00Z,42,314,618,356,0,0,1,1
PAL0001,2001-02-15T00:00:00Z,43,173,334,194,0,0,4,1
PAL0001,2001-02-15T00:00:00Z,44,240,288,351,0,0,1,1
PAL0001,2001-02-15T00:00:00Z,45,302,352,384,0,0,0,0
PAL0102,2001-12-05T00:00:00Z,1001,37,47,112,0,0,0,0
PAL0102,2001-12-05T00:00:00Z,1002,74,85,288,0,0,0,0
PAL0102,2001-12-05T00:00:00Z,1003,0,0,0,0,0,0,0
PAL0102,2001-12-05T00:00:00Z,1004,33,33,64,0,0,0,0
PAL0102,2001-12-28T00:00:00Z,1005,262,296,636,0,0,6,0
PAL0102,2001-12-28T00:00:00Z,1006,151,146,211,0,0,5,0
PAL0102,2001-12-28T00:00:00Z,1007,115,185,228,0,0,10,0
PAL0102,2001-12-28T00:00:00Z,1008,30,17,34,0,0,5,0
PAL0102,2001-12-28T00:00:00Z,1009,126,137,216,0,0,1,0
PAL0102,2002-01-07T00:00:00Z,1010,0,0,0,0,0,0,0
PAL0102,2002-01-07T00:00:00Z,1011,368,368,1147,0,0,0,0
PAL0102,2002-01-07T00:00:00Z,1012,241,295,874,0,0,0,0
PAL0102,2002-01-07T00:00:00Z,1013,167,223,485,0,0,12,0
PAL0102,2002-01-07T00:00:00Z,1014,170,330,680,0,0,0,0
PAL0102,2002-01-15T00:00:00Z,1015,226,225,1374,0,0,1,0
PAL0102,2002-01-15T00:00:00Z,1016,197,442,847,0,0,0,0
PAL0102,2002-01-15T00:00:00Z,1017,115,225,164,0,0,0,0
PAL0102,2002-01-15T00:00:00Z,1018,365,363,747,0,0,2,0
PAL0102,2002-01-15T00:00:00Z,1019,323,372,1002,0,0,1,0
PAL0102,2002-01-21T00:00:00Z,1020,85,356,117,0,0,4,0
PAL0102,2002-01-21T00:00:00Z,1021,84,71,101,3,18,10,0
PAL0102,2002-01-21T00:00:00Z,1022,156,471,187,0,0,25,0
PAL0102,2002-01-21T00:00:00Z,1023,237,807,487,0,0,50,0
PAL0102,2002-01-21T00:00:00Z,1024,116,191,253,0,0,0,0
PAL0102,2002-01-31T00:00:00Z,1025,173,320,435,0,0,23,0
PAL0102,2002-01-31T00:00:00Z,1026,213,102,150,0,0,110,0
PAL0102,2002-01-31T00:00:00Z,1027,256,383,434,0,0,108,0
PAL0102,2002-01-31T00:00:00Z,1028,112,45,45,2,12,65,0
PAL0102,2002-01-31T00:00:00Z,1029,265,248,260,8,48,125,0
PAL0102,2002-02-09T00:00:00Z,1030,153,17,7,0,0,136,0
PAL0102,2002-02-09T00:00:00Z,1031,495,325,438,0,0,158,0
PAL0102,2002-02-09T00:00:00Z,1032,216,293,126,0,0,59,0
PAL0102,2002-02-09T00:00:00Z,1033,261,526,891,0,0,5,0
PAL0102,2002-02-09T00:00:00Z,1034,485,357,1014,0,0,238,0
PAL0102,2002-02-22T00:00:00Z,1035,120,96,309,3,18,20,0
PAL0102,2002-02-22T00:00:00Z,1036,0,40,0,0,0,10,0
PAL0102,2002-02-22T00:00:00Z,1037,245,240,620,0,0,5,0
PAL0203,2002-12-10T00:00:00Z,2001,105,190,427,0,0,0,0
PAL0203,2002-12-10T00:00:00Z,2002,194,303,679,0,0,1,1
PAL0203,2002-12-10T00:00:00Z,2003,58,128,286,0,0,0,0
PAL0203,2002-12-10T00:00:00Z,2004,146,220,646,0,0,0,0
PAL0203,2002-12-10T00:00:00Z,2005,72,99,293,0,0,0,0
PAL0203,2002-12-22T00:00:00Z,2006,74,73,236,0,0,0,0
PAL0203,2002-12-22T00:00:00Z,2007,0,0,0,0,0,0,0
PAL0203,2002-12-22T00:00:00Z,2008,34,34,151,0,0,0,0
PAL0203,2002-12-22T00:00:00Z,2009,53,63,166,0,0,0,0
PAL0203,2002-12-22T00:00:00Z,2010,195,275,912,0,0,0,0
PAL0203,2002-12-29T00:00:00Z,2011,159,249,512,0,0,0,0
PAL0203,2002-12-29T00:00:00Z,2012,154,154,698,0,0,0,0
PAL0203,2002-12-29T00:00:00Z,2013,22,147,130,0,0,0,0
PAL0203,2002-12-29T00:00:00Z,2014,140,155,675,0,0,0,0
PAL0203,2002-12-29T00:00:00Z,2015,151,216,628,0,0,0,0
PAL0203,2003-01-05T00:00:00Z,2016,149,174,496,0,0,0,0
PAL0203,2003-01-05T00:00:00Z,2017,337,542,1380,0,0,0,0
PAL0203,2003-01-05T00:00:00Z,2018,165,273,375,1,1,0,0
PAL0203,2003-01-05T00:00:00Z,2019,236,236,1390,0,0,0,0
PAL0203,2003-01-05T00:00:00Z,2020,182,292,987,0,0,0,0
PAL0203,2003-01-15T00:00:00Z,2021,191,306,947,0,0,0,0
PAL0203,2003-01-15T00:00:00Z,2022,177,176,551,0,0,0,0
PAL0203,2003-01-15T00:00:00Z,2023,195,320,827,0,0,0,0
PAL0203,2003-01-15T00:00:00Z,2024,368,548,910,0,0,0,0
PAL0203,2003-01-27T00:00:00Z,2025,104,103,385,0,0,0,0
PAL0203,2003-01-27T00:00:00Z,2026,215,300,820,0,0,0,0
PAL0203,2003-01-27T00:00:00Z,2027,83,173,367,0,0,0,0
PAL0203,2003-01-27T00:00:00Z,2028,214,522,890,0,0,2,1
PAL0203,2003-01-27T00:00:00Z,2029,80,186,319,0,0,0,0
PAL0203,2003-02-10T00:00:00Z,2030,352,352,1108,0,0,0,0
PAL0203,2003-02-10T00:00:00Z,2031,179,264,506,0,0,0,0
PAL0203,2003-02-10T00:00:00Z,2032,202,302,502,0,0,0,0
PAL0203,2003-02-10T00:00:00Z,2033,60,60,124,0,0,0,0
PAL0304,2004-01-15T00:00:00Z,3001,248,458,826,0,0,0,0
PAL0304,2004-01-15T00:00:00Z,3002,147,242,462,0,0,0,0
PAL0304,2004-01-15T00:00:00Z,3003,180,180,530,0,0,0,0
PAL0304,2004-01-15T00:00:00Z,3004,82,252,272,0,0,0,0
PAL0304,2004-01-15T00:00:00Z,3005,219,354,1186,0,0,0,0
PAL0304,2004-01-25T00:00:00Z,3006,312,342,1005,0,0,0,0
PAL0304,2004-01-25T00:00:00Z,3007,89,89,247,0,0,0,0
PAL0304,2004-01-25T00:00:00Z,3008,78,78,275,0,0,0,0
PAL0304,2004-01-25T00:00:00Z,3009,153,298,430,0,0,0,0
PAL0304,2004-01-25T00:00:00Z,3010,138,198,762,0,0,0,0
PAL0304,2004-02-05T00:00:00Z,3011,221,311,593,0,0,0,0
PAL0304,2004-02-05T00:00:00Z,3012,101,247,273,2,0,2,5
PAL0304,2004-02-05T00:00:00Z,3013,160,441,275,0,0,0,0
PAL0304,2004-02-05T00:00:00Z,3014,262,337,661,0,0,0,0
PAL0304,2004-02-05T00:00:00Z,3015,79,149,159,10,0,20,1
PAL0405,2005-01-12T00:00:00Z,4001,299,299,526,0,0,0,0
PAL0405,2005-01-12T00:00:00Z,4002,217,426,484,0,0,0,0
PAL0405,2005-01-12T00:00:00Z,4003,205,445,459,0,0,0,0
PAL0405,2005-01-12T00:00:00Z,4004,179,274,381,0,0,0,0
PAL0405,2005-01-12T00:00:00Z,4005,249,354,488,0,0,0,0
PAL0405,2005-01-21T00:00:00Z,4006,193,421,404,0,0,0,0
PAL0405,2005-01-21T00:00:00Z,4007,231,392,441,0,0,25,4
PAL0405,2005-01-21T00:00:00Z,4008,198,198,381,0,0,0,0
PAL0405,2005-01-21T00:00:00Z,4009,148,378,317,0,0,0,0
PAL0405,2005-01-21T00:00:00Z,4010,161,161,316,0,0,1,0
PAL0405,2005-02-01T00:00:00Z,4011,255,252,564,0,0,3,0
PAL0405,2005-02-01T00:00:00Z,4012,157,222,353,0,0,0,0
PAL0405,2005-02-01T00:00:00Z,4013,268,663,549,0,0,0,0
PAL0405,2005-02-01T00:00:00Z,4014,163,53,106,107,0,0,0
PAL0405,2005-02-01T00:00:00Z,4015,146,315,219,0,0,0,0
PAL0506,2005-12-27T00:00:00Z,5001,0,0,0,0,0,0,0
PAL0506,2005-12-27T00:00:00Z,5002,143,20,25,123,0,0,0
PAL0506,2005-12-27T00:00:00Z,5003,291,148,228,143,0,0,0
PAL0506,2005-12-27T00:00:00Z,5004,249,171,264,74,0,0,0
PAL0506,2005-12-27T00:00:00Z,5005,150,149,234,0,0,0,0
PAL0506,2005-12-27T00:00:00Z,5006,177,172,247,0,0,3,0
PAL0506,2006-01-11T00:00:00Z,5007,228,228,341,0,0,0,0
PAL0506,2006-01-11T00:00:00Z,5008,196,196,247,0,0,0,0
PAL0506,2006-01-11T00:00:00Z,5009,216,7,6,208,0,0,0
PAL0506,2006-01-11T00:00:00Z,5010,129,129,195,0,0,0,0
PAL0506,2006-01-11T00:00:00Z,5011,172,170,328,0,0,2,0
PAL0506,2006-01-25T00:00:00Z,5012,160,0,0,160,0,0,0
PAL0506,2006-01-25T00:00:00Z,5013,300,0,0,300,0,1,0
PAL0506,2006-01-30T00:00:00Z,5014,115,104,104,0,0,10,0
PAL0506,2006-01-30T00:00:00Z,5015,135,126,159,8,0,9,0
PAL0607,2007-01-06T00:00:00Z,6001,132.7,132.7,454,0,0,0,0
PAL0607,2007-01-06T00:00:00Z,6002,134.1,134.1,500,0,0,0,0
PAL0607,2007-01-06T00:00:00Z,6003,219.2,219.2,1218,0,0,0,0
PAL0607,2007-01-06T00:00:00Z,6004,225.7,225.7,1918,0,0,0,0
PAL0607,2007-01-06T00:00:00Z,6005,69.1,69.1,104,0,0,0,0
PAL0607,2007-01-13T00:00:00Z,6006,179,179,585,0,0,0,0
PAL0607,2007-01-13T00:00:00Z,6007,188,188,686,0,0,0,0
PAL0607,2007-01-13T00:00:00Z,6008,205.6,205.6,554,0,0,0,0
PAL0607,2007-01-13T00:00:00Z,6009,188.8,188.8,458,0,0,0,0
PAL0607,2007-01-13T00:00:00Z,6010,219.2,218.2,736,0,0,0,0
PAL0607,2007-01-19T00:00:00Z,6011,199.5,199.5,326,0,0,0,0
PAL0607,2007-01-19T00:00:00Z,6012,163.2,163.2,394,0,0,0,0
PAL0607,2007-01-19T00:00:00Z,6013,147.3,147.3,424,0,0,0,0
PAL0607,2007-01-19T00:00:00Z,6014,296.5,296.5,1009,0,0,0,0
PAL0607,2007-01-19T00:00:00Z,6015,107.6,106.6,322,0,0,0,0
PAL0607,2007-01-26T00:00:00Z,6016,279.3,279.3,965,0,0,0,0
PAL0607,2007-01-26T00:00:00Z,6017,276.1,276.1,365,0,0,0,0
PAL0607,2007-01-26T00:00:00Z,6018,96.2,96.2,107,0,0,0,0
PAL0607,2007-01-26T00:00:00Z,6019,258.7,257.5,494,0,0,0,0
PAL0607,2007-01-26T00:00:00Z,6020,237.8,237.8,748,0,0,0,0
PAL0607,2007-02-02T00:00:00Z,6021,301.8,301.8,1215,0,0,0,0
PAL0607,2007-02-02T00:00:00Z,6022,362.5,362.5,736,0,0,0,0
PAL0607,2007-02-02T00:00:00Z,6023,184.1,184.1,398,0,0,0,0
PAL0607,2007-02-02T00:00:00Z,6024,197.4,197.4,317,0,0,0,0
PAL0607,2007-02-02T00:00:00Z,6025,239.1,239.1,539,0,0,0,0
PAL0708,2008-01-04T00:00:00Z,7001,225.8,215.8,729,0,0,0,0
PAL0708,2008-01-04T00:00:00Z,7002,132.4,132.4,257,0,0,0,0
PAL0708,2008-01-04T00:00:00Z,7003,228.8,152.8,438,0,0,1,1
PAL0708,2008-01-04T00:00:00Z,7004,137,137,383,0,0,0,0
PAL0708,2008-01-04T00:00:00Z,7005,185.9,185.9,491,0,0,0,0
PAL0708,2008-01-11T00:00:00Z,7006,244.9,226.9,911,0,0,1,1
PAL0708,2008-01-11T00:00:00Z,7007,252.1,251.1,969,0,0,1,1
PAL0708,2008-01-11T00:00:00Z,7008,192.9,192.9,780,0,0,0,0
PAL0708,2008-01-11T00:00:00Z,7009,331.7,276.7,859,0,0,0,0
PAL0708,2008-01-11T00:00:00Z,7010,159.2,159.2,555,0,0,0,0
PAL0708,2008-01-18T00:00:00Z,7011,202.5,202.5,904,0,0,0,0
PAL0708,2008-01-18T00:00:00Z,7012,167.5,167.5,344,0,0,0,0
PAL0708,2008-01-18T00:00:00Z,7013,377.9,376.9,1461,0,0,1,1
PAL0708,2008-01-18T00:00:00Z,7014,398.2,193.2,748,0,0,0,0
PAL0708,2008-01-18T00:00:00Z,7015,153.5,117.5,302,0,0,1,1
PAL0708,2008-01-27T00:00:00Z,7016,213.9,213.9,902,0,0,0,0
PAL0708,2008-01-27T00:00:00Z,7017,181.6,181.6,499,0,0,0,0
PAL0708,2008-01-27T00:00:00Z,7018,218.7,218.7,650,0,0,0,0
PAL0708,2008-01-27T00:00:00Z,7019,348.2,227.2,563,0,0,1,1
PAL0708,2008-01-27T00:00:00Z,7020,140.9,139.9,369,0,0,1,1
PAL0708,2008-02-02T00:00:00Z,7021,430.7,224.7,877,0,0,1,1
PAL0708,2008-02-02T00:00:00Z,7022,214.6,153.6,549,0,0,1,1
PAL0708,2008-02-02T00:00:00Z,7023,153.3,153.3,529,0,0,0,0
PAL0708,2008-02-02T00:00:00Z,7024,182.5,96.5,214,0,0,1,1
PAL0708,2008-02-02T00:00:00Z,7025,308.9,253.9,887,0,0,0,0
PAL0809,2009-01-07T00:00:00Z,8001,180.4,180.4,747,0,0,0,0
PAL0809,2009-01-07T00:00:00Z,8002,182.7,161.7,408,0,0,1,1
PAL0809,2009-01-19T00:00:00Z,8003,318.6,318.6,693,0,0,0,0
PAL0809,2009-01-19T00:00:00Z,8004,3.7,3.7,16,0,0,0,0
PAL0809,2009-01-19T00:00:00Z,8005,145.5,145.5,215,0,0,0,0
PAL0809,2009-01-19T00:00:00Z,8006,232.5,232.5,483,0,0,0,0
PAL0809,2009-01-19T00:00:00Z,8007,264,263,980,0,0,1,1
PAL0809,2009-01-26T00:00:00Z,8008,75.4,75.4,173,0,0,0,0
PAL0809,2009-01-26T00:00:00Z,8009,150.1,150.1,374,0,0,0,0
PAL0809,2009-01-26T00:00:00Z,8010,24.8,24.8,84,0,0,0,0
PAL0809,2009-01-26T00:00:00Z,8011,78.9,78.9,213,0,0,0,0
PAL0809,2009-01-26T00:00:00Z,8012,137.3,137.3,335,0,0,0,0
PAL0809,2009-02-02T00:00:00Z,8013,174.3,174.3,457,0,0,0,0
PAL0809,2009-02-02T00:00:00Z,8014,224.8,224.8,346,0,0,0,0
PAL0809,2009-02-02T00:00:00Z,8015,86.8,86.8,166,0,0,0,0
PAL0809,2009-02-02T00:00:00Z,8016,79.6,79.6,125,0,0,0,0
PAL0809,2009-02-02T00:00:00Z,8017,99.6,98.6,215,0,0,1,1
PAL0910,2010-01-03T00:00:00Z,9001,87,86,212,0,0,1,0
PAL0910,2010-01-03T00:00:00Z,9002,100,130,205,0,0,0,0
PAL0910,2010-01-03T00:00:00Z,9003,70,69,115,0,0,1,0
PAL0910,2010-01-12T00:00:00Z,9004,103,183,329,0,0,0,0
PAL0910,2010-01-12T00:00:00Z,9005,91,91,169,0,0,0,0
PAL0910,2010-01-12T00:00:00Z,9006,224,247,468,2,10,0,0
PAL0910,2010-01-12T00:00:00Z,9007,156,204,308,0,0,0,0
PAL0910,2010-01-12T00:00:00Z,9008,116,141,407,0,0,1,0
PAL0910,2010-01-19T00:00:00Z,9009,258,282,458,0,0,1,0
PAL0910,2010-01-19T00:00:00Z,9010,253,342,397,0,0,1,0
PAL0910,2010-01-19T00:00:00Z,9011,91,152,159,0,0,4,0
PAL0910,2010-01-19T00:00:00Z,9012,318,342,477,0,0,1,0
PAL0910,2010-01-19T00:00:00Z,9013,331,475,548,0,0,1,0
PAL0910,2010-01-26T00:00:00Z,9014,209,209,351,0,0,0,0
PAL0910,2010-01-26T00:00:00Z,9015,216,253,362,0,0,1,0
PAL0910,2010-01-26T00:00:00Z,9016,162,208,272,18,90,1,0
PAL0910,2010-01-26T00:00:00Z,9017,77,147,186,0,0,0,0
PAL0910,2010-01-26T00:00:00Z,9018,202,201,388,0,0,1,0
PAL0910,2010-02-04T00:00:00Z,9019,205,304,641,1,NaN,1,0
PAL0910,2010-02-04T00:00:00Z,9020,348,348,697,0,0,0,0
PAL0910,2010-02-04T00:00:00Z,9021,267,386,592,0,0,1,0
PAL0910,2010-02-04T00:00:00Z,9022,246,371,470,0,0,0,0
PAL0910,2010-02-04T00:00:00Z,9023,104,103,195,0,0,1,0
PAL1011,2011-01-01T00:00:00Z,10001,324,162,507,162,2464,0,0
PAL1011,2011-01-01T00:00:00Z,10002,422,7,8,174,1392,1,1
PAL1011,2011-01-01T00:00:00Z,10003,311,8.1,14,302,2416,0,0
PAL1011,2011-01-01T00:00:00Z,10004,259,30,54,229,1832,0,0
PAL1011,2011-01-01T00:00:00Z,10005,241,240,248,0,0,1,1
PAL1011,2011-01-07T00:00:00Z,10006,193,11,12,183,1464,0,0
PAL1011,2011-01-07T00:00:00Z,10007,205,203,148,0,0,1,1
PAL1011,2011-01-07T00:00:00Z,10008,304,8,12,295,2360,1,1
PAL1011,2011-01-07T00:00:00Z,10009,326,325,1005,0,0,0,0
PAL1011,2011-01-07T00:00:00Z,10010,151,148,467,1,8,1,1
PAL1011,2011-01-15T00:00:00Z,10011,282,282,2209,0,0,0,0
PAL1011,2011-01-15T00:00:00Z,10012,119,119,534,0,0,0,0
PAL1011,2011-01-15T00:00:00Z,10013,272,215,263,57,456,0,0
PAL1011,2011-01-15T00:00:00Z,10014,214,213,596,0,0,1,1
PAL1011,2011-01-15T00:00:00Z,10015,194,194,360,0,0,0,0
PAL1011,2011-01-21T00:00:00Z,10016,200.7,43.6,108,157.1,1256.8,0,0
PAL1011,2011-01-21T00:00:00Z,10017,324,82,97,241,1928,1,0
PAL1011,2011-01-21T00:00:00Z,10018,197,177,778,20,160,0,0
PAL1011,2011-01-21T00:00:00Z,10019,212,26.7,170,175.3,1402.4,0,0
PAL1011,2011-01-21T00:00:00Z,10020,192,192,397,0,0,0,0
PAL1011,2011-01-27T00:00:00Z,10021,264,264,323,0,0,0,0
PAL1011,2011-01-27T00:00:00Z,10022,89,33,43,54,432,1,1
PAL1011,2011-01-27T00:00:00Z,10023,105,104,145,0,0,0,0
PAL1011,2011-01-27T00:00:00Z,10024,397,395,849,0,0,1,1
PAL1011,2011-01-27T00:00:00Z,10025,237,127,142,108,864,1,1
PAL1112,2012-01-08T00:00:00Z,11001,107,107,309,0,0,0,0
PAL1112,2012-01-08T00:00:00Z,11002,125,157,222,0,0,0,0
PAL1112,2012-01-08T00:00:00Z,11003,104,103,307,0,0,1,1
PAL1112,2012-01-08T00:00:00Z,11004,129,128,299,0,0,1,1
PAL1112,2012-01-08T00:00:00Z,11005,84,84,147,0,0,0,0
PAL1112,2012-01-19T00:00:00Z,11006,96,96,246,0,0,0,0
PAL1112,2012-01-19T00:00:00Z,11007,110,110,277,0,0,0,0
PAL1112,2012-01-19T00:00:00Z,11008,140,141,409,0,0,0,0
PAL1112,2012-01-19T00:00:00Z,11009,63,63,165,0,0,0,0
PAL1112,2012-01-19T00:00:00Z,11010,61,60,610,0,0,1,1
PAL1112,2012-01-26T00:00:00Z,11011,216,215,462,0,0,1,1
PAL1112,2012-01-26T00:00:00Z,11012,121,120,1659,0,0,0,0
PAL1112,2012-01-26T00:00:00Z,11013,135,133,489,0,0,1,1
PAL1112,2012-01-26T00:00:00Z,11014,132,132,373,0,0,0,0
PAL1112,2012-01-26T00:00:00Z,11015,107,106,405,0,0,1,1
PAL1213,2013-01-03T00:00:00Z,12001,199,199,1089,0,0,0,0
PAL1213,2013-01-03T00:00:00Z,12002,188,188,1102,0,0,0,0
PAL1213,2013-01-03T00:00:00Z,12003,177.8,177.8,1266,0,0,0,0
PAL1213,2013-01-03T00:00:00Z,12004,212,187,1206,0,0,0,0
PAL1213,2013-01-03T00:00:00Z,12005,30,30,30,0,0,1,1
PAL1213,2013-01-09T00:00:00Z,12006,177,175,993,0,0,1,1
PAL1213,2013-01-09T00:00:00Z,12007,93,93,584,0,0,0,0
PAL1213,2013-01-09T00:00:00Z,12008,144,144,642,0,0,0,0
PAL1213,2013-01-09T00:00:00Z,12009,217,217,1206,0,0,0,0
PAL1213,2013-01-09T00:00:00Z,12010,257,257,843,0,0,0,0
PAL1213,2013-01-16T00:00:00Z,12011,178,178,858,0,0,0,0
PAL1213,2013-01-16T00:00:00Z,12012,182,182,987,0,0,0,0
PAL1213,2013-01-16T00:00:00Z,12013,240,239,1221,0,0,1,1
PAL1213,2013-01-16T00:00:00Z,12014,158,158,909,0,0,0,0
PAL1213,2013-01-16T00:00:00Z,12015,138,137,732,0,0,1,1
PAL1213,2013-01-23T00:00:00Z,12016,109.3,109.3,510,0,0,0,0
PAL1213,2013-01-23T00:00:00Z,12017,109.6,109.6,418,0,0,0,0
PAL1213,2013-01-23T00:00:00Z,12018,363,363,1866,0,0,0,0
PAL1213,2013-01-23T00:00:00Z,12019,363.5,362.5,1147,0,0,1,1
PAL1213,2013-01-23T00:00:00Z,12020,328.7,328.7,1713,0,0,0,0
PAL1213,2013-01-28T00:00:00Z,12021,220,220,1057,0,0,0,0
PAL1213,2013-01-28T00:00:00Z,12022,279.2,278.2,1372,0,0,1,1
PAL1213,2013-01-28T00:00:00Z,12023,232.7,232.7,1157,0,0,0,0
PAL1213,2013-01-28T00:00:00Z,12024,291,291,1344,0,0,0,0
PAL1213,2013-01-28T00:00:00Z,12025,328,327,1399,0,0,0,0
PAL1314,2014-01-06T00:00:00Z,13001,0,0,0,0,0,0,0
PAL1314,2014-01-06T00:00:00Z,13002,0,0,0,0,0,0,0
PAL1314,2014-01-06T00:00:00Z,13003,0,0,0,0,0,0,0
PAL1314,2014-01-06T00:00:00Z,13004,65.96,64.96,49,0,0,1,1
PAL1314,2014-01-16T00:00:00Z,13005,170.22,169.22,276,0,0,1,1
PAL1314,2014-01-16T00:00:00Z,13006,148,148,556,0,0,0,0
PAL1314,2014-01-16T00:00:00Z,13007,32.87,31.8,47,0,0,1,1
PAL1314,2014-01-16T00:00:00Z,13008,107.25,106.25,187,0,0,1,1
PAL1314,2014-01-16T00:00:00Z,13009,86,86,NaN,0,0,0,0
PAL1314,2014-01-22T00:00:00Z,13010,26.06,25.06,52,0,0,1,1
PAL1314,2014-01-22T00:00:00Z,13011,244.81,244.81,448,0,0,0,0
PAL1314,2014-01-22T00:00:00Z,13012,86.47,85.47,150,0,0,1,0
PAL1314,2014-01-22T00:00:00Z,13013,154.9,153.9,437,0,0,1,1
PAL1314,2014-01-22T00:00:00Z,13014,203,201,444,0,0,2,0
PAL1314,2014-01-27T00:00:00Z,13015,109,109,164,0,0,0,0
PAL1314,2014-01-27T00:00:00Z,13016,69.36,69.36,172,0,0,0,0
PAL1314,2014-01-27T00:00:00Z,13017,120.4,120.4,589,0,0,0,0
PAL1314,2014-01-27T00:00:00Z,13018,184,184,521,0,0,0,0
PAL1314,2014-01-27T00:00:00Z,13020,151.84,151.84,279,0,0,0,0
PAL1314,2014-02-01T00:00:00Z,13021,168.73,168.73,608,0,0,0,0
PAL1314,2014-02-01T00:00:00Z,13022,197,197,362,0,0,0,0
PAL1314,2014-02-01T00:00:00Z,12023,219.11,218,339,0,0,1,1
PAL1314,2014-02-01T00:00:00Z,13024,116.2,116.2,343,0,0,0,0
PAL1314,2014-02-01T00:00:00Z,13025,156.6,156.6,465,0,0,0,0
PAL1415,2015-01-03T00:00:00Z,14001,229.8,274.8,426,0,0,0,0
PAL1415,2015-01-03T00:00:00Z,14002,99.4,99.4,277,0,0,0,0
PAL1415,2015-01-03T00:00:00Z,14003,129,289,805,0,0,0,0
PAL1415,2015-01-03T00:00:00Z,14004,207,207,451,0,0,0,0
PAL1415,2015-01-03T00:00:00Z,14005,199.7,199.7,373,0,0,0,0
PAL1415,2015-01-11T00:00:00Z,14006,23.9,23.9,67,0,0,0,0
PAL1415,2015-01-11T00:00:00Z,14007,128.5,203.5,581,0,0,0,0
PAL1415,2015-01-11T00:00:00Z,14008,106,166,377,0,0,1,1
PAL1415,2015-01-11T00:00:00Z,14009,169.8,169.8,326,0,0,0,0
PAL1415,2015-01-11T00:00:00Z,14010,97.8,97.8,195,0,0,0,0
PAL1415,2015-01-18T00:00:00Z,14011,327.3,397.3,796,0,0,0,0
PAL1415,2015-01-18T00:00:00Z,14012,236.5,236.5,415,0,0,0,0
PAL1415,2015-01-18T00:00:00Z,14013,145.5,240.5,387,0,0,0,0
PAL1415,2015-01-18T00:00:00Z,14014,263.1,378.1,707,0,0,0,0
PAL1415,2015-01-18T00:00:00Z,14015,185.5,245.5,444,0,0,0,0
PAL1415,2015-01-26T00:00:00Z,14016,194.6,194.6,388,0,0,0,0
PAL1415,2015-01-26T00:00:00Z,14017,470.7,469.4,856,0,0,1,0
PAL1415,2015-01-26T00:00:00Z,14018,179.2,179.2,298,0,0,0,0
PAL1415,2015-01-26T00:00:00Z,14019,286.5,93.1,155,193.4,4255,0,0
PAL1415,2015-01-26T00:00:00Z,14020,293,337,716,0,0,6,0
PAL1415,2015-02-03T00:00:00Z,14021,376.6,376.6,511,0,0,0,0
PAL1415,2015-02-03T00:00:00Z,14022,155.6,142.4,213,12.2,440,1,0
PAL1415,2015-02-03T00:00:00Z,14023,264.5,264.5,397,0,0,0,0
PAL1415,2015-02-03T00:00:00Z,14024,57.6,56.6,83,0,0,1,0
PAL1415,2015-02-03T00:00:00Z,14025,65.7,64.7,119,0,0,1,0
PAL1415,2015-02-09T00:00:00Z,14026,422.7,422.7,732,0,0,0,0
PAL1415,2015-02-09T00:00:00Z,14027,180.2,180.2,258,0,0,0,0
PAL1516,2016-01-06T00:00:00Z,15001,129.7,128.7,167,0,0,1,1
PAL1516,2016-01-06T00:00:00Z,15002,69.34,69.34,88,0,0,0,0
PAL1516,2016-01-06T00:00:00Z,15003,97.2,97.2,153,0,0,0,0
PAL1516,2016-01-06T00:00:00Z,15004,59.09,58.09,94,0,0,1,1
PAL1516,2016-01-06T00:00:00Z,15005,32.5,32.5,NaN,0,0,0,0
PAL1516,2016-01-12T00:00:00Z,15006,59.38,59.38,97,0,0,0,0
PAL1516,2016-01-12T00:00:00Z,15007,147.2,145.2,183,0,0,2,1
PAL1516,2016-01-12T00:00:00Z,15008,113.37,113.37,159,0,0,0,0
PAL1516,2016-01-12T00:00:00Z,15009,314.2,313.2,535,0,0,1,1
PAL1516,2016-01-12T00:00:00Z,15010,130.85,129.85,216,0,0,1,1
PAL1516,2016-01-18T00:00:00Z,15011,194.25,193.25,297,0,0,1,1
PAL1516,2016-01-18T00:00:00Z,15012,153.98,152.98,239,0,0,1,1
PAL1516,2016-01-18T00:00:00Z,15013,115.82,112.02,162,0,0,3.8,1
PAL1516,2016-01-18T00:00:00Z,15014,182.29,181.29,381,0,0,1,1
PAL1516,2016-01-18T00:00:00Z,15015,310.5,309.5,549,0,0,1,1
PAL1516,2016-01-25T00:00:00Z,15016,204.34,201.69,573,1,8,1.65,1
PAL1516,2016-01-25T00:00:00Z,15017,140.2,139.2,220,0,0,1,1
PAL1516,2016-01-25T00:00:00Z,15018,138.82,137.82,208,0,0,1,1
PAL1516,2016-01-25T00:00:00Z,15019,145.11,52.77,65,91.34,2421,0,0
PAL1516,2016-01-25T00:00:00Z,15020,174.38,167.56,206,4.82,155,1,1
PAL1617,2017-01-05T00:00:00Z,16001,69.76,68.76,146,0,0,1,1
PAL1617,2017-01-05T00:00:00Z,16002,202.9,202.9,340,0,0,0,0
PAL1617,2017-01-05T00:00:00Z,16003,113.86,113.86,232,0,0,0,0
PAL1617,2017-01-05T00:00:00Z,16004,167,166,815,0,0,1,1
PAL1617,2017-01-05T00:00:00Z,16005,309.6,308.6,571,0,0,1,1
PAL1617,2017-01-10T00:00:00Z,16006,227.12,227.12,343,0,0,0,0
PAL1617,2017-01-10T00:00:00Z,16007,178.26,178.26,424,0,0,0,0
PAL1617,2017-01-10T00:00:00Z,16008,177,177,290,0,0,0,0
PAL1617,2017-01-10T00:00:00Z,16009,137.2,136.2,192,0,0,1,1
PAL1617,2017-01-10T00:00:00Z,16010,90,89,169,0,0,1,1
PAL1617,2017-01-15T00:00:00Z,16011,211.95,211.95,421,0,0,0,0
PAL1617,2017-01-15T00:00:00Z,16012,252.05,162.4,280,88.65,709,0,0
PAL1617,2017-01-15T00:00:00Z,16013,185.43,46.72,95,138.71,1110,0,0
PAL1617,2017-01-15T00:00:00Z,16014,56.27,56.27,67,0,0,0,0
PAL1617,2017-01-15T00:00:00Z,16015,174.85,166.65,288,0,0,7.2,1
PAL1617,2017-01-22T00:00:00Z,16016,166.58,165.58,232,0,0,1,1
PAL1617,2017-01-22T00:00:00Z,16017,158.78,158.78,253,0,0,0,0
PAL1617,2017-01-22T00:00:00Z,16018,89,82,137,0,0,7,1
PAL1617,2017-01-22T00:00:00Z,16019,128.88,128.88,190,0,0,0,0
PAL1617,2017-01-22T00:00:00Z,16020,49.86,11.59,77,0,0,0,0
PAL1718,2018-01-03T00:00:00Z,17001,205.9,204.9,439,0,0,0,0
PAL1718,2018-01-03T00:00:00Z,17002,166.3,166.3,462,0,0,0,0
PAL1718,2018-01-03T00:00:00Z,17003,239.9,239.9,429,0,0,0,0
PAL1718,2018-01-03T00:00:00Z,17004,149.5,149.5,563,0,0,0,0
PAL1718,2018-01-03T00:00:00Z,17005,188.6,187.6,517,0,0,1,1
PAL1718,2018-01-08T00:00:00Z,17006,154.36,154.36,436,0,0,0,0
PAL1718,2018-01-08T00:00:00Z,17007,365.32,365.32,659,0,0,0,0
PAL1718,2018-01-08T00:00:00Z,17008,114.16,114.16,311,0,0,0,0
PAL1718,2018-01-08T00:00:00Z,17009,156.4,156.4,728,0,0,0,0
PAL1718,2018-01-08T00:00:00Z,17010,115.1,115.1,519,0,0,0,0
PAL1718,2018-01-15T00:00:00Z,17011,463.93,463.93,1122,0,0,0,0
PAL1718,2018-01-15T00:00:00Z,17012,143.5,143.5,387,0,0,0,0
PAL1718,2018-01-15T00:00:00Z,17013,129.7,129.7,631,0,0,0,0
PAL1718,2018-01-15T00:00:00Z,17014,228.7,228.2,755,0,0,0,0
PAL1718,2018-01-15T00:00:00Z,17015,213.54,213.54,535,0,0,0,0
PAL1718,2018-01-23T00:00:00Z,17016,169.3,169.3,409,0,0,0,0
PAL1718,2018-01-23T00:00:00Z,17017,227.62,226.62,471,0,0,1,1
PAL1718,2018-01-23T00:00:00Z,17018,189.06,189.06,553,0,0,0,0
PAL1718,2018-01-23T00:00:00Z,17019,251.6,251.6,881,0,0,0,0
PAL1718,2018-01-23T00:00:00Z,17020,168.93,167.93,450,0,0,1,1
PAL1718,2018-01-29T00:00:00Z,17021,104.33,104.33,497,0,0,0,0
PAL1718,2018-01-29T00:00:00Z,17022,110.97,110.97,282,0,0,0,0
PAL1718,2018-01-29T00:00:00Z,17023,72.3,70.2,245,0,0,2.1,1
PAL1718,2018-01-29T00:00:00Z,17024,296.5,295.5,881,0,0,0.5,1
PAL1718,2018-01-29T00:00:00Z,17025,187.2,186.2,556,0,0,1,1
