study_name,time,island_name,colony_code,num_breeding_pairs,num_chicks,census_time
,UTC,,,,,
PAL9192,1992-01-26T00:00:00Z,CHR,1.0,166,306,1700
PAL9192,1992-01-26T00:00:00Z,CHR,2.0,53,90,1700
PAL9192,1992-01-26T00:00:00Z,CHR,3.0,138,208,1700
PAL9192,1992-01-26T00:00:00Z,CHR,4.0,17,29,1700
PAL9192,1992-01-26T00:00:00Z,CHR,5.0,32,32,1700
PAL9192,1992-01-26T00:00:00Z,CHR,6.0,100,172,1700
PAL9192,1992-01-26T00:00:00Z,CHR,7.0,303,407,1700
PAL9192,1992-01-26T00:00:00Z,CHR,7.1,27,30,1700
PAL9192,1992-01-26T00:00:00Z,CHR,7.2,65,97,1700
PAL9192,1992-01-26T00:00:00Z,CHR,8.0,143,227,1700
PAL9192,1992-01-26T00:00:00Z,CHR,9.0,79,63,1700
PAL9192,1992-01-26T00:00:00Z,CHR,10.0,15,13,1700
PAL9192,1992-01-26T00:00:00Z,CHR,11.0,24,10,1700
PAL9192,1992-01-26T00:00:00Z,COR,1.0,5,4,1430
PAL9192,1992-01-26T00:00:00Z,COR,2.0,82,119,1430
PAL9192,1992-01-26T00:00:00Z,COR,3.0,45,48,1430
PAL9192,1992-01-26T00:00:00Z,COR,4.0,12,29,1430
PAL9192,1992-01-26T00:00:00Z,COR,5.0,370,386,1430
PAL9192,1992-01-26T00:00:00Z,COR,5.1,151,173,1430
PAL9192,1992-01-26T00:00:00Z,COR,6.0,110,116,1430
PAL9192,1992-01-26T00:00:00Z,HUM,1.1,10,20,1130
PAL9192,1992-01-26T00:00:00Z,HUM,1.2,11,39,1130
PAL9192,1992-01-26T00:00:00Z,HUM,1.3,7,7,1130
PAL9192,1992-01-26T00:00:00Z,HUM,2.1,86,183,1130
PAL9192,1992-01-26T00:00:00Z,HUM,2.2,35,97,1130
PAL9192,1992-01-26T00:00:00Z,HUM,3.0,145,409,1130
PAL9192,1992-01-26T00:00:00Z,HUM,3.1,45,99,1130
PAL9192,1992-01-26T00:00:00Z,HUM,4.0,59,149,1130
PAL9192,1992-01-26T00:00:00Z,HUM,5.0,185,476,1130
PAL9192,1992-01-26T00:00:00Z,LIT,1.0,14,11,2000
PAL9192,1992-01-26T00:00:00Z,LIT,2.0,21,29,2000
PAL9192,1992-01-26T00:00:00Z,LIT,3.0,0,0,2000
PAL9192,1992-01-26T00:00:00Z,LIT,4.0,21,31,2000
PAL9192,1992-01-26T00:00:00Z,LIT,5.0,40,99,2000
PAL9192,1992-01-26T00:00:00Z,LIT,6.0,80,135,2000
PAL9192,1992-01-26T00:00:00Z,LIT,7.0,31,71,2000
PAL9192,1992-01-26T00:00:00Z,LIT,8.0,42,141,2000
PAL9192,1992-01-26T00:00:00Z,LIT,9.0,17,25,2000
PAL9192,1992-01-26T00:00:00Z,TOR,1.0,122,162,0800
PAL9192,1992-01-26T00:00:00Z,TOR,2.0,42,71,0800
PAL9192,1992-01-26T00:00:00Z,TOR,3.0,27,30,0800
PAL9192,1992-01-26T00:00:00Z,TOR,4.0,234,378,0800
PAL9192,1992-01-26T00:00:00Z,TOR,5.0,85,144,0800
PAL9192,1992-01-26T00:00:00Z,TOR,12.0,155,265,0800
PAL9192,1992-01-26T00:00:00Z,TOR,13.0,193,339,0800
PAL9192,1992-01-26T00:00:00Z,TOR,15.0,113,210,0800
PAL9192,1992-01-26T00:00:00Z,TOR,17.0,15,25,0800
PAL9192,1992-01-26T00:00:00Z,TOR,20.0,184,318,0800
PAL9192,1992-01-26T00:00:00Z,TOR,21.0,89,189,0800
PAL9192,1992-01-26T00:00:00Z,TOR,22.0,58,134,0800
PAL9192,1992-01-26T00:00:00Z,TOR,23.0,172,203,0800
PAL9192,1992-01-26T00:00:00Z,TOR,23.1,19,25,0800
PAL9293,1993-01-26T00:00:00Z,CHR,1.0,281,307,1100
PAL9293,1993-01-26T00:00:00Z,CHR,2.0,102,90,1100
PAL9293,1993-01-26T00:00:00Z,CHR,3.0,216,210,1100
PAL9293,1993-01-26T00:00:00Z,CHR,4.0,35,30,1100
PAL9293,1993-01-26T00:00:00Z,CHR,5.0,39,41,1100
PAL9293,1993-01-26T00:00:00Z,CHR,6.0,149,155,1100
PAL9293,1993-01-26T00:00:00Z,CHR,7.0,386,362,1100
PAL9293,1993-01-26T00:00:00Z,CHR,7.1,38,30,1100
PAL9293,1993-01-26T00:00:00Z,CHR,7.2,107,90,1100
PAL9293,1993-01-26T00:00:00Z,CHR,8.0,218,228,1100
PAL9293,1993-01-26T00:00:00Z,CHR,9.1,31,17,1100
PAL9293,1993-01-26T00:00:00Z,CHR,10.0,21,10,1100
PAL9293,1993-01-26T00:00:00Z,CHR,11.0,18,0,1100
PAL9293,1993-01-26T00:00:00Z,COR,1.0,8,5,1000
PAL9293,1993-01-26T00:00:00Z,COR,2.0,86,119,1000
PAL9293,1993-01-26T00:00:00Z,COR,3.0,55,50,1000
PAL9293,1993-01-26T00:00:00Z,COR,4.0,15,25,1000
PAL9293,1993-01-26T00:00:00Z,COR,5.0,342,356,1000
PAL9293,1993-01-26T00:00:00Z,COR,5.1,141,167,1000
PAL9293,1993-01-26T00:00:00Z,COR,6.0,148,141,1000
PAL9293,1993-01-26T00:00:00Z,HUM,1.1,24,15,1300
PAL9293,1993-01-26T00:00:00Z,HUM,1.2,20,39,1300
PAL9293,1993-01-26T00:00:00Z,HUM,1.3,6,7,1300
PAL9293,1993-01-26T00:00:00Z,HUM,2.1,60,195,1300
PAL9293,1993-01-26T00:00:00Z,HUM,2.2,35,109,1300
PAL9293,1993-01-26T00:00:00Z,HUM,3.0,197,451,1300
PAL9293,1993-01-26T00:00:00Z,HUM,3.1,65,82,1300
PAL9293,1993-01-26T00:00:00Z,HUM,4.0,140,168,1300
PAL9293,1993-01-26T00:00:00Z,HUM,5.0,210,524,1300
PAL9293,1993-01-26T00:00:00Z,LIT,1.0,36,32,1400
PAL9293,1993-01-26T00:00:00Z,LIT,2.0,21,9,1400
PAL9293,1993-01-26T00:00:00Z,LIT,3.0,0,0,1400
PAL9293,1993-01-26T00:00:00Z,LIT,4.0,41,25,1400
PAL9293,1993-01-26T00:00:00Z,LIT,5.0,75,105,1400
PAL9293,1993-01-26T00:00:00Z,LIT,6.0,94,135,1400
PAL9293,1993-01-26T00:00:00Z,LIT,7.0,52,82,1400
PAL9293,1993-01-26T00:00:00Z,LIT,8.0,93,148,1400
PAL9293,1993-01-26T00:00:00Z,LIT,9.0,21,9,1400
PAL9293,1993-01-26T00:00:00Z,TOR,1.0,119,205,1500
PAL9293,1993-01-26T00:00:00Z,TOR,2.0,47,64,1500
PAL9293,1993-01-26T00:00:00Z,TOR,3.0,23,26,1500
PAL9293,1993-01-26T00:00:00Z,TOR,4.0,237,441,1500
PAL9293,1993-01-26T00:00:00Z,TOR,5.0,133,170,1500
PAL9293,1993-01-26T00:00:00Z,TOR,12.0,185,285,1500
PAL9293,1993-01-26T00:00:00Z,TOR,13.0,212,334,1500
PAL9293,1993-01-26T00:00:00Z,TOR,15.0,195,252,1500
PAL9293,1993-01-26T00:00:00Z,TOR,17.0,24,30,1500
PAL9293,1993-01-26T00:00:00Z,TOR,20.0,219,317,1500
PAL9293,1993-01-26T00:00:00Z,TOR,21.0,180,207,1500
PAL9293,1993-01-26T00:00:00Z,TOR,22.0,156,109,1500
PAL9293,1993-01-26T00:00:00Z,TOR,23.0,167,282,1500
PAL9293,1993-01-26T00:00:00Z,TOR,23.1,28,29,1500
PAL9394,1994-01-22T00:00:00Z,LIT,1.0,19,11,1500
PAL9394,1994-01-22T00:00:00Z,LIT,2.0,37,28,1500
PAL9394,1994-01-22T00:00:00Z,LIT,3.0,0,0,1500
PAL9394,1994-01-22T00:00:00Z,LIT,4.0,32,20,1500
PAL9394,1994-01-22T00:00:00Z,LIT,5.0,113,80,1500
PAL9394,1994-01-22T00:00:00Z,LIT,6.0,130,104,1500
PAL9394,1994-01-22T00:00:00Z,LIT,7.0,72,76,1500
PAL9394,1994-01-22T00:00:00Z,LIT,8.0,147,138,1500
PAL9394,1994-01-22T00:00:00Z,LIT,9.0,33,24,1500
PAL9394,1994-01-23T00:00:00Z,CHR,1.0,184,310,1200
PAL9394,1994-01-23T00:00:00Z,CHR,2.0,49,96,1200
PAL9394,1994-01-23T00:00:00Z,CHR,3.0,128,130,1200
PAL9394,1994-01-23T00:00:00Z,CHR,4.1,13,26,1200
PAL9394,1994-01-23T00:00:00Z,CHR,5.0,28,43,1200
PAL9394,1994-01-23T00:00:00Z,CHR,6.0,104,161,1200
PAL9394,1994-01-23T00:00:00Z,CHR,7.0,302,410,1200
PAL9394,1994-01-23T00:00:00Z,CHR,7.1,25,34,1200
PAL9394,1994-01-23T00:00:00Z,CHR,7.2,41,101,1200
PAL9394,1994-01-23T00:00:00Z,CHR,8.0,180,214,1200
PAL9394,1994-01-23T00:00:00Z,CHR,9.1,33,12,1200
PAL9394,1994-01-23T00:00:00Z,CHR,10.0,13,2,1200
PAL9394,1994-01-23T00:00:00Z,CHR,11.0,4,0,1200
PAL9394,1994-01-23T00:00:00Z,COR,1.0,10,10,1430
PAL9394,1994-01-23T00:00:00Z,COR,2.0,98,121,1430
PAL9394,1994-01-23T00:00:00Z,COR,3.0,44,55,1430
PAL9394,1994-01-23T00:00:00Z,COR,4.0,12,27,1430
PAL9394,1994-01-23T00:00:00Z,COR,5.0,357,365,1430
PAL9394,1994-01-23T00:00:00Z,COR,5.1,163,183,1430
PAL9394,1994-01-23T00:00:00Z,COR,6.0,101,86,1430
PAL9394,1994-01-23T00:00:00Z,HUM,1.1,20,26,1400
PAL9394,1994-01-23T00:00:00Z,HUM,1.2,30,48,1400
PAL9394,1994-01-23T00:00:00Z,HUM,1.3,7,7,1400
PAL9394,1994-01-23T00:00:00Z,HUM,2.1,85,201,1400
PAL9394,1994-01-23T00:00:00Z,HUM,2.2,57,109,1400
PAL9394,1994-01-23T00:00:00Z,HUM,3.0,201,364,1400
PAL9394,1994-01-23T00:00:00Z,HUM,3.1,65,82,1400
PAL9394,1994-01-23T00:00:00Z,HUM,4.0,233,138,1400
PAL9394,1994-01-23T00:00:00Z,HUM,5.0,151,350,1400
PAL9394,1994-01-23T00:00:00Z,TOR,1.0,132,111,1630
PAL9394,1994-01-23T00:00:00Z,TOR,2.0,46,65,1630
PAL9394,1994-01-23T00:00:00Z,TOR,3.0,28,25,1630
PAL9394,1994-01-23T00:00:00Z,TOR,4.0,290,330,1630
PAL9394,1994-01-23T00:00:00Z,TOR,5.0,118,157,1630
PAL9394,1994-01-23T00:00:00Z,TOR,12.0,0,285,1630
PAL9394,1994-01-23T00:00:00Z,TOR,12.0,187,285,1630
PAL9394,1994-01-23T00:00:00Z,TOR,13.0,0,328,1630
PAL9394,1994-01-23T00:00:00Z,TOR,13.0,213,328,1630
PAL9394,1994-01-23T00:00:00Z,TOR,15.0,160,204,1630
PAL9394,1994-01-23T00:00:00Z,TOR,17.0,16,32,1630
PAL9394,1994-01-23T00:00:00Z,TOR,18.0,0,419,1630
PAL9394,1994-01-23T00:00:00Z,TOR,19.0,0,677,1630
PAL9394,1994-01-23T00:00:00Z,TOR,20.0,195,264,1630
PAL9394,1994-01-23T00:00:00Z,TOR,21.0,82,190,1630
PAL9394,1994-01-23T00:00:00Z,TOR,22.0,67,135,1630
PAL9394,1994-01-23T00:00:00Z,TOR,23.0,221,256,1630
PAL9394,1994-01-23T00:00:00Z,TOR,23.1,24,20,1630
PAL9495,1995-01-16T00:00:00Z,HUM,1.1,16,21,1100
PAL9495,1995-01-16T00:00:00Z,HUM,1.2,32,41,1100
PAL9495,1995-01-16T00:00:00Z,HUM,1.3,4,7,1100
PAL9495,1995-01-16T00:00:00Z,HUM,2.1,79,173,1100
PAL9495,1995-01-16T00:00:00Z,HUM,2.2,33,103,1100
PAL9495,1995-01-16T00:00:00Z,HUM,3.0,140,391,1100
PAL9495,1995-01-16T00:00:00Z,HUM,3.1,4,6,1100
PAL9495,1995-01-16T00:00:00Z,HUM,4.0,107,212,1100
PAL9495,1995-01-16T00:00:00Z,HUM,5.0,187,427,1100
PAL9495,1995-01-16T00:00:00Z,TOR,1.0,95,148,1430
PAL9495,1995-01-16T00:00:00Z,TOR,2.0,45,50,1430
PAL9495,1995-01-16T00:00:00Z,TOR,3.0,19,17,1430
PAL9495,1995-01-16T00:00:00Z,TOR,4.0,184,283,1430
PAL9495,1995-01-16T00:00:00Z,TOR,5.0,72,170,1430
PAL9495,1995-01-16T00:00:00Z,TOR,12.0,144,284,1430
PAL9495,1995-01-16T00:00:00Z,TOR,13.0,199,317,1430
PAL9495,1995-01-16T00:00:00Z,TOR,15.0,83,322,1430
PAL9495,1995-01-16T00:00:00Z,TOR,17.0,12,26,1430
PAL9495,1995-01-16T00:00:00Z,TOR,18.0,129,353,1430
PAL9495,1995-01-16T00:00:00Z,TOR,19.0,254,667,1430
PAL9495,1995-01-16T00:00:00Z,TOR,20.0,130,262,1430
PAL9495,1995-01-16T00:00:00Z,TOR,21.0,90,194,1430
PAL9495,1995-01-16T00:00:00Z,TOR,22.0,73,121,1430
PAL9495,1995-01-16T00:00:00Z,TOR,23.0,131,268,1430
PAL9495,1995-01-16T00:00:00Z,TOR,23.1,20,31,1430
PAL9495,1995-01-17T00:00:00Z,CHR,1.0,156,267,1200
PAL9495,1995-01-17T00:00:00Z,CHR,2.0,53,84,1200
PAL9495,1995-01-17T00:00:00Z,CHR,3.0,97,168,1200
PAL9495,1995-01-17T00:00:00Z,CHR,3.1,0,0,
PAL9495,1995-01-17T00:00:00Z,CHR,4.1,16,19,1200
PAL9495,1995-01-17T00:00:00Z,CHR,5.0,50,50,1200
PAL9495,1995-01-17T00:00:00Z,CHR,6.0,106,160,1200
PAL9495,1995-01-17T00:00:00Z,CHR,7.0,242,435,1200
PAL9495,1995-01-17T00:00:00Z,CHR,7.1,26,33,1200
PAL9495,1995-01-17T00:00:00Z,CHR,7.2,53,100,1200
PAL9495,1995-01-17T00:00:00Z,CHR,8.0,141,234,1200
PAL9495,1995-01-17T00:00:00Z,CHR,9.1,29,49,1200
PAL9495,1995-01-17T00:00:00Z,CHR,10.0,13,13,1200
PAL9495,1995-01-17T00:00:00Z,CHR,11.0,4,3,1200
PAL9495,1995-01-17T00:00:00Z,COR,1.0,8,10,1000
PAL9495,1995-01-17T00:00:00Z,COR,2.0,71,108,1000
PAL9495,1995-01-17T00:00:00Z,COR,3.0,39,46,1000
PAL9495,1995-01-17T00:00:00Z,COR,4.0,15,21,1000
PAL9495,1995-01-17T00:00:00Z,COR,5.0,294,404,1000
PAL9495,1995-01-17T00:00:00Z,COR,5.1,117,190,1000
PAL9495,1995-01-17T00:00:00Z,COR,6.0,76,117,1000
PAL9495,1995-01-17T00:00:00Z,LIT,1.0,8,12,1200
PAL9495,1995-01-17T00:00:00Z,LIT,2.0,28,24,1200
PAL9495,1995-01-17T00:00:00Z,LIT,3.0,0,0,1200
PAL9495,1995-01-17T00:00:00Z,LIT,4.0,19,12,1200
PAL9495,1995-01-17T00:00:00Z,LIT,5.0,71,77,1200
PAL9495,1995-01-17T00:00:00Z,LIT,6.0,76,111,1200
PAL9495,1995-01-17T00:00:00Z,LIT,7.0,58,73,1200
PAL9495,1995-01-17T00:00:00Z,LIT,8.0,95,162,1200
PAL9495,1995-01-17T00:00:00Z,LIT,9.0,32,29,1200
PAL9596,1996-01-18T00:00:00Z,CHR,1.0,225,310,1300
PAL9596,1996-01-18T00:00:00Z,CHR,2.0,50,90,1300
PAL9596,1996-01-18T00:00:00Z,CHR,3.0,20,69,1300
PAL9596,1996-01-18T00:00:00Z,CHR,3.1,40,92,1300
PAL9596,1996-01-18T00:00:00Z,CHR,4.1,2,2,1300
PAL9596,1996-01-18T00:00:00Z,CHR,5.0,7,58,1300
PAL9596,1996-01-18T00:00:00Z,CHR,6.0,57,168,1300
PAL9596,1996-01-18T00:00:00Z,CHR,7.0,142,470,1300
PAL9596,1996-01-18T00:00:00Z,CHR,7.1,17,30,1300
PAL9596,1996-01-18T00:00:00Z,CHR,7.2,28,99,1300
PAL9596,1996-01-18T00:00:00Z,CHR,8.0,83,229,1300
PAL9596,1996-01-18T00:00:00Z,CHR,9.1,20,55,1300
PAL9596,1996-01-18T00:00:00Z,CHR,10.0,4,10,1300
PAL9596,1996-01-18T00:00:00Z,CHR,11.0,4,4,1300
PAL9596,1996-01-18T00:00:00Z,COR,1.0,5,8,1100
PAL9596,1996-01-18T00:00:00Z,COR,2.0,36,113,1100
PAL9596,1996-01-18T00:00:00Z,COR,3.0,28,54,1100
PAL9596,1996-01-18T00:00:00Z,COR,4.0,11,25,1100
PAL9596,1996-01-18T00:00:00Z,COR,5.0,143,399,1100
PAL9596,1996-01-18T00:00:00Z,COR,5.1,68,187,1100
PAL9596,1996-01-18T00:00:00Z,COR,6.0,44,102,1100
PAL9596,1996-01-18T00:00:00Z,HUM,1.1,5,4,1600
PAL9596,1996-01-18T00:00:00Z,HUM,1.2,6,26,1600
PAL9596,1996-01-18T00:00:00Z,HUM,1.3,0,0,1600
PAL9596,1996-01-18T00:00:00Z,HUM,2.1,15,169,1600
PAL9596,1996-01-18T00:00:00Z,HUM,2.2,11,98,1600
PAL9596,1996-01-18T00:00:00Z,HUM,3.0,60,415,1600
PAL9596,1996-01-18T00:00:00Z,HUM,3.1,0,0,1600
PAL9596,1996-01-18T00:00:00Z,HUM,4.0,56,205,1600
PAL9596,1996-01-18T00:00:00Z,HUM,5.0,75,426,1600
PAL9596,1996-01-18T00:00:00Z,TOR,1.0,68,141,1700
PAL9596,1996-01-18T00:00:00Z,TOR,2.0,17,40,1700
PAL9596,1996-01-18T00:00:00Z,TOR,3.0,21,11,1700
PAL9596,1996-01-18T00:00:00Z,TOR,4.0,102,279,1700
PAL9596,1996-01-18T00:00:00Z,TOR,5.0,35,108,1700
PAL9596,1996-01-18T00:00:00Z,TOR,12.0,81,275,1700
PAL9596,1996-01-18T00:00:00Z,TOR,13.0,101,288,1700
PAL9596,1996-01-18T00:00:00Z,TOR,15.0,55,223,1700
PAL9596,1996-01-18T00:00:00Z,TOR,17.0,2,17,1700
PAL9596,1996-01-18T00:00:00Z,TOR,18.0,118,350,1700
PAL9596,1996-01-18T00:00:00Z,TOR,19.0,150,713,1700
PAL9596,1996-01-18T00:00:00Z,TOR,20.0,82,246,1700
PAL9596,1996-01-18T00:00:00Z,TOR,21.0,34,146,1700
PAL9596,1996-01-18T00:00:00Z,TOR,22.0,51,85,1700
PAL9596,1996-01-18T00:00:00Z,TOR,23.0,122,233,1700
PAL9596,1996-01-18T00:00:00Z,TOR,23.1,3,27,1700
PAL9596,1996-01-20T00:00:00Z,LIT,1.0,6,14,1100
PAL9596,1996-01-20T00:00:00Z,LIT,2.0,18,29,1100
PAL9596,1996-01-20T00:00:00Z,LIT,3.0,0,0,
PAL9596,1996-01-20T00:00:00Z,LIT,4.0,12,29,1100
PAL9596,1996-01-20T00:00:00Z,LIT,5.0,26,102,1100
PAL9596,1996-01-20T00:00:00Z,LIT,6.0,44,148,1100
PAL9596,1996-01-20T00:00:00Z,LIT,7.0,27,71,1100
PAL9596,1996-01-20T00:00:00Z,LIT,8.0,35,141,1100
PAL9596,1996-01-20T00:00:00Z,LIT,9.0,25,31,1100
PAL9697,1997-01-25T00:00:00Z,CHR,1.0,103,252,1100
PAL9697,1997-01-25T00:00:00Z,CHR,2.0,34,70,1100
PAL9697,1997-01-25T00:00:00Z,CHR,3.0,31,82,1100
PAL9697,1997-01-25T00:00:00Z,CHR,3.1,33,54,1100
PAL9697,1997-01-25T00:00:00Z,CHR,4.1,4,6,1100
PAL9697,1997-01-25T00:00:00Z,CHR,5.0,25,52,1100
PAL9697,1997-01-25T00:00:00Z,CHR,6.0,55,142,1100
PAL9697,1997-01-25T00:00:00Z,CHR,7.0,114,404,1100
PAL9697,1997-01-25T00:00:00Z,CHR,7.1,14,24,1100
PAL9697,1997-01-25T00:00:00Z,CHR,7.2,39,67,1100
PAL9697,1997-01-25T00:00:00Z,CHR,8.0,92,208,1100
PAL9697,1997-01-25T00:00:00Z,CHR,9.1,22,49,1100
PAL9697,1997-01-25T00:00:00Z,CHR,10.0,4,10,1100
PAL9697,1997-01-25T00:00:00Z,CHR,11.0,4,2,1100
PAL9697,1997-01-25T00:00:00Z,COR,1.0,4,3,1000
PAL9697,1997-01-25T00:00:00Z,COR,2.0,39,103,1000
PAL9697,1997-01-25T00:00:00Z,COR,3.0,39,48,1000
PAL9697,1997-01-25T00:00:00Z,COR,4.0,4,4,1000
PAL9697,1997-01-25T00:00:00Z,COR,5.0,211,385,1000
PAL9697,1997-01-25T00:00:00Z,COR,5.1,91,174,1000
PAL9697,1997-01-25T00:00:00Z,COR,6.0,58,85,1000
PAL9697,1997-01-25T00:00:00Z,HUM,1.1,0,0,1300
PAL9697,1997-01-25T00:00:00Z,HUM,1.2,2,3,1300
PAL9697,1997-01-25T00:00:00Z,HUM,1.3,0,0,1300
PAL9697,1997-01-25T00:00:00Z,HUM,2.1,38,107,1300
PAL9697,1997-01-25T00:00:00Z,HUM,2.2,8,91,1300
PAL9697,1997-01-25T00:00:00Z,HUM,3.0,54,326,1300
PAL9697,1997-01-25T00:00:00Z,HUM,3.1,6,3,1300
PAL9697,1997-01-25T00:00:00Z,HUM,4.0,31,188,1300
PAL9697,1997-01-25T00:00:00Z,HUM,5.0,85,345,1300
PAL9697,1997-01-25T00:00:00Z,LIT,1.0,11,6,1200
PAL9697,1997-01-25T00:00:00Z,LIT,2.0,19,23,1200
PAL9697,1997-01-25T00:00:00Z,LIT,3.0,0,0,
PAL9697,1997-01-25T00:00:00Z,LIT,4.0,8,21,1200
PAL9697,1997-01-25T00:00:00Z,LIT,5.0,45,82,1200
PAL9697,1997-01-25T00:00:00Z,LIT,6.0,50,105,1200
PAL9697,1997-01-25T00:00:00Z,LIT,7.0,42,55,1200
PAL9697,1997-01-25T00:00:00Z,LIT,8.0,19,147,1200
PAL9697,1997-01-25T00:00:00Z,LIT,9.0,25,27,1200
PAL9697,1997-01-25T00:00:00Z,TOR,1.0,41,75,1500
PAL9697,1997-01-25T00:00:00Z,TOR,2.0,6,4,1500
PAL9697,1997-01-25T00:00:00Z,TOR,3.0,3,4,1500
PAL9697,1997-01-25T00:00:00Z,TOR,4.0,113,188,1500
PAL9697,1997-01-25T00:00:00Z,TOR,5.0,41,73,1500
PAL9697,1997-01-25T00:00:00Z,TOR,12.0,89,271,1500
PAL9697,1997-01-25T00:00:00Z,TOR,13.0,83,212,1500
PAL9697,1997-01-25T00:00:00Z,TOR,15.0,54,139,1500
PAL9697,1997-01-25T00:00:00Z,TOR,17.0,3,7,1500
PAL9697,1997-01-25T00:00:00Z,TOR,18.0,82,327,1500
PAL9697,1997-01-25T00:00:00Z,TOR,19.0,198,608,1500
PAL9697,1997-01-25T00:00:00Z,TOR,20.0,81,207,1500
PAL9697,1997-01-25T00:00:00Z,TOR,21.0,30,98,1500
PAL9697,1997-01-25T00:00:00Z,TOR,22.0,23,42,1500
PAL9697,1997-01-25T00:00:00Z,TOR,23.0,73,216,1500
PAL9697,1997-01-25T00:00:00Z,TOR,23.1,14,4,1500
PAL9798,1997-01-29T00:00:00Z,LIT,8.0,70,161,1400
PAL9798,1997-01-29T00:00:00Z,LIT,9.0,28,22,1400
PAL9798,1998-01-29T00:00:00Z,LIT,1.0,6,12,1400
PAL9798,1998-01-29T00:00:00Z,LIT,2.0,19,19,1400
PAL9798,1998-01-29T00:00:00Z,LIT,3.0,0,0,
PAL9798,1998-01-29T00:00:00Z,LIT,4.0,33,49,1400
PAL9798,1998-01-29T00:00:00Z,LIT,5.0,34,84,1400
PAL9798,1998-01-29T00:00:00Z,LIT,6.0,58,114,1400
PAL9798,1998-01-29T00:00:00Z,LIT,7.0,50,50,1400
PAL9798,1998-01-30T00:00:00Z,HUM,1.1,0,0,1000
PAL9798,1998-01-30T00:00:00Z,HUM,1.2,0,0,1000
PAL9798,1998-01-30T00:00:00Z,HUM,1.3,0,0,1000
PAL9798,1998-01-30T00:00:00Z,HUM,2.1,145,170,1000
PAL9798,1998-01-30T00:00:00Z,HUM,2.2,42,70,1000
PAL9798,1998-01-30T00:00:00Z,HUM,3.0,145,335,1000
PAL9798,1998-01-30T00:00:00Z,HUM,3.1,4,1,1000
PAL9798,1998-01-30T00:00:00Z,HUM,4.0,77,141,1000
PAL9798,1998-01-30T00:00:00Z,HUM,5.0,172,342,1000
PAL9798,1998-01-30T00:00:00Z,TOR,1.0,75,74,1200
PAL9798,1998-01-30T00:00:00Z,TOR,2.0,0,0,1200
PAL9798,1998-01-30T00:00:00Z,TOR,3.0,7,2,1200
PAL9798,1998-01-30T00:00:00Z,TOR,4.0,141,173,1200
PAL9798,1998-01-30T00:00:00Z,TOR,5.0,64,58,1200
PAL9798,1998-01-30T00:00:00Z,TOR,12.0,163,256,1200
PAL9798,1998-01-30T00:00:00Z,TOR,13.0,172,167,1200
PAL9798,1998-01-30T00:00:00Z,TOR,15.0,99,140,1200
PAL9798,1998-01-30T00:00:00Z,TOR,17.0,7,3,1200
PAL9798,1998-01-30T00:00:00Z,TOR,18.0,134,314,1200
PAL9798,1998-01-30T00:00:00Z,TOR,19.0,267,590,1200
PAL9798,1998-01-30T00:00:00Z,TOR,20.0,205,196,1200
PAL9798,1998-01-30T00:00:00Z,TOR,21.0,41,86,1200
PAL9798,1998-01-30T00:00:00Z,TOR,22.0,29,30,1200
PAL9798,1998-01-30T00:00:00Z,TOR,23.0,150,220,1200
PAL9798,1998-01-30T00:00:00Z,TOR,23.1,15,4,1200
PAL9798,1998-02-03T00:00:00Z,CHR,1.0,109,231,1300
PAL9798,1998-02-03T00:00:00Z,CHR,2.0,48,62,1300
PAL9798,1998-02-03T00:00:00Z,CHR,3.0,33,79,1300
PAL9798,1998-02-03T00:00:00Z,CHR,3.1,19,44,1300
PAL9798,1998-02-03T00:00:00Z,CHR,4.1,2,5,1300
PAL9798,1998-02-03T00:00:00Z,CHR,5.0,25,49,1300
PAL9798,1998-02-03T00:00:00Z,CHR,6.0,82,118,1300
PAL9798,1998-02-03T00:00:00Z,CHR,7.0,202,354,1300
PAL9798,1998-02-03T00:00:00Z,CHR,7.1,14,14,1300
PAL9798,1998-02-03T00:00:00Z,CHR,7.2,41,60,1300
PAL9798,1998-02-03T00:00:00Z,CHR,8.0,119,167,1300
PAL9798,1998-02-03T00:00:00Z,CHR,9.1,28,43,1300
PAL9798,1998-02-03T00:00:00Z,CHR,10.0,5,7,1300
PAL9798,1998-02-03T00:00:00Z,CHR,11.0,0,0,1300
PAL9798,1998-02-03T00:00:00Z,COR,1.0,2,2,1200
PAL9798,1998-02-03T00:00:00Z,COR,2.0,61,105,1200
PAL9798,1998-02-03T00:00:00Z,COR,3.0,28,51,1200
PAL9798,1998-02-03T00:00:00Z,COR,4.0,3,3,1200
PAL9798,1998-02-03T00:00:00Z,COR,5.0,257,280,1200
PAL9798,1998-02-03T00:00:00Z,COR,5.1,100,134,1200
PAL9798,1998-02-03T00:00:00Z,COR,6.0,64,69,1200
PAL9899,1999-01-23T00:00:00Z,CHR,1.0,167,193,1100
PAL9899,1999-01-23T00:00:00Z,CHR,2.0,37,57,1100
PAL9899,1999-01-23T00:00:00Z,CHR,3.0,52,77,1100
PAL9899,1999-01-23T00:00:00Z,CHR,3.1,40,43,1100
PAL9899,1999-01-23T00:00:00Z,CHR,4.1,1,2,1100
PAL9899,1999-01-23T00:00:00Z,CHR,5.0,38,36,1100
PAL9899,1999-01-23T00:00:00Z,CHR,6.0,99,135,1100
PAL9899,1999-01-23T00:00:00Z,CHR,7.0,199,355,1100
PAL9899,1999-01-23T00:00:00Z,CHR,7.1,15,17,1100
PAL9899,1999-01-23T00:00:00Z,CHR,7.2,56,85,1100
PAL9899,1999-01-23T00:00:00Z,CHR,8.0,135,177,1100
PAL9899,1999-01-23T00:00:00Z,CHR,9.1,38,50,1100
PAL9899,1999-01-23T00:00:00Z,CHR,10.0,7,6,1100
PAL9899,1999-01-23T00:00:00Z,CHR,11.0,2,1,1100
PAL9899,1999-01-23T00:00:00Z,COR,1.0,0,0,1000
PAL9899,1999-01-23T00:00:00Z,COR,2.0,87,112,1000
PAL9899,1999-01-23T00:00:00Z,COR,3.0,47,60,1000
PAL9899,1999-01-23T00:00:00Z,COR,4.0,0,0,1000
PAL9899,1999-01-23T00:00:00Z,COR,5.0,275,367,1000
PAL9899,1999-01-23T00:00:00Z,COR,5.1,94,160,1000
PAL9899,1999-01-23T00:00:00Z,COR,6.0,63,56,1000
PAL9899,1999-01-24T00:00:00Z,HUM,1.1,0,0,1200
PAL9899,1999-01-24T00:00:00Z,HUM,1.2,0,0,1200
PAL9899,1999-01-24T00:00:00Z,HUM,1.3,0,0,1200
PAL9899,1999-01-24T00:00:00Z,HUM,2.1,75,144,1200
PAL9899,1999-01-24T00:00:00Z,HUM,2.2,51,83,1200
PAL9899,1999-01-24T00:00:00Z,HUM,3.0,68,358,1200
PAL9899,1999-01-24T00:00:00Z,HUM,3.1,0,0,1200
PAL9899,1999-01-24T00:00:00Z,HUM,4.0,46,132,1200
PAL9899,1999-01-24T00:00:00Z,HUM,5.0,72,300,1200
PAL9899,1999-01-24T00:00:00Z,LIT,1.0,7,1,1100
PAL9899,1999-01-24T00:00:00Z,LIT,2.0,18,7,1100
PAL9899,1999-01-24T00:00:00Z,LIT,3.0,0,0,1100
PAL9899,1999-01-24T00:00:00Z,LIT,4.0,16,3,1100
PAL9899,1999-01-24T00:00:00Z,LIT,5.0,39,62,1100
PAL9899,1999-01-24T00:00:00Z,LIT,6.0,49,112,1100
PAL9899,1999-01-24T00:00:00Z,LIT,7.0,31,45,1100
PAL9899,1999-01-24T00:00:00Z,LIT,8.0,65,163,1100
PAL9899,1999-01-24T00:00:00Z,LIT,9.0,23,29,1100
PAL9899,1999-01-24T00:00:00Z,TOR,1.0,46,37,1400
PAL9899,1999-01-24T00:00:00Z,TOR,2.0,0,0,1400
PAL9899,1999-01-24T00:00:00Z,TOR,3.0,0,0,1400
PAL9899,1999-01-24T00:00:00Z,TOR,4.0,96,115,1400
PAL9899,1999-01-24T00:00:00Z,TOR,5.0,32,29,1400
PAL9899,1999-01-24T00:00:00Z,TOR,12.0,93,225,1400
PAL9899,1999-01-24T00:00:00Z,TOR,13.0,80,161,1400
PAL9899,1999-01-24T00:00:00Z,TOR,15.0,45,132,1400
PAL9899,1999-01-24T00:00:00Z,TOR,17.0,2,3,1400
PAL9899,1999-01-24T00:00:00Z,TOR,18.0,85,329,1400
PAL9899,1999-01-24T00:00:00Z,TOR,19.0,178,610,1400
PAL9899,1999-01-24T00:00:00Z,TOR,20.0,83,196,1400
PAL9899,1999-01-24T00:00:00Z,TOR,21.0,28,34,1400
PAL9899,1999-01-24T00:00:00Z,TOR,22.0,10,10,1400
PAL9899,1999-01-24T00:00:00Z,TOR,23.0,87,194,1400
PAL9899,1999-01-24T00:00:00Z,TOR,23.1,0,0,1400
PAL9900,2000-01-25T00:00:00Z,HUM,1.1,0,0,1200
PAL9900,2000-01-25T00:00:00Z,HUM,1.2,0,0,1200
PAL9900,2000-01-25T00:00:00Z,HUM,1.3,0,0,1200
PAL9900,2000-01-25T00:00:00Z,HUM,2.1,102,120,1200
PAL9900,2000-01-25T00:00:00Z,HUM,2.2,51,78,1200
PAL9900,2000-01-25T00:00:00Z,HUM,3.0,121,307,1200
PAL9900,2000-01-25T00:00:00Z,HUM,3.1,0,0,1200
PAL9900,2000-01-25T00:00:00Z,HUM,4.0,54,117,1200
PAL9900,2000-01-25T00:00:00Z,HUM,5.0,123,194,1200
PAL9900,2000-01-25T00:00:00Z,LIT,1.0,7,1,1100
PAL9900,2000-01-25T00:00:00Z,LIT,2.0,15,9,1100
PAL9900,2000-01-25T00:00:00Z,LIT,3.0,0,0,1100
PAL9900,2000-01-25T00:00:00Z,LIT,4.0,10,1,1100
PAL9900,2000-01-25T00:00:00Z,LIT,5.0,69,28,1100
PAL9900,2000-01-25T00:00:00Z,LIT,6.0,95,48,1100
PAL9900,2000-01-25T00:00:00Z,LIT,7.0,48,30,1100
PAL9900,2000-01-25T00:00:00Z,LIT,8.0,135,150,1100
PAL9900,2000-01-25T00:00:00Z,LIT,9.0,30,23,1100
PAL9900,2000-01-25T00:00:00Z,TOR,1.0,42,23,1600
PAL9900,2000-01-25T00:00:00Z,TOR,2.0,0,0,1600
PAL9900,2000-01-25T00:00:00Z,TOR,3.0,0,0,1600
PAL9900,2000-01-25T00:00:00Z,TOR,4.0,84,107,1600
PAL9900,2000-01-25T00:00:00Z,TOR,5.0,23,30,1600
PAL9900,2000-01-25T00:00:00Z,TOR,12.0,116,207,1600
PAL9900,2000-01-25T00:00:00Z,TOR,13.0,94,136,1600
PAL9900,2000-01-25T00:00:00Z,TOR,15.0,55,151,1600
PAL9900,2000-01-25T00:00:00Z,TOR,17.0,0,0,1600
PAL9900,2000-01-25T00:00:00Z,TOR,18.0,80,255,1600
PAL9900,2000-01-25T00:00:00Z,TOR,19.0,163,643,1600
PAL9900,2000-01-25T00:00:00Z,TOR,20.0,96,186,1600
PAL9900,2000-01-25T00:00:00Z,TOR,21.0,3,1,1600
PAL9900,2000-01-25T00:00:00Z,TOR,22.0,0,0,1600
PAL9900,2000-01-25T00:00:00Z,TOR,23.0,118,120,1600
PAL9900,2000-01-25T00:00:00Z,TOR,23.1,0,0,1600
PAL9900,2000-01-28T00:00:00Z,CHR,1.0,90,196,1600
PAL9900,2000-01-28T00:00:00Z,CHR,2.0,28,51,1600
PAL9900,2000-01-28T00:00:00Z,CHR,3.0,31,70,1600
PAL9900,2000-01-28T00:00:00Z,CHR,3.1,28,32,1600
PAL9900,2000-01-28T00:00:00Z,CHR,4.1,1,1,1600
PAL9900,2000-01-28T00:00:00Z,CHR,5.0,15,50,1600
PAL9900,2000-01-28T00:00:00Z,CHR,6.0,74,142,1600
PAL9900,2000-01-28T00:00:00Z,CHR,7.0,219,379,1600
PAL9900,2000-01-28T00:00:00Z,CHR,7.1,18,21,1600
PAL9900,2000-01-28T00:00:00Z,CHR,7.2,36,93,1600
PAL9900,2000-01-28T00:00:00Z,CHR,8.0,110,182,1600
PAL9900,2000-01-28T00:00:00Z,CHR,9.1,28,57,1600
PAL9900,2000-01-28T00:00:00Z,CHR,10.0,3,3,1600
PAL9900,2000-01-28T00:00:00Z,CHR,11.0,2,2,1600
PAL9900,2000-01-28T00:00:00Z,COR,1.0,0,0,1400
PAL9900,2000-01-28T00:00:00Z,COR,2.0,46,101,1400
PAL9900,2000-01-28T00:00:00Z,COR,3.0,32,67,1400
PAL9900,2000-01-28T00:00:00Z,COR,4.0,0,0,1400
PAL9900,2000-01-28T00:00:00Z,COR,5.0,220,308,1400
PAL9900,2000-01-28T00:00:00Z,COR,5.1,81,152,1400
PAL9900,2000-01-28T00:00:00Z,COR,6.0,30,37,1400
PAL0001,2001-01-22T00:00:00Z,LIT,1.0,0,0,1100
PAL0001,2001-01-22T00:00:00Z,LIT,2.0,0,0,1100
PAL0001,2001-01-22T00:00:00Z,LIT,3.0,0,0,1100
PAL0001,2001-01-22T00:00:00Z,LIT,4.0,0,0,1100
PAL0001,2001-01-22T00:00:00Z,LIT,5.0,36,23,1100
PAL0001,2001-01-22T00:00:00Z,LIT,6.0,50,36,1100
PAL0001,2001-01-22T00:00:00Z,LIT,7.0,21,27,1100
PAL0001,2001-01-22T00:00:00Z,LIT,8.0,73,122,1100
PAL0001,2001-01-22T00:00:00Z,LIT,9.0,19,15,1100
PAL0001,2001-01-23T00:00:00Z,CHR,1.0,75,196,1600
PAL0001,2001-01-23T00:00:00Z,CHR,2.0,24,49,1600
PAL0001,2001-01-23T00:00:00Z,CHR,3.0,30,62,1600
PAL0001,2001-01-23T00:00:00Z,CHR,3.1,20,32,1600
PAL0001,2001-01-23T00:00:00Z,CHR,4.1,0,0,1600
PAL0001,2001-01-23T00:00:00Z,CHR,5.0,14,43,1600
PAL0001,2001-01-23T00:00:00Z,CHR,6.0,51,123,1600
PAL0001,2001-01-23T00:00:00Z,CHR,7.0,199,359,1600
PAL0001,2001-01-23T00:00:00Z,CHR,7.1,11,18,1600
PAL0001,2001-01-23T00:00:00Z,CHR,7.2,37,78,1600
PAL0001,2001-01-23T00:00:00Z,CHR,8.0,87,183,1600
PAL0001,2001-01-23T00:00:00Z,CHR,9.1,28,69,1600
PAL0001,2001-01-23T00:00:00Z,CHR,10.0,2,4,1600
PAL0001,2001-01-23T00:00:00Z,CHR,11.0,2,2,1600
PAL0001,2001-01-23T00:00:00Z,COR,1.0,0,0,1400
PAL0001,2001-01-23T00:00:00Z,COR,2.0,55,105,1400
PAL0001,2001-01-23T00:00:00Z,COR,3.0,32,61,1400
PAL0001,2001-01-23T00:00:00Z,COR,4.0,0,0,1400
PAL0001,2001-01-23T00:00:00Z,COR,5.0,228,318,1400
PAL0001,2001-01-23T00:00:00Z,COR,5.1,69,158,1400
PAL0001,2001-01-23T00:00:00Z,COR,6.0,23,21,1400
PAL0001,2001-01-23T00:00:00Z,HUM,1.1,0,0,1200
PAL0001,2001-01-23T00:00:00Z,HUM,1.2,0,0,1200
PAL0001,2001-01-23T00:00:00Z,HUM,1.3,0,0,1200
PAL0001,2001-01-23T00:00:00Z,HUM,2.1,25,128,1200
PAL0001,2001-01-23T00:00:00Z,HUM,2.2,17,85,1200
PAL0001,2001-01-23T00:00:00Z,HUM,3.0,53,335,1200
PAL0001,2001-01-23T00:00:00Z,HUM,3.1,0,0,1200
PAL0001,2001-01-23T00:00:00Z,HUM,4.0,24,111,1200
PAL0001,2001-01-23T00:00:00Z,HUM,5.0,47,266,1200
PAL0001,2001-01-24T00:00:00Z,TOR,1.0,29,42,1600
PAL0001,2001-01-24T00:00:00Z,TOR,2.0,0,0,1600
PAL0001,2001-01-24T00:00:00Z,TOR,3.0,0,0,1600
PAL0001,2001-01-24T00:00:00Z,TOR,4.0,46,120,1600
PAL0001,2001-01-24T00:00:00Z,TOR,5.0,9,42,1600
PAL0001,2001-01-24T00:00:00Z,TOR,12.0,154,218,1600
PAL0001,2001-01-24T00:00:00Z,TOR,13.0,109,145,1600
PAL0001,2001-01-24T00:00:00Z,TOR,15.0,35,157,1600
PAL0001,2001-01-24T00:00:00Z,TOR,17.0,0,0,1600
PAL0001,2001-01-24T00:00:00Z,TOR,18.0,35,252,1600
PAL0001,2001-01-24T00:00:00Z,TOR,19.0,134,668,1600
PAL0001,2001-01-24T00:00:00Z,TOR,20.0,52,165,1600
PAL0001,2001-01-24T00:00:00Z,TOR,21.0,0,0,1600
PAL0001,2001-01-24T00:00:00Z,TOR,22.0,0,0,1600
PAL0001,2001-01-24T00:00:00Z,TOR,23.0,55,108,1600
PAL0001,2001-01-24T00:00:00Z,TOR,23.1,0,0,1600
PAL0102,2002-01-23T00:00:00Z,HUM,1.1,0,0,1200
PAL0102,2002-01-23T00:00:00Z,HUM,1.2,0,0,1200
PAL0102,2002-01-23T00:00:00Z,HUM,1.3,0,0,1200
PAL0102,2002-01-23T00:00:00Z,HUM,2.1,32,21,1200
PAL0102,2002-01-23T00:00:00Z,HUM,2.2,19,37,1200
PAL0102,2002-01-23T00:00:00Z,HUM,3.0,81,144,1200
PAL0102,2002-01-23T00:00:00Z,HUM,3.1,0,0,1200
PAL0102,2002-01-23T00:00:00Z,HUM,4.0,1,22,1200
PAL0102,2002-01-23T00:00:00Z,HUM,5.0,45,48,1200
PAL0102,2002-01-23T00:00:00Z,LIT,1.0,0,0,1100
PAL0102,2002-01-23T00:00:00Z,LIT,2.0,0,0,1100
PAL0102,2002-01-23T00:00:00Z,LIT,3.0,0,0,1100
PAL0102,2002-01-23T00:00:00Z,LIT,4.0,0,0,1100
PAL0102,2002-01-23T00:00:00Z,LIT,5.0,19,0,1100
PAL0102,2002-01-23T00:00:00Z,LIT,6.0,16,0,1100
PAL0102,2002-01-23T00:00:00Z,LIT,7.0,0,0,1100
PAL0102,2002-01-23T00:00:00Z,LIT,8.0,56,0,1100
PAL0102,2002-01-23T00:00:00Z,LIT,9.0,0,0,1100
PAL0102,2002-01-23T00:00:00Z,TOR,1.0,7,11,1600
PAL0102,2002-01-23T00:00:00Z,TOR,2.0,0,0,1600
PAL0102,2002-01-23T00:00:00Z,TOR,3.0,0,0,1600
PAL0102,2002-01-23T00:00:00Z,TOR,4.0,65,29,1600
PAL0102,2002-01-23T00:00:00Z,TOR,5.0,14,23,1600
PAL0102,2002-01-23T00:00:00Z,TOR,12.0,62,33,1600
PAL0102,2002-01-23T00:00:00Z,TOR,13.0,41,38,1600
PAL0102,2002-01-23T00:00:00Z,TOR,15.0,57,68,1600
PAL0102,2002-01-23T00:00:00Z,TOR,17.0,0,0,1600
PAL0102,2002-01-23T00:00:00Z,TOR,18.0,27,26,1600
PAL0102,2002-01-23T00:00:00Z,TOR,19.0,181,86,1600
PAL0102,2002-01-23T00:00:00Z,TOR,20.0,57,32,1600
PAL0102,2002-01-23T00:00:00Z,TOR,21.0,0,0,1600
PAL0102,2002-01-23T00:00:00Z,TOR,22.0,0,0,1600
PAL0102,2002-01-23T00:00:00Z,TOR,23.0,46,26,1600
PAL0102,2002-01-23T00:00:00Z,TOR,23.1,0,0,1600
PAL0102,2002-01-25T00:00:00Z,CHR,1.0,1,16,1100
PAL0102,2002-01-25T00:00:00Z,CHR,2.0,12,48,1100
PAL0102,2002-01-25T00:00:00Z,CHR,3.0,5,25,1100
PAL0102,2002-01-25T00:00:00Z,CHR,3.1,0,0,1100
PAL0102,2002-01-25T00:00:00Z,CHR,4.1,0,0,1100
PAL0102,2002-01-25T00:00:00Z,CHR,5.0,9,12,1100
PAL0102,2002-01-25T00:00:00Z,CHR,6.0,16,73,1100
PAL0102,2002-01-25T00:00:00Z,CHR,7.0,67,217,1100
PAL0102,2002-01-25T00:00:00Z,CHR,7.1,0,0,1100
PAL0102,2002-01-25T00:00:00Z,CHR,7.2,12,28,1100
PAL0102,2002-01-25T00:00:00Z,CHR,8.0,32,70,1100
PAL0102,2002-01-25T00:00:00Z,CHR,9.1,15,22,1100
PAL0102,2002-01-25T00:00:00Z,CHR,10.0,0,0,1100
PAL0102,2002-01-25T00:00:00Z,CHR,11.0,0,0,1100
PAL0102,2002-01-25T00:00:00Z,COR,1.0,0,0,1000
PAL0102,2002-01-25T00:00:00Z,COR,2.0,18,38,1000
PAL0102,2002-01-25T00:00:00Z,COR,3.0,8,26,1000
PAL0102,2002-01-25T00:00:00Z,COR,4.0,0,0,1000
PAL0102,2002-01-25T00:00:00Z,COR,5.0,42,47,1000
PAL0102,2002-01-25T00:00:00Z,COR,5.1,17,63,1000
PAL0102,2002-01-25T00:00:00Z,COR,6.0,0,0,1000
PAL0203,2003-01-25T00:00:00Z,CHR,1.0,108,98,1100
PAL0203,2003-01-25T00:00:00Z,CHR,2.0,27,19,1100
PAL0203,2003-01-25T00:00:00Z,CHR,3.0,44,46,1100
PAL0203,2003-01-25T00:00:00Z,CHR,3.1,13,8,1100
PAL0203,2003-01-25T00:00:00Z,CHR,4.1,0,0,1100
PAL0203,2003-01-25T00:00:00Z,CHR,5.0,25,23,1100
PAL0203,2003-01-25T00:00:00Z,CHR,6.0,105,91,1100
PAL0203,2003-01-25T00:00:00Z,CHR,7.0,248,287,1100
PAL0203,2003-01-25T00:00:00Z,CHR,7.1,5,3,1100
PAL0203,2003-01-25T00:00:00Z,CHR,7.2,44,44,1100
PAL0203,2003-01-25T00:00:00Z,CHR,8.0,100,112,1100
PAL0203,2003-01-25T00:00:00Z,CHR,9.1,44,44,1100
PAL0203,2003-01-25T00:00:00Z,CHR,10.0,0,0,1100
PAL0203,2003-01-25T00:00:00Z,CHR,11.0,2,0,1100
PAL0203,2003-01-25T00:00:00Z,COR,1.0,0,0,1000
PAL0203,2003-01-25T00:00:00Z,COR,2.0,63,70,1000
PAL0203,2003-01-25T00:00:00Z,COR,3.0,42,45,1000
PAL0203,2003-01-25T00:00:00Z,COR,4.0,0,0,1000
PAL0203,2003-01-25T00:00:00Z,COR,5.0,162,168,1000
PAL0203,2003-01-25T00:00:00Z,COR,5.1,90,113,1000
PAL0203,2003-01-25T00:00:00Z,COR,6.0,5,3,1000
PAL0203,2003-01-25T00:00:00Z,HUM,1.1,0,0,1200
PAL0203,2003-01-25T00:00:00Z,HUM,1.2,0,0,1200
PAL0203,2003-01-25T00:00:00Z,HUM,1.3,0,0,1200
PAL0203,2003-01-25T00:00:00Z,HUM,2.1,45,50,1200
PAL0203,2003-01-25T00:00:00Z,HUM,2.2,35,63,1200
PAL0203,2003-01-25T00:00:00Z,HUM,3.0,211,267,1200
PAL0203,2003-01-25T00:00:00Z,HUM,3.1,0,0,1200
PAL0203,2003-01-25T00:00:00Z,HUM,4.0,44,55,1200
PAL0203,2003-01-25T00:00:00Z,HUM,5.0,130,171,1200
PAL0203,2003-01-25T00:00:00Z,LIT,1.0,0,0,1100
PAL0203,2003-01-25T00:00:00Z,LIT,2.0,0,0,1100
PAL0203,2003-01-25T00:00:00Z,LIT,3.0,0,0,1100
PAL0203,2003-01-25T00:00:00Z,LIT,4.0,0,0,1100
PAL0203,2003-01-25T00:00:00Z,LIT,5.0,2,0,1100
PAL0203,2003-01-25T00:00:00Z,LIT,6.0,0,0,1100
PAL0203,2003-01-25T00:00:00Z,LIT,7.0,0,0,1100
PAL0203,2003-01-25T00:00:00Z,LIT,8.0,56,4,1100
PAL0203,2003-01-25T00:00:00Z,LIT,9.0,0,0,1100
PAL0203,2003-01-25T00:00:00Z,TOR,1.0,14,7,1600
PAL0203,2003-01-25T00:00:00Z,TOR,2.0,0,0,1600
PAL0203,2003-01-25T00:00:00Z,TOR,3.0,0,0,1600
PAL0203,2003-01-25T00:00:00Z,TOR,4.0,70,78,1600
PAL0203,2003-01-25T00:00:00Z,TOR,5.0,35,35,1600
PAL0203,2003-01-25T00:00:00Z,TOR,12.0,87,83,1600
PAL0203,2003-01-25T00:00:00Z,TOR,13.0,63,45,1600
PAL0203,2003-01-25T00:00:00Z,TOR,15.0,82,107,1600
PAL0203,2003-01-25T00:00:00Z,TOR,17.0,0,0,1600
PAL0203,2003-01-25T00:00:00Z,TOR,18.0,95,122,1600
PAL0203,2003-01-25T00:00:00Z,TOR,19.0,336,447,1600
PAL0203,2003-01-25T00:00:00Z,TOR,20.0,82,105,1600
PAL0203,2003-01-25T00:00:00Z,TOR,21.0,0,0,1600
PAL0203,2003-01-25T00:00:00Z,TOR,22.0,0,0,1600
PAL0203,2003-01-25T00:00:00Z,TOR,23.0,69,63,1600
PAL0203,2003-01-25T00:00:00Z,TOR,23.1,0,0,1600
PAL0304,2004-01-21T00:00:00Z,HUM,1.1,0,0,
PAL0304,2004-01-21T00:00:00Z,HUM,1.2,0,0,
PAL0304,2004-01-21T00:00:00Z,HUM,1.3,0,0,
PAL0304,2004-01-21T00:00:00Z,HUM,2.1,40,58,
PAL0304,2004-01-21T00:00:00Z,HUM,2.2,43,56,
PAL0304,2004-01-21T00:00:00Z,HUM,3.0,195,211,
PAL0304,2004-01-21T00:00:00Z,HUM,3.1,0,0,
PAL0304,2004-01-21T00:00:00Z,HUM,4.0,35,40,
PAL0304,2004-01-21T00:00:00Z,HUM,5.0,102,137,
PAL0304,2004-01-21T00:00:00Z,LIT,1.0,0,0,
PAL0304,2004-01-21T00:00:00Z,LIT,2.0,0,0,
PAL0304,2004-01-21T00:00:00Z,LIT,3.0,0,0,
PAL0304,2004-01-21T00:00:00Z,LIT,4.0,0,0,
PAL0304,2004-01-21T00:00:00Z,LIT,5.0,0,0,
PAL0304,2004-01-21T00:00:00Z,LIT,6.0,0,0,
PAL0304,2004-01-21T00:00:00Z,LIT,7.0,0,0,
PAL0304,2004-01-21T00:00:00Z,LIT,8.0,46,28,
PAL0304,2004-01-21T00:00:00Z,LIT,9.0,0,0,
PAL0304,2004-01-21T00:00:00Z,TOR,1.0,13,8,
PAL0304,2004-01-21T00:00:00Z,TOR,2.0,0,0,
PAL0304,2004-01-21T00:00:00Z,TOR,3.0,0,0,
PAL0304,2004-01-21T00:00:00Z,TOR,4.0,65,75,
PAL0304,2004-01-21T00:00:00Z,TOR,5.0,29,44,
PAL0304,2004-01-21T00:00:00Z,TOR,12.0,70,67,
PAL0304,2004-01-21T00:00:00Z,TOR,13.0,40,33,
PAL0304,2004-01-21T00:00:00Z,TOR,15.0,81,113,
PAL0304,2004-01-21T00:00:00Z,TOR,17.0,0,0,
PAL0304,2004-01-21T00:00:00Z,TOR,18.0,89,132,
PAL0304,2004-01-21T00:00:00Z,TOR,19.0,272,389,
PAL0304,2004-01-21T00:00:00Z,TOR,20.0,77,118,
PAL0304,2004-01-21T00:00:00Z,TOR,21.0,0,0,
PAL0304,2004-01-21T00:00:00Z,TOR,22.0,0,0,
PAL0304,2004-01-21T00:00:00Z,TOR,23.0,68,55,
PAL0304,2004-01-21T00:00:00Z,TOR,23.1,0,0,
PAL0304,2004-01-23T00:00:00Z,CHR,1.0,96,91,1100
PAL0304,2004-01-23T00:00:00Z,CHR,2.0,21,20,
PAL0304,2004-01-23T00:00:00Z,CHR,3.0,45,39,
PAL0304,2004-01-23T00:00:00Z,CHR,3.1,12,7,
PAL0304,2004-01-23T00:00:00Z,CHR,4.1,0,0,
PAL0304,2004-01-23T00:00:00Z,CHR,5.0,24,21,
PAL0304,2004-01-23T00:00:00Z,CHR,6.0,0,0,
PAL0304,2004-01-23T00:00:00Z,CHR,7.0,41,55,
PAL0304,2004-01-23T00:00:00Z,CHR,7.1,277,331,
PAL0304,2004-01-23T00:00:00Z,CHR,7.2,81,127,
PAL0304,2004-01-23T00:00:00Z,CHR,8.0,96,110,
PAL0304,2004-01-23T00:00:00Z,CHR,9.1,43,50,
PAL0304,2004-01-23T00:00:00Z,CHR,10.0,0,0,
PAL0304,2004-01-23T00:00:00Z,CHR,11.0,2,0,
PAL0304,2004-01-23T00:00:00Z,COR,1.0,0,0,
PAL0304,2004-01-23T00:00:00Z,COR,2.0,62,67,
PAL0304,2004-01-23T00:00:00Z,COR,3.0,44,32,
PAL0304,2004-01-23T00:00:00Z,COR,4.0,0,0,
PAL0304,2004-01-23T00:00:00Z,COR,5.0,135,130,
PAL0304,2004-01-23T00:00:00Z,COR,5.1,86,103,
PAL0304,2004-01-23T00:00:00Z,COR,6.0,0,0,
PAL0405,2005-01-26T00:00:00Z,HUM,1.1,0,0,
PAL0405,2005-01-26T00:00:00Z,HUM,1.2,0,0,
PAL0405,2005-01-26T00:00:00Z,HUM,1.3,0,0,
PAL0405,2005-01-26T00:00:00Z,HUM,2.1,45,40,
PAL0405,2005-01-26T00:00:00Z,HUM,2.2,45,50,
PAL0405,2005-01-26T00:00:00Z,HUM,3.0,0,0,
PAL0405,2005-01-26T00:00:00Z,HUM,3.1,0,0,
PAL0405,2005-01-26T00:00:00Z,HUM,4.0,20,23,
PAL0405,2005-01-26T00:00:00Z,HUM,5.0,78,73,
PAL0405,2005-01-26T00:00:00Z,TOR,1.0,0,0,
PAL0405,2005-01-26T00:00:00Z,TOR,2.0,0,0,
PAL0405,2005-01-26T00:00:00Z,TOR,3.0,0,0,
PAL0405,2005-01-26T00:00:00Z,TOR,4.0,63,54,
PAL0405,2005-01-26T00:00:00Z,TOR,5.0,28,26,
PAL0405,2005-01-26T00:00:00Z,TOR,12.0,42,25,
PAL0405,2005-01-26T00:00:00Z,TOR,13.0,17,19,
PAL0405,2005-01-26T00:00:00Z,TOR,15.0,76,90,
PAL0405,2005-01-26T00:00:00Z,TOR,17.0,0,0,
PAL0405,2005-01-26T00:00:00Z,TOR,18.0,0,45,
PAL0405,2005-01-26T00:00:00Z,TOR,19.0,0,296,
PAL0405,2005-01-26T00:00:00Z,TOR,20.0,69,94,
PAL0405,2005-01-26T00:00:00Z,TOR,21.0,0,0,
PAL0405,2005-01-26T00:00:00Z,TOR,22.0,0,0,
PAL0405,2005-01-26T00:00:00Z,TOR,23.0,42,12,
PAL0405,2005-01-26T00:00:00Z,TOR,23.1,0,0,
PAL0405,2005-01-27T00:00:00Z,CHR,1.0,45,27,1100
PAL0405,2005-01-27T00:00:00Z,CHR,2.0,0,0,
PAL0405,2005-01-27T00:00:00Z,CHR,3.0,26,37,
PAL0405,2005-01-27T00:00:00Z,CHR,3.1,0,0,
PAL0405,2005-01-27T00:00:00Z,CHR,4.1,0,0,
PAL0405,2005-01-27T00:00:00Z,CHR,5.0,14,7,
PAL0405,2005-01-27T00:00:00Z,CHR,6.0,76,98,
PAL0405,2005-01-27T00:00:00Z,CHR,7.0,0,0,
PAL0405,2005-01-27T00:00:00Z,CHR,7.1,0,0,
PAL0405,2005-01-27T00:00:00Z,CHR,7.2,0,39,
PAL0405,2005-01-27T00:00:00Z,CHR,8.0,94,99,
PAL0405,2005-01-27T00:00:00Z,CHR,9.1,41,43,
PAL0405,2005-01-27T00:00:00Z,CHR,10.0,0,0,
PAL0405,2005-01-27T00:00:00Z,CHR,11.0,0,0,
PAL0405,2005-01-27T00:00:00Z,COR,1.0,0,0,
PAL0405,2005-01-27T00:00:00Z,COR,2.0,48,54,
PAL0405,2005-01-27T00:00:00Z,COR,3.0,31,42,
PAL0405,2005-01-27T00:00:00Z,COR,4.0,0,0,
PAL0405,2005-01-27T00:00:00Z,COR,5.0,0,52,
PAL0405,2005-01-27T00:00:00Z,COR,5.1,69,79,
PAL0405,2005-01-27T00:00:00Z,COR,6.0,0,0,
PAL0405,2005-01-27T00:00:00Z,LIT,1.0,0,0,
PAL0405,2005-01-27T00:00:00Z,LIT,2.0,0,0,
PAL0405,2005-01-27T00:00:00Z,LIT,3.0,0,0,
PAL0405,2005-01-27T00:00:00Z,LIT,4.0,0,0,
PAL0405,2005-01-27T00:00:00Z,LIT,5.0,0,0,
PAL0405,2005-01-27T00:00:00Z,LIT,6.0,0,0,
PAL0405,2005-01-27T00:00:00Z,LIT,7.0,0,0,
PAL0405,2005-01-27T00:00:00Z,LIT,8.0,30,14,
PAL0405,2005-01-27T00:00:00Z,LIT,9.0,0,0,
PAL0506,2006-01-16T00:00:00Z,LIT,1.0,0,0,
PAL0506,2006-01-16T00:00:00Z,LIT,2.0,0,0,
PAL0506,2006-01-16T00:00:00Z,LIT,3.0,0,0,
PAL0506,2006-01-16T00:00:00Z,LIT,4.0,0,0,
PAL0506,2006-01-16T00:00:00Z,LIT,5.0,0,0,
PAL0506,2006-01-16T00:00:00Z,LIT,6.0,0,0,
PAL0506,2006-01-16T00:00:00Z,LIT,7.0,0,0,
PAL0506,2006-01-16T00:00:00Z,LIT,8.0,6,5,
PAL0506,2006-01-16T00:00:00Z,LIT,9.0,0,0,
PAL0506,2006-01-18T00:00:00Z,CHR,1.0,40,30,1100
PAL0506,2006-01-18T00:00:00Z,CHR,2.0,0,0,
PAL0506,2006-01-18T00:00:00Z,CHR,3.0,40,35,
PAL0506,2006-01-18T00:00:00Z,CHR,3.1,0,0,
PAL0506,2006-01-18T00:00:00Z,CHR,4.1,0,0,
PAL0506,2006-01-18T00:00:00Z,CHR,5.0,12,4,
PAL0506,2006-01-18T00:00:00Z,CHR,6.0,75,90,
PAL0506,2006-01-18T00:00:00Z,CHR,7.0,243,246,
PAL0506,2006-01-18T00:00:00Z,CHR,7.1,0,0,
PAL0506,2006-01-18T00:00:00Z,CHR,7.2,27,23,
PAL0506,2006-01-18T00:00:00Z,CHR,8.0,98,95,
PAL0506,2006-01-18T00:00:00Z,CHR,9.1,36,49,
PAL0506,2006-01-18T00:00:00Z,CHR,10.0,0,0,
PAL0506,2006-01-18T00:00:00Z,CHR,11.0,0,0,
PAL0506,2006-01-18T00:00:00Z,COR,1.0,0,0,
PAL0506,2006-01-18T00:00:00Z,COR,2.0,52,60,
PAL0506,2006-01-18T00:00:00Z,COR,3.0,32,42,
PAL0506,2006-01-18T00:00:00Z,COR,4.0,0,0,
PAL0506,2006-01-18T00:00:00Z,COR,5.0,23,21,
PAL0506,2006-01-18T00:00:00Z,COR,5.1,66,75,
PAL0506,2006-01-18T00:00:00Z,COR,6.0,0,0,
PAL0506,2006-01-18T00:00:00Z,HUM,1.1,0,0,
PAL0506,2006-01-18T00:00:00Z,HUM,1.2,0,0,
PAL0506,2006-01-18T00:00:00Z,HUM,1.3,0,0,
PAL0506,2006-01-18T00:00:00Z,HUM,2.1,23,42,
PAL0506,2006-01-18T00:00:00Z,HUM,2.2,22,53,
PAL0506,2006-01-18T00:00:00Z,HUM,3.0,48,83,
PAL0506,2006-01-18T00:00:00Z,HUM,3.1,0,0,
PAL0506,2006-01-18T00:00:00Z,HUM,4.0,8,14,
PAL0506,2006-01-18T00:00:00Z,HUM,5.0,35,74,
PAL0506,2006-01-18T00:00:00Z,TOR,1.0,0,0,
PAL0506,2006-01-18T00:00:00Z,TOR,2.0,0,0,
PAL0506,2006-01-18T00:00:00Z,TOR,3.0,0,0,
PAL0506,2006-01-18T00:00:00Z,TOR,4.0,34,24,
PAL0506,2006-01-18T00:00:00Z,TOR,5.0,18,24,
PAL0506,2006-01-18T00:00:00Z,TOR,12.0,7,3,
PAL0506,2006-01-18T00:00:00Z,TOR,13.0,0,0,
PAL0506,2006-01-18T00:00:00Z,TOR,15.0,60,60,
PAL0506,2006-01-18T00:00:00Z,TOR,17.0,0,0,
PAL0506,2006-01-18T00:00:00Z,TOR,18.0,30,42,
PAL0506,2006-01-18T00:00:00Z,TOR,19.0,184,252,
PAL0506,2006-01-18T00:00:00Z,TOR,20.0,50,68,
PAL0506,2006-01-18T00:00:00Z,TOR,21.0,0,0,
PAL0506,2006-01-18T00:00:00Z,TOR,22.0,0,0,
PAL0506,2006-01-18T00:00:00Z,TOR,23.0,7,0,
PAL0506,2006-01-18T00:00:00Z,TOR,23.1,0,0,
PAL0607,2007-01-22T00:00:00Z,CHR,1.0,16,14,1100
PAL0607,2007-01-22T00:00:00Z,CHR,2.0,0,0,
PAL0607,2007-01-22T00:00:00Z,CHR,3.0,31,26,
PAL0607,2007-01-22T00:00:00Z,CHR,3.1,0,0,
PAL0607,2007-01-22T00:00:00Z,CHR,4.1,0,0,
PAL0607,2007-01-22T00:00:00Z,CHR,5.0,0,0,
PAL0607,2007-01-22T00:00:00Z,CHR,6.0,59,41,
PAL0607,2007-01-22T00:00:00Z,CHR,7.0,0,234,
PAL0607,2007-01-22T00:00:00Z,CHR,7.1,0,0,
PAL0607,2007-01-22T00:00:00Z,CHR,7.2,0,18,
PAL0607,2007-01-22T00:00:00Z,CHR,8.0,87,54,
PAL0607,2007-01-22T00:00:00Z,CHR,9.1,38,49,
PAL0607,2007-01-22T00:00:00Z,CHR,10.0,0,0,
PAL0607,2007-01-22T00:00:00Z,COR,1.0,0,0,
PAL0607,2007-01-22T00:00:00Z,COR,2.0,41,35,
PAL0607,2007-01-22T00:00:00Z,COR,3.0,30,29,
PAL0607,2007-01-22T00:00:00Z,COR,4.0,0,0,
PAL0607,2007-01-22T00:00:00Z,COR,5.0,23,11,
PAL0607,2007-01-22T00:00:00Z,COR,5.1,55,47,
PAL0607,2007-01-22T00:00:00Z,COR,6.0,0,0,
PAL0607,2007-01-24T00:00:00Z,HUM,1.1,0,0,
PAL0607,2007-01-24T00:00:00Z,HUM,1.2,0,0,
PAL0607,2007-01-24T00:00:00Z,HUM,1.3,0,0,
PAL0607,2007-01-24T00:00:00Z,HUM,2.1,24,33,
PAL0607,2007-01-24T00:00:00Z,HUM,2.2,27,44,
PAL0607,2007-01-24T00:00:00Z,HUM,3.1,0,0,
PAL0607,2007-01-24T00:00:00Z,HUM,4.0,0,0,
PAL0607,2007-01-24T00:00:00Z,HUM,5.0,29,27,
PAL0607,2007-01-24T00:00:00Z,LIT,1.0,0,0,
PAL0607,2007-01-24T00:00:00Z,LIT,2.0,0,0,
PAL0607,2007-01-24T00:00:00Z,LIT,3.0,0,0,
PAL0607,2007-01-24T00:00:00Z,LIT,4.0,0,0,
PAL0607,2007-01-24T00:00:00Z,LIT,5.0,0,0,
PAL0607,2007-01-24T00:00:00Z,LIT,6.0,0,0,
PAL0607,2007-01-24T00:00:00Z,LIT,7.0,0,0,
PAL0607,2007-01-24T00:00:00Z,LIT,8.0,0,0,
PAL0607,2007-01-24T00:00:00Z,LIT,9.0,0,0,
PAL0607,2007-01-24T00:00:00Z,TOR,1.0,0,0,
PAL0607,2007-01-24T00:00:00Z,TOR,2.0,0,0,
PAL0607,2007-01-24T00:00:00Z,TOR,3.0,0,0,
PAL0607,2007-01-24T00:00:00Z,TOR,4.0,21,20,
PAL0607,2007-01-24T00:00:00Z,TOR,5.0,10,3,
PAL0607,2007-01-24T00:00:00Z,TOR,12.0,0,0,
PAL0607,2007-01-24T00:00:00Z,TOR,13.0,0,0,
PAL0607,2007-01-24T00:00:00Z,TOR,15.0,52,46,
PAL0607,2007-01-24T00:00:00Z,TOR,17.0,0,0,
PAL0607,2007-01-24T00:00:00Z,TOR,18.0,34,28,
PAL0607,2007-01-24T00:00:00Z,TOR,19.0,150,148,
PAL0607,2007-01-24T00:00:00Z,TOR,20.0,48,52,
PAL0607,2007-01-24T00:00:00Z,TOR,21.0,0,0,
PAL0607,2007-01-24T00:00:00Z,TOR,22.0,0,0,
PAL0607,2007-01-24T00:00:00Z,TOR,23.0,0,0,
PAL0607,2007-01-24T00:00:00Z,TOR,23.1,0,0,
PAL0607,2007-01-25T00:00:00Z,HUM,3.0,57,136,
PAL0708,2008-01-23T00:00:00Z,CHR,1.0,15,7,1100
PAL0708,2008-01-23T00:00:00Z,CHR,2.0,0,0,
PAL0708,2008-01-23T00:00:00Z,CHR,3.0,27,33,
PAL0708,2008-01-23T00:00:00Z,CHR,4.1,0,0,
PAL0708,2008-01-23T00:00:00Z,CHR,5.0,0,0,
PAL0708,2008-01-23T00:00:00Z,CHR,6.0,47,36,
PAL0708,2008-01-23T00:00:00Z,CHR,7.0,195,171,
PAL0708,2008-01-23T00:00:00Z,CHR,7.1,0,0,
PAL0708,2008-01-23T00:00:00Z,CHR,7.2,18,17,
PAL0708,2008-01-23T00:00:00Z,CHR,8.0,54,47,
PAL0708,2008-01-23T00:00:00Z,CHR,9.1,33,40,
PAL0708,2008-01-23T00:00:00Z,CHR,10.0,0,0,
PAL0708,2008-01-23T00:00:00Z,CHR,11.0,0,0,
PAL0708,2008-01-23T00:00:00Z,COR,1.0,0,0,
PAL0708,2008-01-23T00:00:00Z,COR,2.0,33,31,
PAL0708,2008-01-23T00:00:00Z,COR,3.0,21,21,
PAL0708,2008-01-23T00:00:00Z,COR,4.0,0,0,
PAL0708,2008-01-23T00:00:00Z,COR,5.0,13,5,
PAL0708,2008-01-23T00:00:00Z,COR,5.1,50,35,
PAL0708,2008-01-23T00:00:00Z,COR,6.0,0,0,
PAL0708,2008-01-23T00:00:00Z,HUM,1.1,0,0,
PAL0708,2008-01-23T00:00:00Z,HUM,1.2,0,0,
PAL0708,2008-01-23T00:00:00Z,HUM,1.3,0,0,
PAL0708,2008-01-23T00:00:00Z,HUM,2.1,32,15,
PAL0708,2008-01-23T00:00:00Z,HUM,2.2,31,46,
PAL0708,2008-01-23T00:00:00Z,HUM,3.0,60,87,
PAL0708,2008-01-23T00:00:00Z,HUM,3.1,0,0,
PAL0708,2008-01-23T00:00:00Z,HUM,4.0,0,0,
PAL0708,2008-01-23T00:00:00Z,HUM,5.0,34,34,
PAL0708,2008-01-23T00:00:00Z,LIT,1.0,0,0,
PAL0708,2008-01-23T00:00:00Z,LIT,2.0,0,0,
PAL0708,2008-01-23T00:00:00Z,LIT,3.0,0,0,
PAL0708,2008-01-23T00:00:00Z,LIT,4.0,0,0,
PAL0708,2008-01-23T00:00:00Z,LIT,5.0,0,0,
PAL0708,2008-01-23T00:00:00Z,LIT,6.0,0,0,
PAL0708,2008-01-23T00:00:00Z,LIT,7.0,0,0,
PAL0708,2008-01-23T00:00:00Z,LIT,8.0,0,0,
PAL0708,2008-01-23T00:00:00Z,LIT,9.0,0,0,
PAL0708,2008-01-23T00:00:00Z,TOR,1.0,0,0,
PAL0708,2008-01-23T00:00:00Z,TOR,2.0,0,0,
PAL0708,2008-01-23T00:00:00Z,TOR,3.0,0,0,
PAL0708,2008-01-23T00:00:00Z,TOR,4.0,22,2,
PAL0708,2008-01-23T00:00:00Z,TOR,5.0,0,0,
PAL0708,2008-01-23T00:00:00Z,TOR,12.0,0,0,
PAL0708,2008-01-23T00:00:00Z,TOR,13.0,0,0,
PAL0708,2008-01-23T00:00:00Z,TOR,15.0,36,19,
PAL0708,2008-01-23T00:00:00Z,TOR,17.0,0,0,
PAL0708,2008-01-23T00:00:00Z,TOR,18.0,27,20,
PAL0708,2008-01-23T00:00:00Z,TOR,19.0,148,119,
PAL0708,2008-01-23T00:00:00Z,TOR,20.0,52,29,
PAL0708,2008-01-23T00:00:00Z,TOR,21.0,0,0,
PAL0708,2008-01-23T00:00:00Z,TOR,22.0,0,0,
PAL0708,2008-01-23T00:00:00Z,TOR,23.0,0,0,
PAL0708,2008-01-23T00:00:00Z,TOR,23.1,0,0,
PAL0809,2009-01-16T00:00:00Z,CHR,1.0,11,8,1100
PAL0809,2009-01-16T00:00:00Z,CHR,2.0,0,0,
PAL0809,2009-01-16T00:00:00Z,CHR,3.0,22,10,
PAL0809,2009-01-16T00:00:00Z,CHR,4.1,0,0,
PAL0809,2009-01-16T00:00:00Z,CHR,5.0,0,0,
PAL0809,2009-01-16T00:00:00Z,CHR,6.0,45,22,
PAL0809,2009-01-16T00:00:00Z,CHR,7.0,209,139,
PAL0809,2009-01-16T00:00:00Z,CHR,7.1,0,0,
PAL0809,2009-01-16T00:00:00Z,CHR,7.2,16,10,
PAL0809,2009-01-16T00:00:00Z,CHR,8.0,57,35,
PAL0809,2009-01-16T00:00:00Z,CHR,9.1,37,37,
PAL0809,2009-01-16T00:00:00Z,CHR,10.0,0,0,
PAL0809,2009-01-16T00:00:00Z,CHR,11.0,0,0,
PAL0809,2009-01-16T00:00:00Z,COR,1.0,0,0,
PAL0809,2009-01-16T00:00:00Z,COR,2.0,40,31,
PAL0809,2009-01-16T00:00:00Z,COR,3.0,28,35,
PAL0809,2009-01-16T00:00:00Z,COR,4.0,0,0,
PAL0809,2009-01-16T00:00:00Z,COR,5.0,9,8,
PAL0809,2009-01-16T00:00:00Z,COR,5.1,46,43,
PAL0809,2009-01-16T00:00:00Z,COR,6.0,0,0,
PAL0809,2009-01-16T00:00:00Z,HUM,1.1,0,0,
PAL0809,2009-01-16T00:00:00Z,HUM,1.2,0,0,
PAL0809,2009-01-16T00:00:00Z,HUM,1.3,0,0,
PAL0809,2009-01-16T00:00:00Z,HUM,2.1,28,23,
PAL0809,2009-01-16T00:00:00Z,HUM,2.2,38,45,
PAL0809,2009-01-16T00:00:00Z,HUM,3.0,69,78,
PAL0809,2009-01-16T00:00:00Z,HUM,3.1,0,0,
PAL0809,2009-01-16T00:00:00Z,HUM,4.0,0,0,
PAL0809,2009-01-16T00:00:00Z,HUM,5.0,28,28,
PAL0809,2009-01-16T00:00:00Z,LIT,1.0,0,0,
PAL0809,2009-01-16T00:00:00Z,LIT,2.0,0,0,
PAL0809,2009-01-16T00:00:00Z,LIT,3.0,0,0,
PAL0809,2009-01-16T00:00:00Z,LIT,4.0,0,0,
PAL0809,2009-01-16T00:00:00Z,LIT,5.0,0,0,
PAL0809,2009-01-16T00:00:00Z,LIT,6.0,0,0,
PAL0809,2009-01-16T00:00:00Z,LIT,7.0,0,0,
PAL0809,2009-01-16T00:00:00Z,LIT,8.0,0,0,
PAL0809,2009-01-16T00:00:00Z,LIT,9.0,0,0,
PAL0809,2009-01-16T00:00:00Z,TOR,1.0,0,0,
PAL0809,2009-01-16T00:00:00Z,TOR,2.0,0,0,
PAL0809,2009-01-16T00:00:00Z,TOR,3.0,0,0,
PAL0809,2009-01-16T00:00:00Z,TOR,4.0,20,8,
PAL0809,2009-01-16T00:00:00Z,TOR,5.0,0,0,
PAL0809,2009-01-16T00:00:00Z,TOR,12.0,0,0,
PAL0809,2009-01-16T00:00:00Z,TOR,13.0,0,0,
PAL0809,2009-01-16T00:00:00Z,TOR,15.0,31,13,
PAL0809,2009-01-16T00:00:00Z,TOR,17.0,0,0,
PAL0809,2009-01-16T00:00:00Z,TOR,18.0,27,23,
PAL0809,2009-01-16T00:00:00Z,TOR,19.0,157,138,
PAL0809,2009-01-16T00:00:00Z,TOR,20.0,52,45,
PAL0809,2009-01-16T00:00:00Z,TOR,21.0,0,0,
PAL0809,2009-01-16T00:00:00Z,TOR,22.0,0,0,
PAL0809,2009-01-16T00:00:00Z,TOR,23.0,0,0,
PAL0809,2009-01-16T00:00:00Z,TOR,23.1,0,0,
PAL0910,2010-01-26T00:00:00Z,CHR,1.0,9,11,1100
PAL0910,2010-01-26T00:00:00Z,CHR,2.0,0,0,
PAL0910,2010-01-26T00:00:00Z,CHR,3.0,18,16,
PAL0910,2010-01-26T00:00:00Z,CHR,4.1,0,0,
PAL0910,2010-01-26T00:00:00Z,CHR,5.0,0,0,
PAL0910,2010-01-26T00:00:00Z,CHR,6.0,29,26,
PAL0910,2010-01-26T00:00:00Z,CHR,7.0,190,152,
PAL0910,2010-01-26T00:00:00Z,CHR,7.1,0,0,
PAL0910,2010-01-26T00:00:00Z,CHR,7.2,12,10,
PAL0910,2010-01-26T00:00:00Z,CHR,8.0,42,42,
PAL0910,2010-01-26T00:00:00Z,CHR,9.1,42,35,
PAL0910,2010-01-26T00:00:00Z,CHR,10.0,0,0,
PAL0910,2010-01-26T00:00:00Z,CHR,11.0,0,0,
PAL0910,2010-01-26T00:00:00Z,COR,1.0,0,0,
PAL0910,2010-01-26T00:00:00Z,COR,2.0,29,29,
PAL0910,2010-01-26T00:00:00Z,COR,3.0,20,22,
PAL0910,2010-01-26T00:00:00Z,COR,4.0,0,0,
PAL0910,2010-01-26T00:00:00Z,COR,5.0,0,0,
PAL0910,2010-01-26T00:00:00Z,COR,5.1,45,35,
PAL0910,2010-01-26T00:00:00Z,COR,6.0,0,0,
PAL0910,2010-01-26T00:00:00Z,HUM,1.1,0,0,
PAL0910,2010-01-26T00:00:00Z,HUM,1.2,0,0,
PAL0910,2010-01-26T00:00:00Z,HUM,1.3,0,0,
PAL0910,2010-01-26T00:00:00Z,HUM,2.1,15,13,
PAL0910,2010-01-26T00:00:00Z,HUM,2.2,35,41,
PAL0910,2010-01-26T00:00:00Z,HUM,3.0,53,94,
PAL0910,2010-01-26T00:00:00Z,HUM,3.1,0,0,
PAL0910,2010-01-26T00:00:00Z,HUM,4.0,0,0,
PAL0910,2010-01-26T00:00:00Z,HUM,5.0,17,18,
PAL0910,2010-01-26T00:00:00Z,LIT,1.0,0,0,
PAL0910,2010-01-26T00:00:00Z,LIT,2.0,0,0,
PAL0910,2010-01-26T00:00:00Z,LIT,3.0,0,0,
PAL0910,2010-01-26T00:00:00Z,LIT,4.0,0,0,
PAL0910,2010-01-26T00:00:00Z,LIT,5.0,0,0,
PAL0910,2010-01-26T00:00:00Z,LIT,6.0,0,0,
PAL0910,2010-01-26T00:00:00Z,LIT,7.0,0,0,
PAL0910,2010-01-26T00:00:00Z,LIT,8.0,0,0,
PAL0910,2010-01-26T00:00:00Z,LIT,9.0,0,0,
PAL0910,2010-01-26T00:00:00Z,TOR,1.0,0,0,
PAL0910,2010-01-26T00:00:00Z,TOR,2.0,0,0,
PAL0910,2010-01-26T00:00:00Z,TOR,3.0,0,0,
PAL0910,2010-01-26T00:00:00Z,TOR,4.0,18,12,
PAL0910,2010-01-26T00:00:00Z,TOR,5.0,0,0,
PAL0910,2010-01-26T00:00:00Z,TOR,12.0,0,0,
PAL0910,2010-01-26T00:00:00Z,TOR,13.0,0,0,
PAL0910,2010-01-26T00:00:00Z,TOR,15.0,24,4,
PAL0910,2010-01-26T00:00:00Z,TOR,17.0,0,0,
PAL0910,2010-01-26T00:00:00Z,TOR,18.0,25,9,
PAL0910,2010-01-26T00:00:00Z,TOR,19.0,141,88,
PAL0910,2010-01-26T00:00:00Z,TOR,20.0,50,47,
PAL0910,2010-01-26T00:00:00Z,TOR,21.0,0,0,
PAL0910,2010-01-26T00:00:00Z,TOR,22.0,0,0,
PAL0910,2010-01-26T00:00:00Z,TOR,23.0,0,0,
PAL0910,2010-01-26T00:00:00Z,TOR,23.1,0,0,
PAL1011,2011-01-18T00:00:00Z,CHR,1.0,11,2,1300
PAL1011,2011-01-18T00:00:00Z,CHR,2.0,0,0,1300
PAL1011,2011-01-18T00:00:00Z,CHR,3.0,16,4,1300
PAL1011,2011-01-18T00:00:00Z,CHR,4.1,0,0,1300
PAL1011,2011-01-18T00:00:00Z,CHR,5.0,0,0,1300
PAL1011,2011-01-18T00:00:00Z,CHR,6.0,15,6,1300
PAL1011,2011-01-18T00:00:00Z,CHR,8.0,34,24,1300
PAL1011,2011-01-18T00:00:00Z,CHR,9.1,39,25,1300
PAL1011,2011-01-18T00:00:00Z,CHR,10.0,0,0,1300
PAL1011,2011-01-18T00:00:00Z,CHR,11.0,0,0,1300
PAL1011,2011-01-18T00:00:00Z,COR,1.0,0,0,1500
PAL1011,2011-01-18T00:00:00Z,COR,2.0,27,14,1500
PAL1011,2011-01-18T00:00:00Z,COR,3.0,21,14,1500
PAL1011,2011-01-18T00:00:00Z,COR,4.0,0,0,1500
PAL1011,2011-01-18T00:00:00Z,COR,5.0,0,0,1500
PAL1011,2011-01-18T00:00:00Z,COR,5.1,38,30,1500
PAL1011,2011-01-18T00:00:00Z,COR,6.0,0,0,1500
PAL1011,2011-01-18T00:00:00Z,HUM,1.1,0,0,1200
PAL1011,2011-01-18T00:00:00Z,HUM,1.2,0,0,1200
PAL1011,2011-01-18T00:00:00Z,HUM,1.3,0,0,1200
PAL1011,2011-01-18T00:00:00Z,HUM,2.1,19,14,1200
PAL1011,2011-01-18T00:00:00Z,HUM,2.2,33,33,1200
PAL1011,2011-01-18T00:00:00Z,HUM,3.1,0,0,1200
PAL1011,2011-01-18T00:00:00Z,HUM,4.0,0,0,1200
PAL1011,2011-01-18T00:00:00Z,HUM,5.0,24,14,1200
PAL1011,2011-01-18T00:00:00Z,LIT,1.0,0,0,1300
PAL1011,2011-01-18T00:00:00Z,LIT,2.0,0,0,1300
PAL1011,2011-01-18T00:00:00Z,LIT,3.0,0,0,1300
PAL1011,2011-01-18T00:00:00Z,LIT,4.0,0,0,1300
PAL1011,2011-01-18T00:00:00Z,LIT,5.0,0,0,1300
PAL1011,2011-01-18T00:00:00Z,LIT,6.0,0,0,1300
PAL1011,2011-01-18T00:00:00Z,LIT,7.0,0,0,1300
PAL1011,2011-01-18T00:00:00Z,LIT,8.0,0,0,1300
PAL1011,2011-01-18T00:00:00Z,LIT,9.0,0,0,1300
PAL1011,2011-01-18T00:00:00Z,TOR,1.0,0,0,1400
PAL1011,2011-01-18T00:00:00Z,TOR,2.0,0,0,1400
PAL1011,2011-01-18T00:00:00Z,TOR,3.0,0,0,1400
PAL1011,2011-01-18T00:00:00Z,TOR,4.0,8,5,1400
PAL1011,2011-01-18T00:00:00Z,TOR,5.0,0,0,1400
PAL1011,2011-01-18T00:00:00Z,TOR,12.0,0,0,1400
PAL1011,2011-01-18T00:00:00Z,TOR,13.0,0,0,1400
PAL1011,2011-01-18T00:00:00Z,TOR,15.0,8,5,1400
PAL1011,2011-01-18T00:00:00Z,TOR,17.0,0,0,1400
PAL1011,2011-01-18T00:00:00Z,TOR,20.0,41,27,1400
PAL1011,2011-01-18T00:00:00Z,TOR,21.0,0,0,1400
PAL1011,2011-01-18T00:00:00Z,TOR,22.0,0,0,1400
PAL1011,2011-01-18T00:00:00Z,TOR,23.0,0,0,1400
PAL1011,2011-01-18T00:00:00Z,TOR,23.1,0,0,1400
PAL1011,2011-01-19T00:00:00Z,CHR,7.0,169,111,1300
PAL1011,2011-01-19T00:00:00Z,CHR,7.1,0,0,1300
PAL1011,2011-01-19T00:00:00Z,CHR,7.2,9,5,1300
PAL1011,2011-01-19T00:00:00Z,HUM,3.0,71,74,1200
PAL1011,2011-01-19T00:00:00Z,TOR,18.0,20,11,1400
PAL1011,2011-01-19T00:00:00Z,TOR,19.0,120,52,1400
PAL1112,2012-01-19T00:00:00Z,CHR,1.0,9,4,1100
PAL1112,2012-01-19T00:00:00Z,CHR,2.0,0,0,1100
PAL1112,2012-01-19T00:00:00Z,CHR,3.0,9,0,1100
PAL1112,2012-01-19T00:00:00Z,CHR,4.1,0,0,1100
PAL1112,2012-01-19T00:00:00Z,CHR,5.0,0,0,1100
PAL1112,2012-01-19T00:00:00Z,CHR,6.0,21,7,1100
PAL1112,2012-01-19T00:00:00Z,CHR,7.0,195,100,1100
PAL1112,2012-01-19T00:00:00Z,CHR,7.1,0,0,1100
PAL1112,2012-01-19T00:00:00Z,CHR,7.2,4,0,1100
PAL1112,2012-01-19T00:00:00Z,CHR,8.0,33,18,1100
PAL1112,2012-01-19T00:00:00Z,CHR,9.1,32,8,1100
PAL1112,2012-01-19T00:00:00Z,CHR,10.0,0,0,1100
PAL1112,2012-01-19T00:00:00Z,CHR,11.0,0,0,1100
PAL1112,2012-01-19T00:00:00Z,COR,1.0,0,0,1000
PAL1112,2012-01-19T00:00:00Z,COR,2.0,24,11,1000
PAL1112,2012-01-19T00:00:00Z,COR,3.0,23,16,1000
PAL1112,2012-01-19T00:00:00Z,COR,4.0,0,0,1000
PAL1112,2012-01-19T00:00:00Z,COR,5.0,0,0,1000
PAL1112,2012-01-19T00:00:00Z,COR,5.1,46,24,1000
PAL1112,2012-01-19T00:00:00Z,COR,6.0,0,0,1000
PAL1112,2012-01-19T00:00:00Z,HUM,1.1,0,0,1300
PAL1112,2012-01-19T00:00:00Z,HUM,1.2,0,0,1300
PAL1112,2012-01-19T00:00:00Z,HUM,1.3,0,0,1300
PAL1112,2012-01-19T00:00:00Z,HUM,2.1,19,9,1300
PAL1112,2012-01-19T00:00:00Z,HUM,2.2,31,26,1300
PAL1112,2012-01-19T00:00:00Z,HUM,3.0,41,60,1300
PAL1112,2012-01-19T00:00:00Z,HUM,3.1,0,0,1300
PAL1112,2012-01-19T00:00:00Z,HUM,4.0,0,0,1300
PAL1112,2012-01-19T00:00:00Z,HUM,5.0,12,9,1300
PAL1112,2012-01-19T00:00:00Z,LIT,1.0,0,0,1500
PAL1112,2012-01-19T00:00:00Z,LIT,2.0,0,0,1500
PAL1112,2012-01-19T00:00:00Z,LIT,3.0,0,0,1500
PAL1112,2012-01-19T00:00:00Z,LIT,4.0,0,0,1500
PAL1112,2012-01-19T00:00:00Z,LIT,5.0,0,0,1500
PAL1112,2012-01-19T00:00:00Z,LIT,6.0,0,0,1500
PAL1112,2012-01-19T00:00:00Z,LIT,7.0,0,0,1500
PAL1112,2012-01-19T00:00:00Z,LIT,8.0,0,0,1500
PAL1112,2012-01-19T00:00:00Z,LIT,9.0,0,0,1500
PAL1112,2012-01-19T00:00:00Z,TOR,1.0,0,0,1505
PAL1112,2012-01-19T00:00:00Z,TOR,2.0,0,0,1505
PAL1112,2012-01-19T00:00:00Z,TOR,3.0,0,0,1505
PAL1112,2012-01-19T00:00:00Z,TOR,4.0,12,5,1505
PAL1112,2012-01-19T00:00:00Z,TOR,5.0,0,0,1505
PAL1112,2012-01-22T00:00:00Z,TOR,12.0,0,0,1505
PAL1112,2012-01-22T00:00:00Z,TOR,13.0,0,0,1505
PAL1112,2012-01-22T00:00:00Z,TOR,15.0,0,0,1505
PAL1112,2012-01-22T00:00:00Z,TOR,17.0,0,0,1505
PAL1112,2012-01-22T00:00:00Z,TOR,18.0,12,1,1505
PAL1112,2012-01-22T00:00:00Z,TOR,19.0,77,31,1505
PAL1112,2012-01-22T00:00:00Z,TOR,20.0,41,21,1505
PAL1112,2012-01-22T00:00:00Z,TOR,21.0,0,0,1505
PAL1112,2012-01-22T00:00:00Z,TOR,22.0,0,0,1505
PAL1112,2012-01-22T00:00:00Z,TOR,23.0,0,0,1505
PAL1112,2012-01-22T00:00:00Z,TOR,23.1,0,0,1505
PAL1213,2013-01-24T00:00:00Z,CHR,1.0,0,0,1015
PAL1213,2013-01-24T00:00:00Z,CHR,2.0,0,0,1015
PAL1213,2013-01-24T00:00:00Z,CHR,3.0,0,0,1015
PAL1213,2013-01-24T00:00:00Z,CHR,4.1,0,0,1015
PAL1213,2013-01-24T00:00:00Z,CHR,5.0,0,0,1015
PAL1213,2013-01-24T00:00:00Z,CHR,6.0,12,2,1015
PAL1213,2013-01-24T00:00:00Z,CHR,7.1,0,0,1015
PAL1213,2013-01-24T00:00:00Z,CHR,7.2,0,0,1015
PAL1213,2013-01-24T00:00:00Z,CHR,8.0,27,16,1015
PAL1213,2013-01-24T00:00:00Z,CHR,9.1,22,7,1015
PAL1213,2013-01-24T00:00:00Z,CHR,10.0,0,0,1015
PAL1213,2013-01-24T00:00:00Z,CHR,11.0,0,0,1015
PAL1213,2013-01-24T00:00:00Z,COR,1.0,0,0,1100
PAL1213,2013-01-24T00:00:00Z,COR,2.0,28,22,1100
PAL1213,2013-01-24T00:00:00Z,COR,3.0,27,13,1100
PAL1213,2013-01-24T00:00:00Z,COR,4.0,0,0,1100
PAL1213,2013-01-24T00:00:00Z,COR,5.0,0,0,1100
PAL1213,2013-01-24T00:00:00Z,COR,5.1,35,24,1100
PAL1213,2013-01-24T00:00:00Z,COR,6.0,0,0,1100
PAL1213,2013-01-26T00:00:00Z,CHR,7.0,141,95,1015
PAL1213,2013-01-26T00:00:00Z,HUM,1.1,0,0,1320
PAL1213,2013-01-26T00:00:00Z,HUM,1.2,0,0,1320
PAL1213,2013-01-26T00:00:00Z,HUM,1.3,0,0,1320
PAL1213,2013-01-26T00:00:00Z,HUM,2.1,25,23,1320
PAL1213,2013-01-26T00:00:00Z,HUM,2.2,30,30,1320
PAL1213,2013-01-26T00:00:00Z,HUM,3.0,52,78,1320
PAL1213,2013-01-26T00:00:00Z,HUM,3.1,0,0,1320
PAL1213,2013-01-26T00:00:00Z,HUM,4.0,0,0,1320
PAL1213,2013-01-26T00:00:00Z,HUM,5.0,13,9,1320
PAL1213,2013-01-26T00:00:00Z,LIT,1.0,0,0,1300
PAL1213,2013-01-26T00:00:00Z,LIT,2.0,0,0,1300
PAL1213,2013-01-26T00:00:00Z,LIT,3.0,0,0,1300
PAL1213,2013-01-26T00:00:00Z,LIT,4.0,0,0,1300
PAL1213,2013-01-26T00:00:00Z,LIT,5.0,0,0,1300
PAL1213,2013-01-26T00:00:00Z,LIT,6.0,0,0,1300
PAL1213,2013-01-26T00:00:00Z,LIT,7.0,0,0,1300
PAL1213,2013-01-26T00:00:00Z,LIT,8.0,0,0,1300
PAL1213,2013-01-26T00:00:00Z,LIT,9.0,0,0,1300
PAL1213,2013-01-26T00:00:00Z,TOR,1.0,0,0,1530
PAL1213,2013-01-26T00:00:00Z,TOR,2.0,0,0,1530
PAL1213,2013-01-26T00:00:00Z,TOR,3.0,0,0,1530
PAL1213,2013-01-26T00:00:00Z,TOR,4.0,4,1,1530
PAL1213,2013-01-26T00:00:00Z,TOR,5.0,0,0,1530
PAL1213,2013-01-26T00:00:00Z,TOR,12.0,0,0,1530
PAL1213,2013-01-26T00:00:00Z,TOR,13.0,0,0,1530
PAL1213,2013-01-26T00:00:00Z,TOR,15.0,0,0,1530
PAL1213,2013-01-26T00:00:00Z,TOR,17.0,0,0,1530
PAL1213,2013-01-26T00:00:00Z,TOR,18.0,6,1,1530
PAL1213,2013-01-26T00:00:00Z,TOR,19.0,74,35,1530
PAL1213,2013-01-26T00:00:00Z,TOR,20.0,36,17,1530
PAL1213,2013-01-26T00:00:00Z,TOR,21.0,0,0,1530
PAL1213,2013-01-26T00:00:00Z,TOR,22.0,0,0,1530
PAL1213,2013-01-26T00:00:00Z,TOR,23.0,0,0,1530
PAL1213,2013-01-26T00:00:00Z,TOR,23.1,0,0,1530
PAL1314,2014-01-24T00:00:00Z,HUM,2.1,23,16,
PAL1314,2014-01-24T00:00:00Z,HUM,2.2,32,33,
PAL1314,2014-01-24T00:00:00Z,HUM,3.0,60,88,
PAL1314,2014-01-24T00:00:00Z,HUM,3.1,0,0,
PAL1314,2014-01-24T00:00:00Z,HUM,4.0,0,0,
PAL1314,2014-01-24T00:00:00Z,HUM,5.0,9,9,
PAL1314,2014-01-24T00:00:00Z,LIT,1.0,0,0,
PAL1314,2014-01-24T00:00:00Z,LIT,2.0,0,0,
PAL1314,2014-01-24T00:00:00Z,LIT,3.0,0,0,
PAL1314,2014-01-24T00:00:00Z,LIT,4.0,0,0,
PAL1314,2014-01-24T00:00:00Z,LIT,5.0,0,0,
PAL1314,2014-01-24T00:00:00Z,LIT,6.0,0,0,
PAL1314,2014-01-24T00:00:00Z,LIT,7.0,0,0,
PAL1314,2014-01-24T00:00:00Z,LIT,8.0,0,0,
PAL1314,2014-01-24T00:00:00Z,LIT,9.0,0,0,
PAL1314,2014-01-25T00:00:00Z,CHR,1.0,0,0,
PAL1314,2014-01-25T00:00:00Z,CHR,2.0,0,0,
PAL1314,2014-01-25T00:00:00Z,CHR,3.0,0,0,
PAL1314,2014-01-25T00:00:00Z,CHR,4.1,0,0,
PAL1314,2014-01-25T00:00:00Z,CHR,5.0,0,0,
PAL1314,2014-01-25T00:00:00Z,CHR,6.0,0,0,
PAL1314,2014-01-25T00:00:00Z,CHR,7.0,149,40,
PAL1314,2014-01-25T00:00:00Z,CHR,7.1,0,0,
PAL1314,2014-01-25T00:00:00Z,CHR,7.2,0,0,
PAL1314,2014-01-25T00:00:00Z,CHR,8.0,0,0,
PAL1314,2014-01-25T00:00:00Z,CHR,9.1,0,0,
PAL1314,2014-01-25T00:00:00Z,CHR,10.0,0,0,
PAL1314,2014-01-25T00:00:00Z,CHR,11.0,0,0,
PAL1314,2014-01-25T00:00:00Z,COR,1.0,0,0,
PAL1314,2014-01-25T00:00:00Z,COR,2.0,23,15,
PAL1314,2014-01-25T00:00:00Z,COR,3.0,19,13,
PAL1314,2014-01-25T00:00:00Z,COR,4.0,0,0,
PAL1314,2014-01-25T00:00:00Z,COR,5.0,0,0,
PAL1314,2014-01-25T00:00:00Z,COR,5.1,34,17,
PAL1314,2014-01-25T00:00:00Z,COR,6.0,0,0,
PAL1314,2014-01-25T00:00:00Z,HUM,1.1,0,0,
PAL1314,2014-01-25T00:00:00Z,HUM,1.2,0,0,
PAL1314,2014-01-25T00:00:00Z,HUM,1.3,0,0,
PAL1314,2014-01-25T00:00:00Z,TOR,1.0,0,0,
PAL1314,2014-01-25T00:00:00Z,TOR,2.0,0,0,
PAL1314,2014-01-25T00:00:00Z,TOR,3.0,0,0,
PAL1314,2014-01-25T00:00:00Z,TOR,4.0,0,0,
PAL1314,2014-01-25T00:00:00Z,TOR,5.0,0,0,
PAL1314,2014-01-25T00:00:00Z,TOR,12.0,0,0,
PAL1314,2014-01-25T00:00:00Z,TOR,13.0,0,0,
PAL1314,2014-01-25T00:00:00Z,TOR,15.0,0,0,
PAL1314,2014-01-25T00:00:00Z,TOR,17.0,0,0,
PAL1314,2014-01-25T00:00:00Z,TOR,18.0,0,0,
PAL1314,2014-01-25T00:00:00Z,TOR,19.0,110,28,
PAL1314,2014-01-25T00:00:00Z,TOR,20.0,34,20,
PAL1314,2014-01-25T00:00:00Z,TOR,21.0,0,0,
PAL1314,2014-01-25T00:00:00Z,TOR,22.0,0,0,
PAL1314,2014-01-25T00:00:00Z,TOR,23.0,0,0,
PAL1314,2014-01-25T00:00:00Z,TOR,23.1,0,0,
PAL1415,2015-01-30T00:00:00Z,CHR,1.0,0,0,
PAL1415,2015-01-30T00:00:00Z,CHR,2.0,0,0,
PAL1415,2015-01-30T00:00:00Z,CHR,3.0,0,0,
PAL1415,2015-01-30T00:00:00Z,CHR,5.0,0,0,
PAL1415,2015-01-30T00:00:00Z,CHR,6.0,0,0,
PAL1415,2015-01-30T00:00:00Z,CHR,7.0,80,5,
PAL1415,2015-01-30T00:00:00Z,CHR,7.1,0,0,
PAL1415,2015-01-30T00:00:00Z,CHR,7.2,0,0,
PAL1415,2015-01-30T00:00:00Z,CHR,8.0,0,0,
PAL1415,2015-01-30T00:00:00Z,CHR,9.1,0,0,
PAL1415,2015-01-30T00:00:00Z,CHR,10.0,0,0,
PAL1415,2015-01-30T00:00:00Z,CHR,11.0,0,0,
PAL1415,2015-01-30T00:00:00Z,COR,1.0,0,0,
PAL1415,2015-01-30T00:00:00Z,COR,2.0,21,10,
PAL1415,2015-01-30T00:00:00Z,COR,3.0,13,16,
PAL1415,2015-01-30T00:00:00Z,COR,4.0,0,0,
PAL1415,2015-01-30T00:00:00Z,COR,5.0,0,0,
PAL1415,2015-01-30T00:00:00Z,COR,5.1,32,15,
PAL1415,2015-01-30T00:00:00Z,COR,6.0,0,0,
PAL1415,2015-01-30T00:00:00Z,HUM,1.1,0,0,
PAL1415,2015-01-30T00:00:00Z,HUM,1.2,0,0,
PAL1415,2015-01-30T00:00:00Z,HUM,1.3,0,0,
PAL1415,2015-01-30T00:00:00Z,HUM,2.1,4,14,
PAL1415,2015-01-30T00:00:00Z,HUM,2.2,16,33,
PAL1415,2015-01-30T00:00:00Z,HUM,3.0,14,63,
PAL1415,2015-01-30T00:00:00Z,HUM,3.1,0,0,
PAL1415,2015-01-30T00:00:00Z,HUM,4.0,0,0,
PAL1415,2015-01-30T00:00:00Z,HUM,5.0,5,5,
PAL1415,2015-01-30T00:00:00Z,LIT,1.0,0,0,
PAL1415,2015-01-30T00:00:00Z,LIT,2.0,0,0,
PAL1415,2015-01-30T00:00:00Z,LIT,3.0,0,0,
PAL1415,2015-01-30T00:00:00Z,LIT,4.0,0,0,
PAL1415,2015-01-30T00:00:00Z,LIT,5.0,0,0,
PAL1415,2015-01-30T00:00:00Z,LIT,6.0,0,0,
PAL1415,2015-01-30T00:00:00Z,LIT,7.0,0,0,
PAL1415,2015-01-30T00:00:00Z,LIT,8.0,0,0,
PAL1415,2015-01-30T00:00:00Z,LIT,9.0,0,0,
PAL1415,2015-01-30T00:00:00Z,TOR,1.0,0,0,
PAL1415,2015-01-30T00:00:00Z,TOR,2.0,0,0,
PAL1415,2015-01-30T00:00:00Z,TOR,3.0,0,0,
PAL1415,2015-01-30T00:00:00Z,TOR,4.0,0,0,
PAL1415,2015-01-30T00:00:00Z,TOR,5.0,0,0,
PAL1415,2015-01-30T00:00:00Z,TOR,12.0,0,0,
PAL1415,2015-01-30T00:00:00Z,TOR,13.0,0,0,
PAL1415,2015-01-30T00:00:00Z,TOR,15.0,0,0,
PAL1415,2015-01-30T00:00:00Z,TOR,17.0,0,0,
PAL1415,2015-01-30T00:00:00Z,TOR,18.0,0,0,
PAL1415,2015-01-30T00:00:00Z,TOR,19.0,41,2,
PAL1415,2015-01-30T00:00:00Z,TOR,20.0,21,19,
PAL1415,2015-01-30T00:00:00Z,TOR,21.0,0,0,
PAL1415,2015-01-30T00:00:00Z,TOR,22.0,0,0,
PAL1415,2015-01-30T00:00:00Z,TOR,23.0,0,0,
PAL1415,2015-01-30T00:00:00Z,TOR,23.1,0,0,
PAL1516,2016-01-24T00:00:00Z,CHR,1.0,0,0,
PAL1516,2016-01-24T00:00:00Z,CHR,2.0,0,0,
PAL1516,2016-01-24T00:00:00Z,CHR,3.0,0,0,
PAL1516,2016-01-24T00:00:00Z,CHR,4.1,0,0,
PAL1516,2016-01-24T00:00:00Z,CHR,5.0,0,0,
PAL1516,2016-01-24T00:00:00Z,CHR,6.0,0,0,
PAL1516,2016-01-24T00:00:00Z,CHR,7.0,73,11,
PAL1516,2016-01-24T00:00:00Z,CHR,7.1,0,0,
PAL1516,2016-01-24T00:00:00Z,CHR,7.2,0,0,
PAL1516,2016-01-24T00:00:00Z,CHR,8.0,0,0,
PAL1516,2016-01-24T00:00:00Z,CHR,9.1,0,0,
PAL1516,2016-01-24T00:00:00Z,CHR,10.0,0,0,
PAL1516,2016-01-24T00:00:00Z,CHR,11.0,0,0,
PAL1516,2016-01-24T00:00:00Z,COR,1.0,0,0,
PAL1516,2016-01-24T00:00:00Z,COR,2.0,17,8,
PAL1516,2016-01-24T00:00:00Z,COR,3.0,19,8,
PAL1516,2016-01-24T00:00:00Z,COR,4.0,0,0,
PAL1516,2016-01-24T00:00:00Z,COR,5.0,0,0,
PAL1516,2016-01-24T00:00:00Z,COR,5.1,21,5,
PAL1516,2016-01-24T00:00:00Z,COR,6.0,0,0,
PAL1516,2016-01-31T00:00:00Z,HUM,1.1,0,0,
PAL1516,2016-01-31T00:00:00Z,HUM,1.2,0,0,
PAL1516,2016-01-31T00:00:00Z,HUM,1.3,0,0,
PAL1516,2016-01-31T00:00:00Z,HUM,2.1,0,25,
PAL1516,2016-01-31T00:00:00Z,HUM,2.2,5,24,
PAL1516,2016-01-31T00:00:00Z,HUM,3.0,22,43,
PAL1516,2016-01-31T00:00:00Z,HUM,3.1,0,0,
PAL1516,2016-01-31T00:00:00Z,HUM,4.0,0,0,
PAL1516,2016-01-31T00:00:00Z,HUM,5.0,3,0,
PAL1516,2016-01-31T00:00:00Z,LIT,1.0,0,0,
PAL1516,2016-01-31T00:00:00Z,LIT,2.0,0,0,
PAL1516,2016-01-31T00:00:00Z,LIT,3.0,0,0,
PAL1516,2016-01-31T00:00:00Z,LIT,4.0,0,0,
PAL1516,2016-01-31T00:00:00Z,LIT,5.0,0,0,
PAL1516,2016-01-31T00:00:00Z,LIT,6.0,0,0,
PAL1516,2016-01-31T00:00:00Z,LIT,7.0,0,0,
PAL1516,2016-01-31T00:00:00Z,LIT,8.0,0,0,
PAL1516,2016-01-31T00:00:00Z,LIT,9.0,0,0,
PAL1516,2016-01-31T00:00:00Z,TOR,1.0,0,0,
PAL1516,2016-01-31T00:00:00Z,TOR,2.0,0,0,
PAL1516,2016-01-31T00:00:00Z,TOR,3.0,0,0,
PAL1516,2016-01-31T00:00:00Z,TOR,4.0,0,0,
PAL1516,2016-01-31T00:00:00Z,TOR,5.0,0,0,
PAL1516,2016-01-31T00:00:00Z,TOR,12.0,0,0,
PAL1516,2016-01-31T00:00:00Z,TOR,13.0,0,0,
PAL1516,2016-01-31T00:00:00Z,TOR,15.0,0,0,
PAL1516,2016-01-31T00:00:00Z,TOR,17.0,0,0,
PAL1516,2016-01-31T00:00:00Z,TOR,18.0,0,0,
PAL1516,2016-01-31T00:00:00Z,TOR,19.0,27,0,
PAL1516,2016-01-31T00:00:00Z,TOR,20.0,21,1,
PAL1516,2016-01-31T00:00:00Z,TOR,21.0,0,0,
PAL1516,2016-01-31T00:00:00Z,TOR,22.0,0,0,
PAL1516,2016-01-31T00:00:00Z,TOR,23.0,0,0,
PAL1516,2016-01-31T00:00:00Z,TOR,23.1,0,0,
PAL1617,2017-01-22T00:00:00Z,CHR,1.0,0,0,
PAL1617,2017-01-22T00:00:00Z,CHR,2.0,0,0,
PAL1617,2017-01-22T00:00:00Z,CHR,3.0,0,0,
PAL1617,2017-01-22T00:00:00Z,CHR,4.1,0,0,
PAL1617,2017-01-22T00:00:00Z,CHR,5.0,0,0,
PAL1617,2017-01-22T00:00:00Z,CHR,6.0,0,0,
PAL1617,2017-01-22T00:00:00Z,CHR,7.0,7,3,
PAL1617,2017-01-22T00:00:00Z,CHR,7.1,0,0,
PAL1617,2017-01-22T00:00:00Z,CHR,7.2,0,0,
PAL1617,2017-01-22T00:00:00Z,CHR,8.0,0,0,
PAL1617,2017-01-22T00:00:00Z,CHR,9.1,0,0,
PAL1617,2017-01-22T00:00:00Z,CHR,10.0,0,0,
PAL1617,2017-01-22T00:00:00Z,CHR,11.0,0,0,
PAL1617,2017-01-22T00:00:00Z,COR,1.0,0,0,
PAL1617,2017-01-22T00:00:00Z,COR,2.0,17,6,
PAL1617,2017-01-22T00:00:00Z,COR,3.0,15,4,
PAL1617,2017-01-22T00:00:00Z,COR,4.0,0,0,
PAL1617,2017-01-22T00:00:00Z,COR,5.0,0,0,
PAL1617,2017-01-22T00:00:00Z,COR,5.1,9,7,
PAL1617,2017-01-22T00:00:00Z,COR,6.0,0,0,
PAL1617,2017-01-28T00:00:00Z,HUM,1.1,0,0,
PAL1617,2017-01-28T00:00:00Z,HUM,1.2,0,0,
PAL1617,2017-01-28T00:00:00Z,HUM,1.3,0,0,
PAL1617,2017-01-28T00:00:00Z,HUM,2.1,9,11,
PAL1617,2017-01-28T00:00:00Z,HUM,2.2,19,28,
PAL1617,2017-01-28T00:00:00Z,HUM,3.0,31,53,
PAL1617,2017-01-28T00:00:00Z,HUM,3.1,0,0,
PAL1617,2017-01-28T00:00:00Z,HUM,4.0,0,0,
PAL1617,2017-01-28T00:00:00Z,HUM,5.0,0,0,
PAL1617,2017-01-28T00:00:00Z,LIT,1.0,0,0,
PAL1617,2017-01-28T00:00:00Z,LIT,2.0,0,0,
PAL1617,2017-01-28T00:00:00Z,LIT,3.0,0,0,
PAL1617,2017-01-28T00:00:00Z,LIT,4.0,0,0,
PAL1617,2017-01-28T00:00:00Z,LIT,5.0,0,0,
PAL1617,2017-01-28T00:00:00Z,LIT,6.0,0,0,
PAL1617,2017-01-28T00:00:00Z,LIT,7.0,0,0,
PAL1617,2017-01-28T00:00:00Z,LIT,8.0,0,0,
PAL1617,2017-01-28T00:00:00Z,LIT,9.0,0,0,
PAL1617,2017-01-28T00:00:00Z,TOR,1.0,0,0,
PAL1617,2017-01-28T00:00:00Z,TOR,2.0,0,0,
PAL1617,2017-01-28T00:00:00Z,TOR,3.0,0,0,
PAL1617,2017-01-28T00:00:00Z,TOR,4.0,0,0,
PAL1617,2017-01-28T00:00:00Z,TOR,5.0,0,0,
PAL1617,2017-01-28T00:00:00Z,TOR,12.0,0,0,
PAL1617,2017-01-28T00:00:00Z,TOR,13.0,0,0,
PAL1617,2017-01-28T00:00:00Z,TOR,15.0,0,0,
PAL1617,2017-01-28T00:00:00Z,TOR,17.0,0,0,
PAL1617,2017-01-28T00:00:00Z,TOR,18.0,0,0,
PAL1617,2017-01-28T00:00:00Z,TOR,19.0,21,1,
PAL1617,2017-01-28T00:00:00Z,TOR,20.0,15,5,
PAL1617,2017-01-28T00:00:00Z,TOR,21.0,0,0,
PAL1617,2017-01-28T00:00:00Z,TOR,22.0,0,0,
PAL1617,2017-01-28T00:00:00Z,TOR,23.0,0,0,
PAL1617,2017-01-28T00:00:00Z,TOR,23.1,0,0,
PAL1718,2018-01-27T00:00:00Z,CHR,1.0,0,0,
PAL1718,2018-01-27T00:00:00Z,CHR,2.0,0,0,
PAL1718,2018-01-27T00:00:00Z,CHR,3.0,0,0,
PAL1718,2018-01-27T00:00:00Z,CHR,4.1,0,0,
PAL1718,2018-01-27T00:00:00Z,CHR,5.0,0,0,
PAL1718,2018-01-27T00:00:00Z,CHR,6.0,0,0,
PAL1718,2018-01-27T00:00:00Z,CHR,7.0,22,26,
PAL1718,2018-01-27T00:00:00Z,CHR,7.1,0,0,
PAL1718,2018-01-27T00:00:00Z,CHR,7.2,0,0,
PAL1718,2018-01-27T00:00:00Z,CHR,8.0,0,0,
PAL1718,2018-01-27T00:00:00Z,CHR,9.1,0,0,
PAL1718,2018-01-27T00:00:00Z,CHR,10.0,0,0,
PAL1718,2018-01-27T00:00:00Z,CHR,11.0,0,0,
PAL1718,2018-01-27T00:00:00Z,COR,1.0,0,0,
PAL1718,2018-01-27T00:00:00Z,COR,2.0,13,9,
PAL1718,2018-01-27T00:00:00Z,COR,3.0,13,5,
PAL1718,2018-01-27T00:00:00Z,COR,4.0,0,0,
PAL1718,2018-01-27T00:00:00Z,COR,5.0,0,0,
PAL1718,2018-01-27T00:00:00Z,COR,5.1,10,8,
PAL1718,2018-01-27T00:00:00Z,COR,6.0,0,0,
PAL1718,2018-01-27T00:00:00Z,HUM,1.1,0,0,
PAL1718,2018-01-27T00:00:00Z,HUM,1.2,0,0,
PAL1718,2018-01-27T00:00:00Z,HUM,1.3,0,0,
PAL1718,2018-01-27T00:00:00Z,HUM,2.1,8,4,
PAL1718,2018-01-27T00:00:00Z,HUM,2.2,17,20,
PAL1718,2018-01-27T00:00:00Z,HUM,3.0,34,49,
PAL1718,2018-01-27T00:00:00Z,HUM,3.1,0,0,
PAL1718,2018-01-27T00:00:00Z,HUM,4.0,0,0,
PAL1718,2018-01-27T00:00:00Z,HUM,5.0,0,0,
PAL1718,2018-01-27T00:00:00Z,LIT,1.0,0,0,
PAL1718,2018-01-27T00:00:00Z,LIT,2.0,0,0,
PAL1718,2018-01-27T00:00:00Z,LIT,3.0,0,0,
PAL1718,2018-01-27T00:00:00Z,LIT,4.0,0,0,
PAL1718,2018-01-27T00:00:00Z,LIT,5.0,0,0,
PAL1718,2018-01-27T00:00:00Z,LIT,6.0,0,0,
PAL1718,2018-01-27T00:00:00Z,LIT,7.0,0,0,
PAL1718,2018-01-27T00:00:00Z,LIT,8.0,0,0,
PAL1718,2018-01-27T00:00:00Z,LIT,9.0,0,0,
PAL1718,2018-01-27T00:00:00Z,TOR,1.0,0,0,
PAL1718,2018-01-27T00:00:00Z,TOR,2.0,0,0,
PAL1718,2018-01-27T00:00:00Z,TOR,3.0,0,0,
PAL1718,2018-01-27T00:00:00Z,TOR,4.0,0,0,
PAL1718,2018-01-27T00:00:00Z,TOR,5.0,0,0,
PAL1718,2018-01-27T00:00:00Z,TOR,12.0,0,0,
PAL1718,2018-01-27T00:00:00Z,TOR,13.0,0,0,
PAL1718,2018-01-27T00:00:00Z,TOR,15.0,0,0,
PAL1718,2018-01-27T00:00:00Z,TOR,17.0,0,0,
PAL1718,2018-01-27T00:00:00Z,TOR,18.0,0,0,
PAL1718,2018-01-27T00:00:00Z,TOR,19.0,7,1,
PAL1718,2018-01-27T00:00:00Z,TOR,20.0,14,0,
PAL1718,2018-01-27T00:00:00Z,TOR,21.0,0,0,
PAL1718,2018-01-27T00:00:00Z,TOR,22.0,0,0,
PAL1718,2018-01-27T00:00:00Z,TOR,23.0,0,0,
PAL1718,2018-01-27T00:00:00Z,TOR,23.1,0,0,
