study_name,date,total_krill,16-20mm,21-25mm,26-30mm,31-35mm,36-40mm,41-45mm,46-50mm,51-55mm,56-60mm,61-65mm
PAL9192,15/01/1992,62,0,0,0,0,15,31,10,5,1,0
PAL9192,15/01/1992,80,3,0,12,4,11,22,19,8,1,0
PAL9192,15/01/1992,73,0,4,3,4,11,26,16,8,1,0
PAL9192,15/01/1992,65,3,3,2,3,11,28,15,0,0,0
PAL9192,15/01/1992,52,0,0,0,1,12,24,8,4,3,0
PAL9192,20/01/1992,81,0,0,4,1,10,15,17,15,17,2
PAL9192,20/01/1992,90,2,7,9,5,13,24,16,9,5,0
PAL9192,20/01/1992,73,0,1,5,8,3,20,26,8,2,0
PAL9192,20/01/1992,68,0,1,2,3,6,19,19,13,3,2
PAL9192,20/01/1992,131,5,10,13,11,22,39,19,11,1,0
PAL9192,25/01/1992,95,0,0,0,1,21,16,17,20,19,1
PAL9192,25/01/1992,83,1,4,6,8,21,25,11,6,1,0
PAL9192,25/01/1992,69,0,0,1,2,7,18,26,13,2,0
PAL9192,25/01/1992,52,0,0,0,0,5,16,17,8,6,0
PAL9192,25/01/1992,47,0,0,0,4,11,21,4,6,1,0
PAL9192,30/01/1992,70,0,0,0,0,10,20,11,16,9,4
PAL9192,30/01/1992,70,0,0,11,18,7,14,11,8,1,0
PAL9192,30/01/1992,69,0,5,16,14,15,13,5,1,0,0
PAL9192,30/01/1992,49,0,0,0,0,3,14,15,7,10,0
PAL9192,30/01/1992,87,0,12,8,14,18,15,11,6,0,3
PAL9192,4/02/1992,36,0,0,0,1,5,6,6,10,7,1
PAL9192,4/02/1992,65,0,0,6,10,17,14,12,5,1,0
PAL9192,4/02/1992,63,0,0,0,4,2,13,15,8,15,6
PAL9192,4/02/1992,75,0,0,4,3,3,15,32,13,5,0
PAL9192,4/02/1992,56,0,0,1,3,5,20,16,7,4,0
PAL9192,9/02/1992,57,0,0,0,0,0,6,18,11,17,5
PAL9192,9/02/1992,44,0,0,1,5,8,13,11,5,1,0
PAL9192,9/02/1992,59,0,0,0,1,2,17,24,15,0,0
PAL9192,9/02/1992,62,0,0,0,0,2,16,21,18,4,1
PAL9192,9/02/1992,95,0,0,16,22,23,18,12,4,0,0
PAL9192,14/02/1992,70,0,0,0,6,6,19,16,13,10,0
PAL9192,14/02/1992,80,0,0,2,5,16,25,15,13,3,1
PAL9192,14/02/1992,72,0,0,0,2,2,23,24,20,1,0
PAL9192,14/02/1992,62,0,0,0,1,3,24,19,10,5,0
PAL9192,14/02/1992,82,0,0,1,2,15,24,27,12,1,0
PAL9192,19/02/1992,68,0,0,0,2,2,14,31,14,5,0
PAL9192,19/02/1992,90,0,0,0,9,7,23,28,18,4,1
PAL9192,19/02/1992,58,0,0,0,0,1,9,27,19,2,0
PAL9192,19/02/1992,77,0,0,0,0,2,9,25,20,13,8
PAL9192,19/02/1992,62,0,0,1,2,6,20,19,13,1,0
PAL9293,11/01/1993,53,0,0,6,22,8,10,7,0,0,0
PAL9293,11/01/1993,50,0,3,11,20,7,8,1,0,0,0
PAL9293,11/01/1993,52,0,0,7,27,14,1,3,0,0,0
PAL9293,11/01/1993,56,0,0,7,19,17,10,2,1,0,0
PAL9293,11/01/1993,50,0,0,0,30,11,6,2,1,0,0
PAL9293,19/01/1993,53,0,0,3,23,16,10,1,0,0,0
PAL9293,19/01/1993,50,0,0,2,24,15,8,1,0,0,0
PAL9293,19/01/1993,54,0,0,1,13,22,17,1,0,0,0
PAL9293,19/01/1993,48,0,0,4,24,16,3,1,0,0,0
PAL9293,19/01/1993,50,0,0,1,25,14,9,1,0,0,0
PAL9293,23/01/1993,50,0,0,4,29,15,2,0,0,0,0
PAL9293,23/01/1993,56,0,0,3,23,23,7,0,0,0,0
PAL9293,23/01/1993,57,0,0,7,30,15,5,0,0,0,0
PAL9293,23/01/1993,58,0,0,3,28,23,3,1,0,0,0
PAL9293,23/01/1993,57,0,0,1,24,23,9,0,0,0,0
PAL9293,30/01/1993,50,0,0,0,10,24,15,1,0,0,0
PAL9293,30/01/1993,56,0,0,2,31,19,4,0,0,0,0
PAL9293,30/01/1993,56,0,0,0,8,30,12,6,0,0,0
PAL9293,30/01/1993,50,0,0,1,28,13,7,1,0,0,0
PAL9293,30/01/1993,52,0,0,0,29,18,4,1,0,0,0
PAL9293,4/02/1993,50,0,0,1,16,23,9,0,1,0,0
PAL9293,4/02/1993,50,0,0,4,27,19,0,0,0,0,0
PAL9293,4/02/1993,55,0,0,1,26,19,9,0,0,0,0
PAL9293,4/02/1993,50,0,0,0,9,23,14,4,0,0,0
PAL9293,4/02/1993,50,0,0,0,4,21,18,7,0,0,0
PAL9293,9/02/1993,54,0,0,3,11,23,17,0,0,0,0
PAL9293,9/02/1993,52,0,0,0,8,22,16,4,2,0,0
PAL9293,9/02/1993,54,0,0,0,7,17,17,12,1,0,0
PAL9293,9/02/1993,50,0,0,0,15,23,10,2,0,0,0
PAL9293,9/02/1993,50,0,0,1,3,19,16,8,3,0,0
PAL9293,14/02/1993,50,0,0,0,2,15,16,17,0,0,0
PAL9293,14/02/1993,48,0,0,0,9,19,18,1,1,0,0
PAL9293,14/02/1993,54,0,0,0,7,25,20,2,0,0,0
PAL9293,14/02/1993,48,0,0,1,13,15,13,4,2,0,0
PAL9293,14/02/1993,61,0,0,0,7,14,30,10,0,0,0
PAL9293,19/02/1993,50,0,0,0,4,10,31,5,0,0,0
PAL9293,19/02/1993,50,0,0,1,4,21,18,5,1,0,0
PAL9293,19/02/1993,53,0,0,0,2,11,30,9,1,0,0
PAL9293,19/02/1993,50,0,0,0,7,21,15,5,2,0,0
PAL9293,19/02/1993,78,0,0,0,1,18,26,30,3,0,0
PAL9394,11/01/1994,54,0,0,0,2,8,29,13,2,0,0
PAL9394,11/01/1994,50,0,0,0,1,21,23,5,0,0,0
PAL9394,11/01/1994,62,0,0,3,11,29,12,5,2,0,0
PAL9394,11/01/1994,54,0,0,0,5,24,25,0,0,0,0
PAL9394,11/01/1994,65,0,0,0,4,29,30,2,0,0,0
PAL9394,16/01/1994,54,0,0,2,7,24,18,3,0,0,0
PAL9394,16/01/1994,50,0,0,0,1,6,27,12,4,0,0
PAL9394,16/01/1994,53,0,0,1,6,28,18,0,0,0,0
PAL9394,16/01/1994,50,0,0,1,2,24,20,1,2,0,0
PAL9394,16/01/1994,58,0,0,0,1,10,32,14,1,0,0
PAL9394,21/01/1994,58,0,0,0,2,15,29,11,1,0,0
PAL9394,21/01/1994,63,0,0,0,3,17,28,13,2,0,0
PAL9394,21/01/1994,51,0,0,0,1,11,26,12,1,0,0
PAL9394,21/01/1994,51,0,0,1,2,15,23,8,2,0,0
PAL9394,21/01/1994,55,0,0,0,1,14,28,11,1,0,0
PAL9394,26/01/1994,58,0,0,0,3,27,19,9,0,0,0
PAL9394,26/01/1994,55,0,0,0,0,8,26,20,1,0,0
PAL9394,26/01/1994,51,0,0,0,0,17,32,2,0,0,0
PAL9394,26/01/1994,59,0,0,0,0,14,36,9,0,0,0
PAL9394,26/01/1994,50,0,0,0,3,30,16,1,0,0,0
PAL9394,1/02/1994,50,0,0,0,0,10,29,11,0,0,0
PAL9394,1/02/1994,74,0,0,0,1,12,35,25,1,0,0
PAL9394,1/02/1994,50,0,0,0,0,19,23,8,0,0,0
PAL9394,1/02/1994,62,0,0,0,0,5,22,26,9,0,0
PAL9394,1/02/1994,51,0,0,0,2,9,29,7,4,0,0
PAL9394,7/02/1994,65,0,0,0,0,8,39,14,4,0,0
PAL9394,7/02/1994,73,0,0,0,1,24,34,12,2,0,0
PAL9394,7/02/1994,50,0,0,0,1,1,30,15,3,0,0
PAL9394,7/02/1994,50,0,0,0,2,12,25,11,0,0,0
PAL9394,7/02/1994,61,0,0,0,0,6,22,19,14,0,0
PAL9394,13/02/1994,51,0,0,0,1,8,26,15,1,0,0
PAL9394,13/02/1994,50,0,0,0,2,10,23,11,4,0,0
PAL9394,13/02/1994,50,0,0,0,0,9,21,20,0,0,0
PAL9394,13/02/1994,51,0,0,0,1,7,19,20,4,0,0
PAL9394,13/02/1994,52,0,0,0,0,10,22,18,2,0,0
PAL9394,18/02/1994,63,0,0,0,3,21,28,7,4,0,0
PAL9394,18/02/1994,50,0,0,0,2,13,21,13,1,0,0
PAL9394,18/02/1994,50,0,0,0,2,9,13,15,11,0,0
PAL9394,18/02/1994,52,0,0,0,0,3,30,15,4,0,0
PAL9394,18/02/1994,53,0,0,0,0,15,25,11,2,0,0
PAL9495,11/01/1995,59,0,0,0,0,7,35,17,0,0,0
PAL9495,11/01/1995,6,0,0,0,0,2,4,0,0,0,0
PAL9495,11/01/1995,26,0,0,0,1,4,17,4,0,0,0
PAL9495,11/01/1995,59,0,0,0,3,18,29,9,0,0,0
PAL9495,11/01/1995,50,0,0,3,11,24,12,0,0,0,0
PAL9495,17/01/1995,51,0,0,4,9,21,13,4,0,0,0
PAL9495,17/01/1995,13,0,0,0,1,5,7,0,0,0,0
PAL9495,17/01/1995,57,0,0,4,2,14,27,10,0,0,0
PAL9495,17/01/1995,28,0,0,0,0,0,11,17,0,0,0
PAL9495,17/01/1995,71,0,1,1,2,17,27,22,1,0,0
PAL9495,22/01/1995,27,0,0,0,0,3,9,15,0,0,0
PAL9495,22/01/1995,59,0,0,0,1,8,33,16,1,0,0
PAL9495,22/01/1995,52,0,0,0,3,9,26,13,1,0,0
PAL9495,22/01/1995,52,0,0,0,0,8,24,17,3,0,0
PAL9495,22/01/1995,51,0,0,0,4,12,17,18,0,0,0
PAL9495,27/01/1995,49,0,0,0,0,2,14,31,2,0,0
PAL9495,27/01/1995,55,0,0,0,1,3,24,22,5,0,0
PAL9495,27/01/1995,65,0,0,0,0,2,29,30,4,0,0
PAL9495,27/01/1995,67,0,0,1,0,3,17,38,8,0,0
PAL9495,27/01/1995,50,0,0,0,2,12,19,14,3,0,0
PAL9495,2/02/1995,54,0,0,0,0,0,9,36,8,1,0
PAL9495,2/02/1995,51,0,0,0,1,5,22,19,3,1,0
PAL9495,2/02/1995,52,0,0,0,0,1,5,35,11,0,0
PAL9495,2/02/1995,53,0,0,0,1,1,15,32,4,0,0
PAL9495,2/02/1995,52,0,0,0,2,2,29,11,8,0,0
PAL9495,6/02/1995,55,0,0,1,6,7,16,22,3,0,0
PAL9495,6/02/1995,57,0,0,0,0,4,20,30,3,0,0
PAL9495,6/02/1995,50,0,0,0,2,2,10,28,8,0,0
PAL9495,6/02/1995,24,0,0,0,0,4,13,6,1,0,0
PAL9495,6/02/1995,52,0,0,1,1,2,20,25,3,0,0
PAL9495,13/02/1995,51,0,0,0,0,1,17,23,10,0,0
PAL9495,13/02/1995,48,0,0,0,0,1,10,24,11,2,0
PAL9495,13/02/1995,41,1,0,0,0,2,14,21,3,0,0
PAL9495,13/02/1995,58,0,0,0,0,3,18,24,12,1,0
PAL9495,13/02/1995,62,0,0,0,3,2,18,31,8,0,0
PAL9495,18/02/1995,56,0,0,0,1,4,24,23,4,0,0
PAL9495,18/02/1995,50,0,0,0,1,6,20,22,1,0,0
PAL9495,18/02/1995,52,0,0,1,8,6,12,20,5,0,0
PAL9495,18/02/1995,51,0,0,0,1,4,18,25,3,0,0
PAL9495,18/02/1995,49,0,0,0,2,6,23,14,4,0,0
PAL9596,11/01/1996,50,0,0,0,1,1,10,27,11,0,0
PAL9596,11/01/1996,74,0,0,0,0,0,4,47,22,1,0
PAL9596,11/01/1996,62,0,0,0,0,0,12,35,15,0,0
PAL9596,11/01/1996,58,0,0,0,0,3,10,24,21,0,0
PAL9596,11/01/1996,70,5,12,6,1,0,1,20,25,0,0
PAL9596,16/01/1996,50,0,0,9,0,0,3,20,15,3,0
PAL9596,16/01/1996,56,0,5,17,12,3,17,2,0,0,0
PAL9596,16/01/1996,54,0,0,0,0,0,1,15,27,11,0
PAL9596,16/01/1996,51,1,3,5,2,3,10,25,2,0,0
PAL9596,16/01/1996,55,0,1,0,2,6,6,23,17,0,0
PAL9596,22/01/1996,56,0,0,4,28,3,11,8,2,0,0
PAL9596,22/01/1996,50,0,0,9,25,8,2,2,4,0,0
PAL9596,22/01/1996,52,1,0,3,11,7,13,11,5,1,0
PAL9596,22/01/1996,81,3,4,0,0,0,7,38,27,2,0
PAL9596,22/01/1996,76,2,2,3,11,2,7,28,20,1,0
PAL9596,27/01/1996,52,0,0,4,27,11,5,5,0,0,0
PAL9596,27/01/1996,69,21,9,0,0,0,6,19,14,0,0
PAL9596,27/01/1996,50,0,1,6,16,6,7,10,4,0,0
PAL9596,27/01/1996,47,0,0,0,0,3,25,17,2,0,0
PAL9596,27/01/1996,52,0,0,1,1,2,29,15,4,0,0
PAL9596,1/02/1996,31,0,0,0,0,1,8,12,10,0,0
PAL9596,1/02/1996,67,2,8,1,1,2,8,24,21,0,0
PAL9596,1/02/1996,51,0,0,0,0,1,13,23,13,1,0
PAL9596,1/02/1996,53,0,2,5,6,6,13,18,3,0,0
PAL9596,1/02/1996,57,0,0,0,3,0,5,32,17,0,0
PAL9596,6/02/1996,51,0,0,1,5,4,1,21,18,1,0
PAL9596,6/02/1996,55,0,0,2,13,15,4,19,2,0,0
PAL9596,6/02/1996,69,0,0,0,1,4,7,22,25,10,0
PAL9596,6/02/1996,53,0,2,2,20,22,3,2,2,0,0
PAL9596,6/02/1996,53,0,0,1,20,20,3,5,4,0,0
PAL9596,11/02/1996,57,0,0,1,10,21,8,7,9,1,0
PAL9596,11/02/1996,67,0,0,0,19,21,8,14,5,0,0
PAL9596,11/02/1996,50,0,1,3,20,19,4,2,1,0,0
PAL9596,11/02/1996,47,0,0,0,0,0,4,18,16,9,0
PAL9596,11/02/1996,52,0,2,6,13,19,6,4,2,0,0
PAL9596,17/02/1996,52,0,0,0,14,21,4,6,7,0,0
PAL9596,17/02/1996,6,0,0,0,0,1,1,2,2,0,0
PAL9596,17/02/1996,73,5,0,7,17,9,4,13,15,3,0
PAL9596,17/02/1996,53,0,0,4,10,17,3,11,5,3,0
PAL9596,17/02/1996,77,0,0,0,4,16,8,28,19,2,0
PAL9697,6/01/1997,56,0,4,24,23,4,1,0,0,0,0
PAL9697,6/01/1997,79,0,2,13,45,18,1,0,0,0,0
PAL9697,6/01/1997,65,2,3,19,20,17,4,0,0,0,0
PAL9697,6/01/1997,68,1,0,8,38,18,3,0,0,0,0
PAL9697,6/01/1997,58,0,8,21,24,4,1,0,0,0,0
PAL9697,11/01/1997,98,0,1,11,46,31,8,1,0,0,0
PAL9697,11/01/1997,82,0,7,8,34,13,12,4,4,0,0
PAL9697,11/01/1997,54,1,2,11,28,10,2,0,0,0,0
PAL9697,11/01/1997,87,0,3,13,32,17,10,7,4,1,0
PAL9697,11/01/1997,57,0,1,11,37,8,0,0,0,0,0
PAL9697,16/01/1997,62,0,0,2,36,21,3,0,0,0,0
PAL9697,16/01/1997,63,0,1,6,30,24,2,0,0,0,0
PAL9697,16/01/1997,50,0,0,4,33,10,3,0,0,0,0
PAL9697,16/01/1997,54,0,2,4,14,21,12,1,0,0,0
PAL9697,16/01/1997,87,0,0,3,29,41,12,2,0,0,0
PAL9697,21/01/1997,56,0,0,4,26,23,3,0,0,0,0
PAL9697,21/01/1997,73,0,1,18,43,11,0,0,0,0,0
PAL9697,21/01/1997,63,0,5,11,35,11,0,1,0,0,0
PAL9697,21/01/1997,76,0,5,11,41,14,4,1,0,0,0
PAL9697,21/01/1997,120,0,8,8,47,31,18,8,0,0,0
PAL9697,26/01/1997,57,0,3,3,18,14,18,1,0,0,0
PAL9697,26/01/1997,63,0,5,13,21,18,6,0,0,0,0
PAL9697,26/01/1997,88,0,8,22,38,14,2,3,1,0,0
PAL9697,26/01/1997,50,1,14,5,10,12,5,2,1,0,0
PAL9697,26/01/1997,86,0,9,19,30,23,4,1,0,0,0
PAL9697,31/01/1997,66,0,8,3,37,12,6,0,0,0,0
PAL9697,31/01/1997,73,0,6,1,24,22,16,4,0,0,0
PAL9697,31/01/1997,106,0,1,10,40,42,10,3,0,0,0
PAL9697,31/01/1997,110,1,6,12,55,22,10,4,0,0,0
PAL9697,31/01/1997,70,0,0,4,36,21,9,0,0,0,0
PAL9697,5/02/1997,76,0,5,11,37,19,4,0,0,0,0
PAL9697,5/02/1997,57,0,0,3,2,16,24,10,1,1,0
PAL9697,5/02/1997,52,0,4,4,33,3,7,1,0,0,0
PAL9697,5/02/1997,55,0,0,1,15,12,17,10,0,0,0
PAL9697,5/02/1997,71,0,0,1,4,21,18,20,7,0,0
PAL9697,10/02/1997,60,0,0,0,13,24,20,3,0,0,0
PAL9697,10/02/1997,56,2,6,8,28,11,0,1,0,0,0
PAL9697,10/02/1997,80,0,2,6,28,27,15,2,0,0,0
PAL9697,10/02/1997,102,0,3,10,28,38,18,5,0,0,0
PAL9697,10/02/1997,73,0,0,5,32,25,7,4,0,0,0
PAL9697,15/02/1997,78,0,0,8,34,27,6,2,1,0,0
PAL9697,15/02/1997,65,0,0,1,14,21,22,7,0,0,0
PAL9697,15/02/1997,55,0,0,6,31,12,6,0,0,0,0
PAL9697,15/02/1997,83,0,0,2,28,35,15,3,0,0,0
PAL9697,15/02/1997,78,0,1,4,33,20,16,4,0,0,0
PAL9798,6/01/1998,111,0,0,13,42,38,8,9,1,0,0
PAL9798,6/01/1998,64,0,0,1,17,31,15,0,0,0,0
PAL9798,6/01/1998,62,0,0,10,23,26,3,0,0,0,0
PAL9798,6/01/1998,53,0,0,8,23,22,0,0,0,0,0
PAL9798,6/01/1998,79,0,0,34,39,6,0,0,0,0,0
PAL9798,11/01/1998,91,0,0,5,43,29,12,2,0,0,0
PAL9798,11/01/1998,53,0,1,11,16,16,8,1,0,0,0
PAL9798,11/01/1998,60,1,0,9,21,24,5,0,0,0,0
PAL9798,11/01/1998,53,0,0,8,19,18,7,1,0,0,0
PAL9798,11/01/1998,68,0,0,7,35,21,5,0,0,0,0
PAL9798,16/01/1998,78,0,2,11,47,16,1,1,0,0,0
PAL9798,16/01/1998,63,0,0,2,21,34,6,0,0,0,0
PAL9798,16/01/1998,50,0,0,5,34,10,1,0,0,0,0
PAL9798,16/01/1998,60,0,0,1,12,38,8,1,0,0,0
PAL9798,16/01/1998,83,0,1,2,40,32,8,0,0,0,0
PAL9798,21/01/1998,83,0,0,7,17,36,21,2,0,0,0
PAL9798,21/01/1998,103,0,2,1,33,51,13,3,0,0,0
PAL9798,21/01/1998,103,0,0,2,29,54,13,4,1,0,0
PAL9798,21/01/1998,72,0,0,0,16,50,6,0,0,0,0
PAL9798,21/01/1998,53,0,0,0,20,20,13,0,0,0,0
PAL9798,26/01/1998,52,0,0,1,10,24,17,0,0,0,0
PAL9798,26/01/1998,82,0,2,5,51,24,0,0,0,0,0
PAL9798,26/01/1998,62,0,0,3,31,27,1,0,0,0,0
PAL9798,26/01/1998,51,0,0,0,29,20,2,0,0,0,0
PAL9798,26/01/1998,51,0,0,2,31,18,0,0,0,0,0
PAL9798,31/01/1998,54,0,0,1,4,28,19,2,0,0,0
PAL9798,31/01/1998,83,0,0,1,18,46,17,1,0,0,0
PAL9798,31/01/1998,55,0,0,1,13,29,11,1,0,0,0
PAL9798,31/01/1998,73,0,0,1,13,32,20,7,0,0,0
PAL9798,31/01/1998,92,0,1,1,24,48,16,2,0,0,0
PAL9798,5/02/1998,75,0,0,1,16,39,18,1,0,0,0
PAL9798,5/02/1998,97,0,0,0,4,61,28,3,1,0,0
PAL9798,5/02/1998,79,0,0,1,18,33,21,6,0,0,0
PAL9798,5/02/1998,88,0,0,0,24,48,14,2,0,0,0
PAL9798,5/02/1998,88,0,2,4,24,42,12,2,2,0,0
PAL9798,10/02/1998,76,0,0,0,1,25,43,7,0,0,0
PAL9798,10/02/1998,54,0,1,0,15,29,9,0,0,0,0
PAL9798,10/02/1998,12,0,0,1,1,7,3,0,0,0,0
PAL9798,10/02/1998,67,0,0,0,7,30,29,1,0,0,0
PAL9798,10/02/1998,74,0,0,2,11,32,18,9,2,0,0
PAL9798,15/02/1998,75,0,2,1,15,37,17,3,0,0,0
PAL9798,15/02/1998,93,0,0,1,19,43,25,5,0,0,0
PAL9798,15/02/1998,68,0,0,4,16,30,16,2,0,0,0
PAL9798,15/02/1998,82,0,1,2,10,39,24,6,0,0,0
PAL9798,15/02/1998,55,0,0,0,7,30,18,0,0,0,0
PAL9798,20/02/1998,101,0,0,0,8,41,42,9,1,0,0
PAL9798,20/02/1998,81,0,0,1,28,27,23,2,0,0,0
PAL9798,20/02/1998,67,0,0,0,13,28,22,4,0,0,0
PAL9798,20/02/1998,110,0,0,2,16,43,41,8,0,0,0
PAL9798,20/02/1998,80,0,1,0,13,32,31,3,0,0,0
PAL9899,6/01/1999,53,1,0,1,15,23,10,2,1,0,0
PAL9899,6/01/1999,63,0,0,2,20,26,12,3,0,0,0
PAL9899,6/01/1999,47,0,1,0,15,23,8,0,0,0,0
PAL9899,6/01/1999,84,0,0,1,10,25,37,9,2,0,0
PAL9899,6/01/1999,47,0,0,0,11,25,10,1,0,0,0
PAL9899,11/01/1999,50,0,0,0,10,23,17,0,0,0,0
PAL9899,11/01/1999,86,0,0,4,24,40,17,1,0,0,0
PAL9899,11/01/1999,86,0,0,3,16,36,21,10,0,0,0
PAL9899,11/01/1999,50,0,0,0,9,31,8,2,0,0,0
PAL9899,11/01/1999,64,0,0,0,2,25,31,5,1,0,0
PAL9899,16/01/1999,72,0,0,1,13,32,20,6,0,0,0
PAL9899,16/01/1999,46,0,0,0,9,14,21,2,0,0,0
PAL9899,16/01/1999,47,0,0,3,7,20,16,1,0,0,0
PAL9899,16/01/1999,82,0,0,0,2,22,36,19,3,0,0
PAL9899,16/01/1999,81,0,0,1,18,27,31,4,0,0,0
PAL9899,21/01/1999,37,0,0,0,6,11,18,2,0,0,0
PAL9899,21/01/1999,53,0,0,0,2,19,26,6,0,0,0
PAL9899,21/01/1999,64,0,0,1,17,30,14,2,0,0,0
PAL9899,21/01/1999,52,0,0,0,3,20,21,7,1,0,0
PAL9899,21/01/1999,52,0,0,0,4,22,21,3,2,0,0
PAL9899,26/01/1999,74,0,0,1,5,24,38,6,0,0,0
PAL9899,26/01/1999,58,0,0,0,3,21,28,5,1,0,0
PAL9899,26/01/1999,62,0,0,1,5,21,30,5,0,0,0
PAL9899,26/01/1999,50,0,0,0,2,27,20,1,0,0,0
PAL9899,26/01/1999,50,0,0,1,3,19,25,2,0,0,0
PAL9899,1/02/1999,54,0,0,0,2,7,31,14,0,0,0
PAL9899,1/02/1999,65,0,0,0,4,24,32,5,0,0,0
PAL9899,1/02/1999,83,0,0,1,5,42,30,5,0,0,0
PAL9899,1/02/1999,72,0,0,0,6,18,38,10,0,0,0
PAL9899,1/02/1999,64,0,0,0,0,15,38,11,0,0,0
PAL9899,5/02/1999,50,0,0,0,1,16,25,6,2,0,0
PAL9899,5/02/1999,78,0,0,0,3,28,34,13,0,0,0
PAL9899,5/02/1999,86,0,0,0,6,37,32,11,0,0,0
PAL9899,5/02/1999,83,0,0,0,0,11,49,22,1,0,0
PAL9899,5/02/1999,59,0,0,0,2,21,25,8,3,0,0
PAL9899,11/02/1999,87,0,0,0,0,13,42,30,2,0,0
PAL9899,11/02/1999,50,0,0,0,0,11,22,17,0,0,0
PAL9899,11/02/1999,74,0,0,0,4,14,36,19,1,0,0
PAL9899,11/02/1999,50,0,0,0,0,7,23,19,1,0,0
PAL9899,11/02/1999,50,0,0,0,0,17,19,14,0,0,0
PAL9899,16/02/1999,52,0,0,0,0,11,28,11,2,0,0
PAL9899,16/02/1999,55,0,0,0,0,15,27,13,0,0,0
PAL9899,16/02/1999,72,0,0,0,0,17,33,22,0,0,0
PAL9899,16/02/1999,51,0,0,0,1,11,21,17,1,0,0
PAL9899,16/02/1999,69,0,0,0,0,8,28,33,0,0,0
PAL9900,9/01/2000,50,0,0,0,0,5,16,27,2,0,0
PAL9900,9/01/2000,29,0,0,0,0,1,8,17,2,1,0
PAL9900,9/01/2000,86,0,0,0,1,13,27,36,9,0,0
PAL9900,9/01/2000,60,0,0,0,3,5,26,26,0,0,0
PAL9900,9/01/2000,53,0,0,1,2,6,16,22,6,0,0
PAL9900,13/01/2000,6,0,0,0,0,0,2,4,0,0,0
PAL9900,13/01/2000,63,0,0,0,0,3,17,28,13,2,0
PAL9900,13/01/2000,50,0,0,0,1,8,24,15,2,0,0
PAL9900,13/01/2000,50,0,1,2,1,2,16,20,8,0,0
PAL9900,13/01/2000,84,0,1,2,1,2,10,44,22,2,0
PAL9900,18/01/2000,46,0,0,0,1,0,4,15,19,7,0
PAL9900,18/01/2000,71,0,0,0,0,1,18,30,18,4,0
PAL9900,18/01/2000,79,0,0,1,1,2,12,43,19,1,0
PAL9900,18/01/2000,82,0,0,11,9,7,23,21,10,1,0
PAL9900,18/01/2000,71,0,0,0,1,0,0,35,30,5,0
PAL9900,25/01/2000,76,0,0,0,0,2,22,41,11,0,0
PAL9900,25/01/2000,76,0,0,1,1,3,33,31,7,0,0
PAL9900,25/01/2000,60,0,0,3,2,2,12,25,15,1,0
PAL9900,25/01/2000,39,0,0,0,1,5,13,19,1,0,0
PAL9900,25/01/2000,39,0,0,0,1,0,14,18,6,0,0
PAL9900,29/01/2000,93,0,0,4,6,12,51,17,3,0,0
PAL9900,29/01/2000,88,0,0,1,4,11,53,18,1,0,0
PAL9900,29/01/2000,72,0,1,1,3,3,15,37,11,1,0
PAL9900,29/01/2000,50,0,0,1,1,1,20,19,8,0,0
PAL9900,29/01/2000,58,0,0,0,1,1,8,33,15,0,0
PAL9900,4/02/2000,53,0,0,0,4,3,11,19,15,1,0
PAL9900,4/02/2000,80,0,0,0,2,9,33,35,1,0,0
PAL9900,4/02/2000,93,0,0,0,1,5,9,46,30,2,0
PAL9900,4/02/2000,50,0,0,0,0,5,14,26,5,0,0
PAL9900,4/02/2000,57,0,0,0,0,1,10,29,17,0,0
PAL9900,7/02/2000,50,0,0,0,0,8,24,14,4,0,0
PAL9900,7/02/2000,51,0,0,1,0,1,25,22,2,0,0
PAL9900,7/02/2000,100,0,1,1,3,7,29,44,14,1,0
PAL9900,7/02/2000,50,0,0,0,1,4,23,16,6,0,0
PAL9900,7/02/2000,86,0,0,1,10,4,23,31,17,0,0
PAL9900,11/02/2000,75,0,0,1,2,12,29,22,9,0,0
PAL9900,11/02/2000,32,0,0,0,3,2,12,12,3,0,0
PAL9900,11/02/2000,48,0,0,0,1,4,14,22,7,0,0
PAL9900,11/02/2000,38,0,0,0,0,5,12,11,10,0,0
PAL9900,11/02/2000,50,0,0,0,0,7,22,17,2,2,0
PAL0001,27/12/2000,50,2,22,5,3,1,1,8,7,1,0
PAL0001,27/12/2000,33,0,0,0,0,1,1,12,17,2,0
PAL0001,27/12/2000,50,1,10,3,3,0,3,14,14,2,0
PAL0001,27/12/2000,37,0,2,1,1,0,6,15,12,0,0
PAL0001,27/12/2000,54,3,11,2,2,0,4,13,17,2,0
PAL0001,9/01/2001,58,0,1,7,21,5,0,11,11,2,0
PAL0001,9/01/2001,76,0,2,7,12,1,7,30,13,4,0
PAL0001,9/01/2001,51,0,1,8,15,4,2,6,13,2,0
PAL0001,9/01/2001,51,0,0,7,14,3,2,9,12,3,1
PAL0001,9/01/2001,52,1,0,9,9,3,3,8,12,7,0
PAL0001,12/01/2001,50,0,0,0,0,0,2,17,22,9,0
PAL0001,12/01/2001,14,0,0,0,0,0,2,8,4,0,0
PAL0001,12/01/2001,74,0,0,0,0,0,3,28,38,5,0
PAL0001,12/01/2001,51,0,0,10,9,4,1,12,11,4,0
PAL0001,12/01/2001,51,0,0,0,0,0,0,18,25,7,1
PAL0001,18/01/2001,53,0,0,0,0,1,1,21,24,6,0
PAL0001,18/01/2001,52,0,0,1,8,3,7,14,17,2,0
PAL0001,18/01/2001,61,0,0,1,3,4,4,20,23,6,0
PAL0001,18/01/2001,54,0,0,1,13,6,1,8,14,10,1
PAL0001,18/01/2001,56,0,0,3,10,9,2,15,16,1,0
PAL0001,24/01/2001,80,0,0,5,40,5,4,8,13,4,1
PAL0001,24/01/2001,52,0,0,0,0,1,7,11,24,8,1
PAL0001,24/01/2001,51,0,0,0,0,3,2,18,23,5,0
PAL0001,24/01/2001,82,0,0,0,0,0,7,20,47,8,0
PAL0001,24/01/2001,74,0,0,0,1,0,2,29,30,12,0
PAL0001,30/01/2001,51,0,0,0,0,0,2,20,24,5,0
PAL0001,30/01/2001,33,1,5,1,1,0,0,11,12,2,0
PAL0001,30/01/2001,52,0,0,0,0,0,1,15,21,15,0
PAL0001,30/01/2001,11,0,0,0,0,0,0,2,6,3,0
PAL0001,30/01/2001,45,0,0,0,1,0,6,14,20,4,0
PAL0001,3/02/2001,9,0,1,1,0,0,0,0,7,0,0
PAL0001,3/02/2001,50,1,5,0,0,3,4,21,16,0,0
PAL0001,3/02/2001,26,0,0,0,1,1,1,6,17,0,0
PAL0001,3/02/2001,22,0,0,0,0,0,1,14,7,0,0
PAL0001,3/02/2001,47,0,2,7,10,1,6,15,6,0,0
PAL0001,10/02/2001,52,0,0,0,7,6,1,11,25,2,0
PAL0001,10/02/2001,50,0,0,0,2,4,0,23,14,7,0
PAL0001,10/02/2001,69,0,0,0,3,3,2,22,36,2,1
PAL0001,10/02/2001,86,0,1,4,19,47,14,0,0,1,0
PAL0001,10/02/2001,38,0,0,0,1,0,1,15,15,6,0
PAL0001,15/02/2001,107,0,0,0,9,11,13,31,33,10,0
PAL0001,15/02/2001,53,0,0,0,4,1,0,15,25,7,1
PAL0001,15/02/2001,63,0,0,0,1,0,3,25,27,7,0
PAL0001,15/02/2001,50,0,0,0,0,0,1,23,21,5,0
PAL0001,15/02/2001,55,0,0,0,3,6,5,18,18,5,0
PAL0102,5/12/2001,12,0,4,3,0,1,4,0,0,0,0
PAL0102,5/12/2001,50,20,15,2,2,2,0,0,5,4,0
PAL0102,5/12/2001,0,0,0,0,0,0,0,0,0,0,0
PAL0102,5/12/2001,3,0,0,1,0,1,1,0,0,0,0
PAL0102,28/12/2001,51,0,0,1,4,18,16,9,3,0,0
PAL0102,28/12/2001,46,0,0,0,1,9,10,11,14,1,0
PAL0102,28/12/2001,47,0,3,3,1,12,14,6,7,1,0
PAL0102,28/12/2001,4,0,0,0,0,0,1,1,2,0,0
PAL0102,28/12/2001,40,0,0,0,0,5,22,10,3,0,0
PAL0102,7/01/2002,0,0,0,0,0,0,0,0,0,0,0
PAL0102,7/01/2002,29,0,0,1,2,17,5,2,2,0,0
PAL0102,7/01/2002,50,0,2,6,16,15,11,0,0,0,0
PAL0102,7/01/2002,55,1,4,14,4,22,3,3,4,0,0
PAL0102,7/01/2002,20,0,0,1,5,10,4,0,0,0,0
PAL0102,15/01/2002,36,0,0,3,16,8,5,2,2,0,0
PAL0102,15/01/2002,51,0,0,0,4,26,16,3,2,0,0
PAL0102,15/01/2002,60,0,0,0,1,2,5,32,19,1,0
PAL0102,15/01/2002,50,0,0,1,5,7,16,6,8,7,0
PAL0102,15/01/2002,121,0,0,3,23,53,25,12,5,0,0
PAL0102,21/01/2002,59,0,0,1,3,4,11,22,16,2,0
PAL0102,21/01/2002,29,0,0,2,2,5,2,9,4,5,0
PAL0102,21/01/2002,50,0,0,0,1,4,5,14,22,4,0
PAL0102,21/01/2002,43,0,0,2,7,12,7,5,7,2,1
PAL0102,21/01/2002,25,0,2,3,9,7,0,0,3,1,0
PAL0102,31/01/2002,112,0,2,2,16,53,17,10,11,1,0
PAL0102,31/01/2002,45,0,0,0,0,2,7,18,14,4,0
PAL0102,31/01/2002,54,0,0,1,5,20,10,13,3,2,0
PAL0102,31/01/2002,20,0,3,1,0,4,0,4,6,2,0
PAL0102,31/01/2002,52,0,0,0,2,8,4,9,22,7,0
PAL0102,9/02/2002,7,0,0,0,1,1,1,0,4,0,0
PAL0102,9/02/2002,56,0,0,4,6,3,3,16,18,6,0
PAL0102,9/02/2002,57,0,2,2,5,11,10,17,9,1,0
PAL0102,9/02/2002,43,0,0,0,9,23,10,1,0,0,0
PAL0102,9/02/2002,60,0,1,6,24,17,7,2,3,0,0
PAL0102,22/02/2002,58,0,1,6,19,25,5,2,0,0,0
PAL0102,22/02/2002,0,0,0,0,0,0,0,0,0,0,0
PAL0102,22/02/2002,85,0,0,2,13,32,28,10,0,0,0
PAL0203,10/12/2002,50,0,2,3,26,18,1,0,0,0,0
PAL0203,10/12/2002,67,0,0,8,31,23,5,0,0,0,0
PAL0203,10/12/2002,50,1,1,7,23,16,2,0,0,0,0
PAL0203,10/12/2002,50,0,0,3,33,12,2,0,0,0,0
PAL0203,10/12/2002,57,0,1,14,30,10,2,0,0,0,0
PAL0203,22/12/2002,61,0,1,2,28,26,3,1,0,0,0
PAL0203,22/12/2002,0,0,0,0,0,0,0,0,0,0,0
PAL0203,22/12/2002,50,0,4,4,30,10,1,1,0,0,0
PAL0203,22/12/2002,50,0,0,1,24,16,5,4,0,0,0
PAL0203,22/12/2002,51,0,0,9,29,13,0,0,0,0,0
PAL0203,29/12/2002,53,0,3,4,15,22,6,1,2,0,0
PAL0203,29/12/2002,50,0,1,8,34,7,0,0,0,0,0
PAL0203,29/12/2002,29,7,2,7,13,0,0,0,0,0,0
PAL0203,29/12/2002,50,0,1,7,24,16,2,0,0,0,0
PAL0203,29/12/2002,52,0,1,14,23,11,1,2,0,0,0
PAL0203,5/01/2003,14,0,2,2,6,2,1,1,0,0,0
PAL0203,5/01/2003,51,0,0,1,28,19,3,0,0,0,0
PAL0203,5/01/2003,73,1,6,7,3,8,24,18,6,0,0
PAL0203,5/01/2003,56,0,1,8,40,7,0,0,0,0,0
PAL0203,5/01/2003,77,0,2,12,53,10,0,0,0,0,0
PAL0203,15/01/2003,79,0,1,10,48,16,4,0,0,0,0
PAL0203,15/01/2003,117,1,2,7,35,39,22,7,4,0,0
PAL0203,15/01/2003,90,0,5,14,33,25,13,0,0,0,0
PAL0203,15/01/2003,138,0,0,3,23,36,44,19,13,0,0
PAL0203,27/01/2003,79,0,3,5,25,33,11,2,0,0,0
PAL0203,27/01/2003,88,0,2,5,43,33,5,0,0,0,0
PAL0203,27/01/2003,126,0,12,29,55,25,5,0,0,0,0
PAL0203,27/01/2003,94,0,0,3,42,44,4,1,0,0,0
PAL0203,27/01/2003,51,0,0,2,31,14,3,1,0,0,0
PAL0203,10/02/2003,131,0,0,24,35,40,25,7,0,0,0
PAL0203,10/02/2003,93,0,1,1,12,30,41,8,0,0,0
PAL0203,10/02/2003,53,0,0,1,3,14,24,11,0,0,0
PAL0203,10/02/2003,75,0,0,0,3,23,30,18,1,0,0
PAL0304,15/01/2004,56,0,0,0,9,30,14,3,0,0,0
PAL0304,15/01/2004,56,0,0,1,17,24,13,1,0,0,0
PAL0304,15/01/2004,60,0,0,0,6,26,22,6,0,0,0
PAL0304,15/01/2004,54,0,0,0,21,23,9,1,0,0,0
PAL0304,15/01/2004,64,0,0,0,10,33,19,2,0,0,0
PAL0304,25/01/2004,68,0,0,0,3,33,24,6,2,0,0
PAL0304,25/01/2004,55,0,0,1,9,31,13,1,0,0,0
PAL0304,25/01/2004,62,0,0,3,26,29,4,0,0,0,0
PAL0304,25/01/2004,56,0,0,0,6,23,23,4,0,0,0
PAL0304,25/01/2004,51,0,0,0,11,28,12,0,0,0,0
PAL0304,5/02/2004,61,0,0,1,4,27,22,7,0,0,0
PAL0304,5/02/2004,29,0,0,0,8,8,9,4,0,0,0
PAL0304,5/02/2004,9,0,0,0,0,4,1,4,0,0,0
PAL0304,5/02/2004,54,0,0,1,4,21,15,10,3,0,0
PAL0304,5/02/2004,24,0,0,0,2,5,10,7,0,0,0
PAL0405,12/01/2005,50,0,0,0,0,2,23,24,1,0,0
PAL0405,12/01/2005,63,0,0,1,0,5,12,39,6,0,0
PAL0405,12/01/2005,67,0,1,0,0,7,42,17,0,0,0
PAL0405,12/01/2005,51,0,0,0,0,7,28,14,2,0,0
PAL0405,12/01/2005,51,0,0,0,0,4,25,22,0,0,0
PAL0405,21/01/2005,53,0,0,0,0,0,28,25,0,0,0
PAL0405,21/01/2005,34,0,0,1,0,1,24,7,1,0,0
PAL0405,21/01/2005,52,0,0,0,0,1,13,29,8,1,0
PAL0405,21/01/2005,51,0,0,0,1,3,33,14,0,0,0
PAL0405,21/01/2005,42,0,0,0,2,3,24,11,2,0,0
PAL0405,1/02/2005,43,0,0,1,4,5,22,11,0,0,0
PAL0405,1/02/2005,27,0,1,0,1,7,15,3,0,0,0
PAL0405,1/02/2005,59,0,0,0,0,6,34,17,2,0,0
PAL0405,1/02/2005,56,0,0,0,0,6,22,25,3,0,0
PAL0405,1/02/2005,52,0,1,0,0,2,26,21,2,0,0
PAL0506,27/12/2005,0,0,0,0,0,0,0,0,0,0,0
PAL0506,27/12/2005,6,0,0,0,0,0,0,3,3,0,0
PAL0506,27/12/2005,50,0,0,0,0,0,8,29,13,0,0
PAL0506,27/12/2005,50,0,0,0,0,1,14,30,5,0,0
PAL0506,27/12/2005,51,0,0,0,0,1,6,33,11,0,0
PAL0506,27/12/2005,50,0,0,0,0,0,5,28,17,0,0
PAL0506,11/01/2006,50,0,0,0,0,0,7,27,16,0,0
PAL0506,11/01/2006,50,0,0,0,0,0,3,14,26,7,0
PAL0506,11/01/2006,0,0,0,0,0,0,0,0,0,0,0
PAL0506,11/01/2006,75,0,4,0,3,5,10,30,20,3,0
PAL0506,11/01/2006,54,0,0,0,0,2,10,18,23,1,0
PAL0506,25/01/2006,0,0,0,0,0,0,0,0,0,0,0
PAL0506,25/01/2006,0,0,0,0,0,0,0,0,0,0,0
PAL0506,30/01/2006,73,0,0,0,0,1,9,27,31,5,0
PAL0506,30/01/2006,73,0,0,0,1,1,8,34,26,3,0
PAL0607,6/01/2007,40,0,5,9,1,4,10,10,1,0,0
PAL0607,6/01/2007,50,0,14,9,3,2,10,8,4,0,0
PAL0607,6/01/2007,50,1,12,14,4,9,10,0,0,0,0
PAL0607,6/01/2007,51,2,18,24,5,0,1,0,1,0,0
PAL0607,6/01/2007,44,0,0,0,0,6,11,19,7,1,0
PAL0607,13/01/2007,50,1,0,12,10,12,9,4,2,0,0
PAL0607,13/01/2007,50,0,4,23,4,3,10,3,3,0,0
PAL0607,13/01/2007,56,1,9,9,2,6,13,13,3,0,0
PAL0607,13/01/2007,50,0,0,3,0,4,29,13,1,0,0
PAL0607,13/01/2007,52,0,3,18,2,4,23,2,0,0,0
PAL0607,19/01/2007,50,0,0,0,2,2,11,27,6,2,0
PAL0607,19/01/2007,51,0,0,4,5,6,22,7,6,1,0
PAL0607,19/01/2007,51,0,1,8,13,6,11,11,1,0,0
PAL0607,19/01/2007,50,0,2,11,14,7,13,2,0,1,0
PAL0607,19/01/2007,52,0,0,12,13,5,13,9,0,0,0
PAL0607,26/01/2007,56,0,1,23,16,3,3,6,4,0,0
PAL0607,26/01/2007,50,0,0,1,1,1,8,20,15,4,0
PAL0607,26/01/2007,58,0,0,0,0,0,1,19,28,10,0
PAL0607,26/01/2007,52,0,2,11,7,1,6,9,16,0,0
PAL0607,26/01/2007,50,0,1,11,11,7,13,7,0,0,0
PAL0607,2/02/2007,56,0,1,26,21,2,1,1,2,2,0
PAL0607,2/02/2007,51,0,0,11,6,1,2,19,11,1,0
PAL0607,2/02/2007,51,0,0,2,21,5,7,8,5,3,0
PAL0607,2/02/2007,50,0,1,6,2,1,9,11,17,3,0
PAL0607,2/02/2007,50,0,2,5,13,7,5,9,8,1,0
PAL0708,4/01/2008,50,0,0,1,12,20,14,3,0,0,0
PAL0708,4/01/2008,50,0,0,0,3,6,20,13,7,1,0
PAL0708,4/01/2008,50,0,1,1,8,19,13,8,0,0,0
PAL0708,4/01/2008,48,0,0,0,6,20,13,7,2,0,0
PAL0708,4/01/2008,50,0,0,0,9,14,18,4,4,1,0
PAL0708,11/01/2008,52,0,0,1,18,31,1,1,0,0,0
PAL0708,11/01/2008,50,0,2,0,13,28,7,0,0,0,0
PAL0708,11/01/2008,51,0,2,4,35,4,6,0,0,0,0
PAL0708,11/01/2008,50,0,1,0,9,26,12,1,1,0,0
PAL0708,11/01/2008,53,0,1,4,25,21,1,1,0,0,0
PAL0708,18/01/2008,50,0,2,2,24,19,3,0,0,0,0
PAL0708,18/01/2008,44,0,0,0,4,6,11,15,8,0,0
PAL0708,18/01/2008,50,0,3,0,12,33,2,0,0,0,0
PAL0708,18/01/2008,51,0,1,4,22,20,4,0,0,0,0
PAL0708,18/01/2008,44,0,0,1,3,16,16,6,1,0,1
PAL0708,27/01/2008,52,0,10,10,9,12,8,3,0,0,0
PAL0708,27/01/2008,50,0,1,3,1,12,26,6,1,0,0
PAL0708,27/01/2008,50,0,2,1,8,25,9,3,2,0,0
PAL0708,27/01/2008,51,0,0,2,8,20,13,7,1,0,0
PAL0708,27/01/2008,50,0,3,0,7,20,15,2,1,2,0
PAL0708,2/02/2008,50,0,2,12,11,13,11,1,0,0,0
PAL0708,2/02/2008,50,0,2,9,6,24,8,1,0,0,0
PAL0708,2/02/2008,51,0,0,9,10,22,10,0,0,0,0
PAL0708,2/02/2008,50,0,0,1,4,19,20,6,0,0,0
PAL0708,2/02/2008,58,1,4,9,5,20,14,5,0,0,0
PAL0809,7/01/2009,50,0,0,6,20,18,4,1,1,0,0
PAL0809,7/01/2009,50,0,0,3,8,15,15,6,3,0,0
PAL0809,19/01/2009,50,0,0,2,8,24,9,5,2,0,0
PAL0809,19/01/2009,3,0,0,1,1,1,0,0,0,0,0
PAL0809,19/01/2009,50,0,0,0,5,16,6,10,12,1,0
PAL0809,19/01/2009,52,0,0,1,17,11,5,6,8,4,0
PAL0809,19/01/2009,50,0,0,7,13,19,7,1,3,0,0
PAL0809,26/01/2009,12,0,0,1,1,2,5,2,1,0,0
PAL0809,26/01/2009,10,0,0,0,1,4,3,2,0,0,0
PAL0809,26/01/2009,6,0,0,2,3,0,1,0,0,0,0
PAL0809,26/01/2009,40,2,1,5,6,9,12,5,0,0,0
PAL0809,26/01/2009,24,0,0,0,2,6,10,6,0,0,0
PAL0809,2/02/2009,34,0,0,0,7,16,6,3,2,0,0
PAL0809,2/02/2009,40,0,0,0,2,7,10,15,5,1,0
PAL0809,2/02/2009,50,0,0,0,5,14,6,14,10,1,0
PAL0809,2/02/2009,41,0,0,0,1,5,8,18,9,0,0
PAL0809,2/02/2009,49,0,0,0,2,20,11,13,3,0,0
PAL0910,3/01/2010,22,0,0,0,1,4,6,11,0,0,0
PAL0910,3/01/2010,35,0,0,0,1,3,17,14,0,0,0
PAL0910,3/01/2010,26,0,0,0,0,5,11,9,1,0,0
PAL0910,12/01/2010,72,0,3,13,18,8,10,15,5,0,0
PAL0910,12/01/2010,40,0,0,0,0,1,18,17,4,0,0
PAL0910,12/01/2010,79,0,0,2,4,9,26,35,3,0,0
PAL0910,12/01/2010,41,0,0,1,0,4,14,16,6,0,0
PAL0910,12/01/2010,88,0,5,37,24,1,8,11,2,0,0
PAL0910,19/01/2010,88,0,0,1,3,1,19,51,13,0,0
PAL0910,19/01/2010,45,0,0,0,0,0,7,28,10,0,0
PAL0910,19/01/2010,47,0,0,0,1,3,15,23,5,0,0
PAL0910,19/01/2010,56,0,0,0,0,2,12,39,3,0,0
PAL0910,19/01/2010,53,0,0,0,0,1,14,25,12,1,0
PAL0910,26/01/2010,52,0,0,0,4,0,17,23,8,0,0
PAL0910,26/01/2010,29,0,0,1,2,0,8,14,4,0,0
PAL0910,26/01/2010,37,0,1,0,1,2,10,15,8,0,0
PAL0910,26/01/2010,29,0,0,6,5,4,3,9,2,0,0
PAL0910,26/01/2010,115,0,0,3,24,12,7,40,26,3,0
PAL0910,4/02/2010,14,0,1,3,4,1,1,3,1,0,0
PAL0910,4/02/2010,75,0,0,2,9,6,28,25,5,0,0
PAL0910,4/02/2010,99,0,1,4,16,10,11,39,18,0,0
PAL0910,4/02/2010,85,0,0,0,4,4,19,44,13,1,0
PAL0910,4/02/2010,35,0,0,3,11,2,0,14,5,0,0
PAL1011,1/01/2011,24,1,9,9,0,1,4,0,0,0,0
PAL1011,1/01/2011,1,0,0,0,0,0,0,0,0,1,0
PAL1011,1/01/2011,4,0,0,0,0,0,1,2,1,0,0
PAL1011,1/01/2011,7,0,0,0,0,0,3,1,3,0,0
PAL1011,1/01/2011,54,0,0,0,0,0,5,15,22,12,0
PAL1011,7/01/2011,1,0,0,0,0,0,0,0,1,0,0
PAL1011,7/01/2011,60,0,0,0,0,0,2,13,36,9,0
PAL1011,7/01/2011,4,0,0,0,0,0,1,1,2,0,0
PAL1011,7/01/2011,82,0,5,31,26,4,2,8,5,1,0
PAL1011,7/01/2011,65,2,12,17,5,0,10,9,9,1,0
PAL1011,15/01/2011,94,0,6,52,34,1,0,1,0,0,0
PAL1011,15/01/2011,104,0,5,21,65,4,3,1,4,1,0
PAL1011,15/01/2011,49,0,0,0,0,0,5,23,15,6,0
PAL1011,15/01/2011,55,0,4,13,11,4,6,13,4,0,0
PAL1011,15/01/2011,102,0,6,17,10,0,5,31,32,1,0
PAL1011,21/01/2011,46,0,0,17,19,4,2,2,2,0,0
PAL1011,21/01/2011,33,0,0,2,5,4,1,8,12,1,0
PAL1011,21/01/2011,95,0,2,35,44,6,2,3,2,1,0
PAL1011,21/01/2011,56,0,5,25,19,3,0,4,0,0,0
PAL1011,21/01/2011,53,0,0,3,10,3,4,14,15,4,0
PAL1011,27/01/2011,95,0,0,0,1,0,3,46,41,4,0
PAL1011,27/01/2011,10,0,1,0,0,0,0,4,5,0,0
PAL1011,27/01/2011,29,0,0,0,1,1,2,12,8,5,0
PAL1011,27/01/2011,84,0,0,9,42,7,1,17,7,1,0
PAL1011,27/01/2011,29,0,0,0,0,1,3,14,11,0,0
PAL1112,8/01/2012,46,0,0,0,5,29,12,0,0,0,0
PAL1112,8/01/2012,80,0,0,1,0,26,25,13,12,3,0
PAL1112,8/01/2012,22,0,0,0,0,3,16,1,2,0,0
PAL1112,8/01/2012,70,0,1,0,6,28,28,6,1,0,0
PAL1112,8/01/2012,52,0,0,0,1,6,29,14,1,1,0
PAL1112,19/01/2012,36,0,0,2,6,15,12,1,0,0,0
PAL1112,19/01/2012,68,0,0,0,5,24,32,7,0,0,0
PAL1112,19/01/2012,61,0,2,1,8,27,22,1,0,0,0
PAL1112,19/01/2012,55,1,2,0,8,18,20,5,1,0,0
PAL1112,19/01/2012,80,25,39,4,6,3,2,1,0,0,0
PAL1112,26/01/2012,77,0,0,0,3,28,38,8,0,0,0
PAL1112,26/01/2012,96,38,41,4,0,5,8,0,0,0,0
PAL1112,26/01/2012,105,2,1,7,22,42,27,4,0,0,0
PAL1112,26/01/2012,51,0,5,3,4,19,14,4,2,0,0
PAL1112,26/01/2012,44,1,2,3,1,22,14,1,0,0,0
PAL1213,3/01/2013,93,0,1,40,41,9,2,0,0,0,0
PAL1213,3/01/2013,75,0,1,26,43,3,2,0,0,0,0
PAL1213,3/01/2013,57,0,1,11,39,5,1,0,0,0,0
PAL1213,3/01/2013,69,0,2,21,41,4,1,0,0,0,0
PAL1213,3/01/2013,0,0,0,0,0,0,0,0,0,0,0
PAL1213,9/01/2013,101,0,2,39,50,8,0,2,0,0,0
PAL1213,9/01/2013,51,0,0,23,24,1,2,1,0,0,0
PAL1213,9/01/2013,72,1,1,24,35,10,1,0,0,0,0
PAL1213,9/01/2013,66,0,0,17,30,16,3,0,0,0,0
PAL1213,9/01/2013,113,0,0,25,52,31,5,0,0,0,0
PAL1213,16/01/2013,81,0,0,14,32,30,4,1,0,0,0
PAL1213,16/01/2013,109,0,1,37,62,7,1,1,0,0,0
PAL1213,16/01/2013,73,0,1,13,40,19,0,0,0,0,0
PAL1213,16/01/2013,54,0,0,13,37,4,0,0,0,0,0
PAL1213,16/01/2013,75,0,0,9,48,15,3,0,0,0,0
PAL1213,23/01/2013,106,0,0,10,72,15,7,2,0,0,0
PAL1213,23/01/2013,50,0,2,4,35,4,2,3,0,0,0
PAL1213,23/01/2013,108,0,0,35,57,13,3,0,0,0,0
PAL1213,23/01/2013,67,0,0,25,40,2,0,0,0,0,0
PAL1213,23/01/2013,110,0,1,34,56,17,1,1,0,0,0
PAL1213,28/01/2013,99,0,0,16,57,20,5,1,0,0,0
PAL1213,28/01/2013,85,0,0,11,54,18,1,1,0,0,0
PAL1213,28/01/2013,73,0,0,18,50,5,0,0,0,0,0
PAL1213,28/01/2013,73,0,0,18,38,13,4,0,0,0,0
PAL1213,28/01/2013,99,0,0,5,46,29,15,4,0,0,0
PAL1314,6/01/2014,0,0,0,0,0,0,0,0,0,0,0
PAL1314,6/01/2014,0,0,0,0,0,0,0,0,0,0,0
PAL1314,6/01/2014,0,0,0,0,0,0,0,0,0,0,0
PAL1314,6/01/2014,5,0,0,1,1,1,2,0,0,0,0
PAL1314,16/01/2014,51,0,1,0,1,8,22,18,1,0,0
PAL1314,16/01/2014,124,1,19,13,21,36,29,5,0,0,0
PAL1314,16/01/2014,37,0,0,2,2,14,10,9,0,0,0
PAL1314,16/01/2014,49,0,1,2,4,9,23,10,0,0,0
PAL1314,16/01/2014,48,0,0,0,4,13,22,8,1,0,0
PAL1314,22/01/2014,8,0,0,0,1,2,3,2,0,0,0
PAL1314,22/01/2014,65,0,0,0,3,6,26,23,7,0,0
PAL1314,22/01/2014,75,0,0,2,4,12,28,29,0,0,0
PAL1314,22/01/2014,79,0,10,10,9,6,30,14,0,0,0
PAL1314,22/01/2014,78,1,2,4,8,12,31,19,1,0,0
PAL1314,27/01/2014,97,0,1,2,1,6,34,49,4,0,0
PAL1314,27/01/2014,42,0,0,4,6,11,13,7,1,0,0
PAL1314,27/01/2014,66,0,3,30,16,11,4,2,0,0,0
PAL1314,27/01/2014,119,0,18,19,18,25,25,13,1,0,0
PAL1314,27/01/2014,57,0,0,0,3,7,29,18,0,0,0
PAL1314,1/02/2014,89,0,2,32,16,16,17,4,2,0,0
PAL1314,1/02/2014,114,0,0,11,8,20,36,36,2,1,0
PAL1314,1/02/2014,62,0,0,0,1,7,20,25,9,0,0
PAL1314,1/02/2014,61,0,1,24,11,8,10,6,1,0,0
PAL1314,1/02/2014,112,0,2,42,27,4,16,20,1,0,0
PAL1415,3/01/2015,88,0,0,0,1,2,20,53,12,0,0
PAL1415,3/01/2015,36,2,2,1,1,14,11,2,2,1,0
PAL1415,3/01/2015,103,1,5,0,15,36,41,5,0,0,0
PAL1415,3/01/2015,100,0,1,0,3,17,28,44,6,1,0
PAL1415,3/01/2015,64,0,0,0,1,2,6,40,15,0,0
PAL1415,11/01/2015,12,0,0,1,1,2,5,3,0,0,0
PAL1415,11/01/2015,88,0,10,23,3,12,19,21,0,0,0
PAL1415,11/01/2015,27,0,0,0,0,7,7,12,1,0,0
PAL1415,11/01/2015,108,0,0,1,0,22,49,33,3,0,0
PAL1415,11/01/2015,46,0,0,0,0,4,12,25,5,0,0
PAL1415,18/01/2015,131,0,0,1,0,8,58,59,5,0,0
PAL1415,18/01/2015,94,0,1,4,0,15,40,30,4,0,0
PAL1415,18/01/2015,40,0,0,0,1,3,19,17,0,0,0
PAL1415,18/01/2015,58,0,0,2,2,5,21,23,5,0,0
PAL1415,18/01/2015,71,0,0,1,1,11,33,22,3,0,0
PAL1415,26/01/2015,36,0,0,0,0,2,16,16,2,0,0
PAL1415,26/01/2015,86,0,1,0,0,5,30,44,6,0,0
PAL1415,26/01/2015,36,0,0,0,0,1,11,23,1,0,0
PAL1415,26/01/2015,10,0,0,0,0,0,3,6,1,0,0
PAL1415,26/01/2015,34,0,0,0,4,1,10,18,1,0,0
PAL1415,3/02/2015,199,0,0,1,0,7,87,92,12,0,0
PAL1415,3/02/2015,26,0,0,1,0,0,8,14,3,0,0
PAL1415,3/02/2015,82,0,0,0,0,3,25,43,11,0,0
PAL1415,3/02/2015,40,0,0,0,0,2,9,21,8,0,0
PAL1415,3/02/2015,24,0,0,0,0,1,14,9,0,0,0
PAL1415,9/02/2015,134,0,0,3,1,4,58,60,8,0,0
PAL1516,6/01/2016,49,0,0,0,0,0,12,18,18,1,0
PAL1516,6/01/2016,33,0,0,0,0,0,2,13,15,3,0
PAL1516,6/01/2016,99,0,0,1,1,3,30,43,19,2,0
PAL1516,6/01/2016,34,0,0,0,0,0,4,13,15,2,0
PAL1516,6/01/2016,2,0,0,0,0,0,1,0,1,0,0
PAL1516,12/01/2016,35,0,0,0,0,1,13,16,5,0,0
PAL1516,12/01/2016,70,0,0,1,0,0,7,30,29,3,0
PAL1516,12/01/2016,63,0,0,0,2,0,8,29,24,0,0
PAL1516,12/01/2016,69,0,0,2,4,0,28,28,6,1,0
PAL1516,12/01/2016,75,0,2,2,1,1,12,32,18,7,0
PAL1516,18/01/2016,90,0,1,0,0,1,18,49,20,1,0
PAL1516,18/01/2016,74,0,0,0,0,2,25,34,12,1,0
PAL1516,18/01/2016,52,3,1,1,0,0,4,13,25,5,0
PAL1516,18/01/2016,116,1,8,12,5,4,37,35,12,2,0
PAL1516,18/01/2016,83,0,0,5,4,3,15,36,15,5,0
PAL1516,25/01/2016,90,0,12,19,13,5,11,23,5,2,0
PAL1516,25/01/2016,39,0,0,1,1,1,6,15,14,1,0
PAL1516,25/01/2016,39,0,0,1,0,3,10,16,9,0,0
PAL1516,25/01/2016,25,0,0,0,0,0,1,6,18,0,0
PAL1516,25/01/2016,52,0,0,0,0,0,1,10,31,10,0
PAL1617,5/01/2017,27,0,0,0,1,3,17,4,2,0,0
PAL1617,5/01/2017,53,0,0,0,0,3,12,23,15,0,0
PAL1617,5/01/2017,56,0,0,0,0,1,27,21,7,0,0
PAL1617,5/01/2017,83,4,17,29,13,8,10,2,0,0,0
PAL1617,5/01/2017,89,0,0,1,1,6,41,28,10,2,0
PAL1617,10/01/2017,82,0,0,0,0,2,10,44,23,3,0
PAL1617,10/01/2017,73,0,3,14,12,7,18,12,6,1,0
PAL1617,10/01/2017,59,0,0,0,0,2,17,28,12,0,0
PAL1617,10/01/2017,65,0,0,0,0,1,8,30,22,4,0
PAL1617,10/01/2017,92,1,0,10,10,5,28,30,7,1,0
PAL1617,15/01/2017,91,0,0,0,4,4,40,41,2,0,0
PAL1617,15/01/2017,55,0,0,0,0,2,10,20,23,0,0
PAL1617,15/01/2017,43,0,0,0,0,4,19,19,1,0,0
PAL1617,15/01/2017,25,0,0,0,0,0,1,11,13,0,0
PAL1617,15/01/2017,61,0,0,2,0,0,18,29,12,0,0
PAL1617,22/01/2017,52,0,0,0,0,0,4,23,20,5,0
PAL1617,22/01/2017,91,0,0,0,2,1,22,32,31,3,0
PAL1617,22/01/2017,57,0,0,2,3,4,16,19,9,4,0
PAL1617,22/01/2017,56,0,0,0,1,1,9,27,18,0,0
PAL1617,22/01/2017,18,0,0,0,0,0,5,4,8,1,0
PAL1718,3/01/2018,67,0,0,0,3,23,33,6,0,2,0
PAL1718,3/01/2018,52,0,0,1,6,22,19,3,1,0,0
PAL1718,3/01/2018,52,0,0,6,16,20,9,0,1,0,0
PAL1718,3/01/2018,61,3,1,7,8,29,13,0,0,0,0
PAL1718,3/01/2018,86,0,0,1,8,51,20,5,1,0,0
PAL1718,8/01/2018,69,0,3,9,4,27,14,9,3,0,0
PAL1718,8/01/2018,41,0,0,3,1,14,13,6,4,0,0
PAL1718,8/01/2018,63,0,1,0,3,31,26,2,0,0,0
PAL1718,8/01/2018,96,2,17,23,11,28,14,0,1,0,0
PAL1718,8/01/2018,82,1,25,17,4,16,16,2,1,0,0
PAL1718,15/01/2018,64,0,0,1,1,13,39,10,0,0,0
PAL1718,15/01/2018,62,0,1,2,2,20,32,3,2,0,0
PAL1718,15/01/2018,82,0,29,21,4,12,14,1,1,0,0
PAL1718,15/01/2018,97,0,12,14,6,32,26,7,0,0,0
PAL1718,15/01/2018,50,0,0,1,0,24,23,2,0,0,0
PAL1718,23/01/2018,120,0,5,14,10,38,44,5,4,0,0
PAL1718,23/01/2018,64,0,0,0,3,19,35,7,0,0,0
PAL1718,23/01/2018,56,0,1,4,8,19,22,0,2,0,0
PAL1718,23/01/2018,132,0,11,48,16,24,25,8,0,0,0
PAL1718,23/01/2018,81,0,1,5,11,22,36,6,0,0,0
PAL1718,29/01/2018,77,0,10,31,15,9,10,2,0,0,0
PAL1718,29/01/2018,42,0,0,5,6,11,13,6,1,0,0
PAL1718,29/01/2018,67,0,1,17,23,5,20,1,0,0,0
PAL1718,29/01/2018,96,0,6,20,19,24,25,2,0,0,0
PAL1718,29/01/2018,92,0,3,21,10,19,31,8,0,0,0
